species,n_significant_pairs,n_total_pairs,pct_significant,strongest_pair,strongest_p_adjusted,strongest_effect_size
s__beta_proteobacterium_CB,6,6,100.0,Rowe_2017_hospital_wastewater vs Schulz_2017_wastewater,1.4535142124500207e-05,-1.8670855691664827
s__Flavobacterium_sp_GENT11,6,6,100.0,Rowe_2017_hospital_wastewater vs Schulz_2017_wastewater,1.4535142124500207e-05,-1.8670855691664827
s__Undibacterium_amnicola,6,6,100.0,Lekunberri_2018_river_wastewater vs Schulz_2017_wastewater,0.000315680969970418,4.890906895044611
s__Acidovorax_sp_1608163,6,6,100.0,Lekunberri_2018_river_wastewater vs Schulz_2017_wastewater,1.706071553212065e-05,6.191471364496307
s__Aeromonas_sobria,6,6,100.0,Lekunberri_2018_river_wastewater vs Schulz_2017_wastewater,1.706071553212065e-05,6.685261333841516
s__Flavobacterium_sp_GENT5,6,6,100.0,Chu_2017_sludge vs Lekunberri_2018_river_wastewater,1.4535142124500207e-05,-11.400977914689221
s__GGB69498_SGB93685,6,6,100.0,Rowe_2017_hospital_wastewater vs Schulz_2017_wastewater,1.395107013429539e-06,-2.44644591884102
s__Acinetobacter_pseudolwoffii,5,6,83.33333333333333,Chu_2017_sludge vs Schulz_2017_wastewater,3.72417837748561e-06,-1.327471555715341
s__Acinetobacter_sp_ANC_4204,5,6,83.33333333333333,Lekunberri_2018_river_wastewater vs Schulz_2017_wastewater,3.5251286208500996e-05,-4.030563151362054
s__Agrobacterium_tomkonis,5,6,83.33333333333333,Chu_2017_sludge vs Schulz_2017_wastewater,1.395107013429539e-06,-1.52685958226914
s__Acinetobacter_kyonggiensis,5,6,83.33333333333333,Rowe_2017_hospital_wastewater vs Schulz_2017_wastewater,1.4535142124500207e-05,-2.5566751939337715
s__Acidovorax_SGB22469,5,6,83.33333333333333,Rowe_2017_hospital_wastewater vs Schulz_2017_wastewater,1.395107013429539e-06,-2.5413149837527826
s__Acidovorax_facilis,5,6,83.33333333333333,Lekunberri_2018_river_wastewater vs Schulz_2017_wastewater,3.5251286208500996e-05,-2.6485175076012575
s__GGB55003_SGB76235,5,6,83.33333333333333,Rowe_2017_hospital_wastewater vs Schulz_2017_wastewater,1.4535142124500207e-05,-1.8670855691664827
s__GGB57281_SGB78792,5,6,83.33333333333333,Lekunberri_2018_river_wastewater vs Schulz_2017_wastewater,1.706071553212065e-05,9.070760857590221
s__GGB61048_SGB83097,5,6,83.33333333333333,Rowe_2017_hospital_wastewater vs Schulz_2017_wastewater,1.395107013429539e-06,-2.9640311959039636
s__GGB61782_SGB83906,5,6,83.33333333333333,Chu_2017_sludge vs Rowe_2017_hospital_wastewater,1.4535142124500207e-05,4.3562492799408385
s__GGB67319_SGB91067,5,6,83.33333333333333,Rowe_2017_hospital_wastewater vs Schulz_2017_wastewater,4.797260863174183e-06,-7.640298504434713
s__Aquirufa_antheringensis,5,6,83.33333333333333,Chu_2017_sludge vs Lekunberri_2018_river_wastewater,7.323073104008465e-06,-12.456142467280879
s__Simplicispira_sp_110,5,6,83.33333333333333,Rowe_2017_hospital_wastewater vs Schulz_2017_wastewater,0.003219932995171859,-0.687333932710319
s__GGB75611_SGB103138,5,6,83.33333333333333,Rowe_2017_hospital_wastewater vs Schulz_2017_wastewater,1.395107013429539e-06,-2.455677064415876
s__Candidatus_Syntrophosphaera_thermopropionivorans,5,6,83.33333333333333,Rowe_2017_hospital_wastewater vs Schulz_2017_wastewater,1.4535142124500207e-05,-2.134882725794006
s__Candidatus_Fonsibacter_ubiquis,5,6,83.33333333333333,Chu_2017_sludge vs Lekunberri_2018_river_wastewater,1.395107013429539e-06,-11.569866053946356
s__Polynucleobacter_sp_31A_FELB,5,6,83.33333333333333,Chu_2017_sludge vs Lekunberri_2018_river_wastewater,6.127767296967187e-06,-11.00548615129346
s__Polynucleobacter_sp_78F_HAINBA,5,6,83.33333333333333,Lekunberri_2018_river_wastewater vs Schulz_2017_wastewater,1.706071553212065e-05,9.557845980757618
s__Polynucleobacter_sp_AM_26B4,5,6,83.33333333333333,Chu_2017_sludge vs Lekunberri_2018_river_wastewater,1.395107013429539e-06,-11.82007152273336
s__Candidatus_Velamenicoccus_archaeovorus,5,6,83.33333333333333,Rowe_2017_hospital_wastewater vs Schulz_2017_wastewater,1.4535142124500207e-05,-1.8670855691664827
s__Polynucleobacter_sp_es_MAR_4,5,6,83.33333333333333,Chu_2017_sludge vs Lekunberri_2018_river_wastewater,1.395107013429539e-06,-11.642196617787297
s__Polynucleobacter_yangtzensis,5,6,83.33333333333333,Lekunberri_2018_river_wastewater vs Schulz_2017_wastewater,1.706071553212065e-05,11.231375828948105
s__Polynucleobacter_asymbioticus,5,6,83.33333333333333,Chu_2017_sludge vs Lekunberri_2018_river_wastewater,1.395107013429539e-06,-10.55346534173305
s__Polynucleobacter_cosmopolitanus,5,6,83.33333333333333,Chu_2017_sludge vs Lekunberri_2018_river_wastewater,1.395107013429539e-06,-11.559815822501173
s__Polynucleobacter_difficilis,5,6,83.33333333333333,Chu_2017_sludge vs Lekunberri_2018_river_wastewater,1.395107013429539e-06,-10.685140413279793
s__Polynucleobacter_sp_30F_ANTBAC,5,6,83.33333333333333,Rowe_2017_hospital_wastewater vs Schulz_2017_wastewater,1.4535142124500207e-05,-1.8670855691664827
s__Pseudomonas_aeruginosa,5,6,83.33333333333333,Chu_2017_sludge vs Schulz_2017_wastewater,1.395107013429539e-06,-1.52685958226914
s__Candidatus_Planktophila_limnetica,5,6,83.33333333333333,Chu_2017_sludge vs Lekunberri_2018_river_wastewater,1.395107013429539e-06,-10.521282560398495
s__Candidatus_Planktophila_sulfonica,5,6,83.33333333333333,Chu_2017_sludge vs Lekunberri_2018_river_wastewater,1.395107013429539e-06,-13.298077075555076
s__Candidatus_Planktophila_vernalis,5,6,83.33333333333333,Chu_2017_sludge vs Lekunberri_2018_river_wastewater,1.395107013429539e-06,-11.593525382794116
s__GGB46527_SGB64388,5,6,83.33333333333333,Chu_2017_sludge vs Lekunberri_2018_river_wastewater,1.395107013429539e-06,-11.366312355273063
s__GGB46797_SGB64687,5,6,83.33333333333333,Chu_2017_sludge vs Lekunberri_2018_river_wastewater,1.395107013429539e-06,-11.605975696310553
s__GGB47282_SGB65238,5,6,83.33333333333333,Chu_2017_sludge vs Schulz_2017_wastewater,1.395107013429539e-06,-1.52685958226914
s__GGB46525_SGB64386,5,6,83.33333333333333,Chu_2017_sludge vs Lekunberri_2018_river_wastewater,1.395107013429539e-06,-12.093726149674866
s__GGB44499_SGB61930,5,6,83.33333333333333,Rowe_2017_hospital_wastewater vs Schulz_2017_wastewater,1.395107013429539e-06,-2.300974581969692
s__GGB47559_SGB65524,5,6,83.33333333333333,Rowe_2017_hospital_wastewater vs Schulz_2017_wastewater,1.4535142124500207e-05,-1.8670855691664827
s__GGB46018_SGB63757,5,6,83.33333333333333,Rowe_2017_hospital_wastewater vs Schulz_2017_wastewater,1.4535142124500207e-05,-1.8670855691664827
s__GGB46168_SGB63936,5,6,83.33333333333333,Rowe_2017_hospital_wastewater vs Schulz_2017_wastewater,1.395107013429539e-06,-2.341790055236495
s__GGB45669_SGB63385,5,6,83.33333333333333,Rowe_2017_hospital_wastewater vs Schulz_2017_wastewater,1.395107013429539e-06,-2.3945771363655513
s__GGB96995_SGB136899,5,6,83.33333333333333,Chu_2017_sludge vs Schulz_2017_wastewater,1.395107013429539e-06,-1.52685958226914
s__Lactococcus_lactis,5,6,83.33333333333333,Chu_2017_sludge vs Lekunberri_2018_river_wastewater,2.1583276503398367e-05,4.966000826515494
s__Lelliottia_amnigena,5,6,83.33333333333333,Lekunberri_2018_river_wastewater vs Schulz_2017_wastewater,3.5251286208500996e-05,-2.6485175076012575
s__Jeotgalibaca_porci,5,6,83.33333333333333,Chu_2017_sludge vs Schulz_2017_wastewater,1.395107013429539e-06,-1.52685958226914
s__Kaistella_chaponensis,5,6,83.33333333333333,Rowe_2017_hospital_wastewater vs Schulz_2017_wastewater,1.4535142124500207e-05,-1.8670855691664827
s__Dechloromonas_sp_H13,5,6,83.33333333333333,Chu_2017_sludge vs Schulz_2017_wastewater,3.5251286208500996e-05,-0.6838390075241386
s__Deefgea_tanakiae,5,6,83.33333333333333,Chu_2017_sludge vs Schulz_2017_wastewater,1.1134584905121359e-05,-0.992965345953336
s__Epilithonimonas_hominis,5,6,83.33333333333333,Lekunberri_2018_river_wastewater vs Schulz_2017_wastewater,3.5251286208500996e-05,-3.3483278389864073
s__Diaphorobacter_nitroreducens,5,6,83.33333333333333,Chu_2017_sludge vs Schulz_2017_wastewater,1.395107013429539e-06,-1.52685958226914
s__Flavobacterium_aquatile,5,6,83.33333333333333,Rowe_2017_hospital_wastewater vs Schulz_2017_wastewater,7.589341837968856e-05,-1.5004017493835984
s__Flavobacterium_cheniae,5,6,83.33333333333333,Lekunberri_2018_river_wastewater vs Schulz_2017_wastewater,1.706071553212065e-05,-3.164596142201277
s__Candidatus_Megaira_endosymbiont_of_Carteria_cerasiformis,5,6,83.33333333333333,Lekunberri_2018_river_wastewater vs Schulz_2017_wastewater,1.706071553212065e-05,9.084794143549471
s__Candidatus_Methylopumilus_universalis,5,6,83.33333333333333,Chu_2017_sludge vs Lekunberri_2018_river_wastewater,1.395107013429539e-06,-11.950345822151112
s__Candidatus_Nanopelagicus_SGB64093,5,6,83.33333333333333,Chu_2017_sludge vs Lekunberri_2018_river_wastewater,1.395107013429539e-06,-10.42124320346786
s__Brucella_anthropi,5,6,83.33333333333333,Chu_2017_sludge vs Schulz_2017_wastewater,1.395107013429539e-06,-1.52685958226914
s__Burkholderiales_unclassified_SGB103074,5,6,83.33333333333333,Chu_2017_sludge vs Schulz_2017_wastewater,1.395107013429539e-06,-1.6608777904161147
s__Caedimonas_varicaedens,5,6,83.33333333333333,Lekunberri_2018_river_wastewater vs Schulz_2017_wastewater,1.706071553212065e-05,6.366052257827906
s__GGB41796_SGB58890,5,6,83.33333333333333,Chu_2017_sludge vs Schulz_2017_wastewater,1.395107013429539e-06,-2.557010331922764
s__GGB41806_SGB58900,5,6,83.33333333333333,Rowe_2017_hospital_wastewater vs Schulz_2017_wastewater,1.395107013429539e-06,-2.9222884840222276
s__GGB42087_SGB59228,5,6,83.33333333333333,Rowe_2017_hospital_wastewater vs Schulz_2017_wastewater,1.4535142124500207e-05,-1.8670855691664827
s__Polynucleobacter_sp_AP_Ainpum_60_G11,5,6,83.33333333333333,Chu_2017_sludge vs Lekunberri_2018_river_wastewater,1.395107013429539e-06,-12.001949363934218
s__Polynucleobacter_sp_MWH_CaK5,5,6,83.33333333333333,Chu_2017_sludge vs Lekunberri_2018_river_wastewater,1.395107013429539e-06,-11.95784177016077
s__Polynucleobacter_sp_MWH_Jannik1A5,5,6,83.33333333333333,Chu_2017_sludge vs Lekunberri_2018_river_wastewater,1.395107013429539e-06,-11.19004438513169
s__GGB42932_SGB60155,5,6,83.33333333333333,Chu_2017_sludge vs Schulz_2017_wastewater,1.395107013429539e-06,-1.52685958226914
s__GGB42856_SGB80180,5,6,83.33333333333333,Rowe_2017_hospital_wastewater vs Schulz_2017_wastewater,1.4535142124500207e-05,-1.8670855691664827
s__GGB43987_SGB61359,5,6,83.33333333333333,Chu_2017_sludge vs Schulz_2017_wastewater,1.395107013429539e-06,-1.52685958226914
s__GGB28569_SGB41182,5,6,83.33333333333333,Chu_2017_sludge vs Schulz_2017_wastewater,1.395107013429539e-06,-1.52685958226914
s__GGB35206_SGB49924,5,6,83.33333333333333,Rowe_2017_hospital_wastewater vs Schulz_2017_wastewater,1.395107013429539e-06,-2.3849742976835615
s__GGB30069_SGB42979,5,6,83.33333333333333,Chu_2017_sludge vs Schulz_2017_wastewater,1.395107013429539e-06,-1.52685958226914
s__GGB29038_SGB41759,5,6,83.33333333333333,Chu_2017_sludge vs Schulz_2017_wastewater,1.395107013429539e-06,-1.52685958226914
s__GGB28570_SGB41183,5,6,83.33333333333333,Chu_2017_sludge vs Schulz_2017_wastewater,1.395107013429539e-06,-1.52685958226914
s__GGB28528_SGB41128,5,6,83.33333333333333,Chu_2017_sludge vs Schulz_2017_wastewater,1.395107013429539e-06,-1.52685958226914
s__GGB34383_SGB60872,5,6,83.33333333333333,Chu_2017_sludge vs Lekunberri_2018_river_wastewater,1.395107013429539e-06,-10.78772877395686
s__GGB34754_SGB82226,5,6,83.33333333333333,Chu_2017_sludge vs Lekunberri_2018_river_wastewater,1.395107013429539e-06,-11.364396895747786
s__GGB25206_SGB41973,5,6,83.33333333333333,Chu_2017_sludge vs Schulz_2017_wastewater,1.395107013429539e-06,-1.52685958226914
s__GGB25207_SGB41980,5,6,83.33333333333333,Chu_2017_sludge vs Schulz_2017_wastewater,1.395107013429539e-06,-1.52685958226914
s__GGB38373_SGB52357,5,6,83.33333333333333,Chu_2017_sludge vs Lekunberri_2018_river_wastewater,1.395107013429539e-06,-10.2570160293365
s__GGB32215_SGB37143,5,6,83.33333333333333,Chu_2017_sludge vs Schulz_2017_wastewater,1.395107013429539e-06,-1.52685958226914
s__GGB29233_SGB41982,5,6,83.33333333333333,Chu_2017_sludge vs Schulz_2017_wastewater,1.395107013429539e-06,-1.52685958226914
s__Flavobacterium_inviolabile,5,6,83.33333333333333,Lekunberri_2018_river_wastewater vs Schulz_2017_wastewater,3.5251286208500996e-05,-2.6485175076012575
s__GGB25206_SGB37138,5,6,83.33333333333333,Chu_2017_sludge vs Schulz_2017_wastewater,1.395107013429539e-06,-1.52685958226914
s__GGB15004_SGB62020,5,6,83.33333333333333,Rowe_2017_hospital_wastewater vs Schulz_2017_wastewater,1.395107013429539e-06,-2.5782229738861293
s__Neglectibacter_timonensis,5,6,83.33333333333333,Lekunberri_2018_river_wastewater vs Schulz_2017_wastewater,3.5251286208500996e-05,-2.6485175076012575
s__Flavobacterium_dankookense,5,6,83.33333333333333,Rowe_2017_hospital_wastewater vs Schulz_2017_wastewater,1.395107013429539e-06,-3.296180338546609
s__Flavobacterium_franklandianum,5,6,83.33333333333333,Rowe_2017_hospital_wastewater vs Schulz_2017_wastewater,1.395107013429539e-06,-2.704361231900919
s__GGB23787_SGB63754,5,6,83.33333333333333,Rowe_2017_hospital_wastewater vs Schulz_2017_wastewater,1.395107013429539e-06,-2.2965240386617554
s__GGB24445_SGB36288,5,6,83.33333333333333,Rowe_2017_hospital_wastewater vs Schulz_2017_wastewater,1.4535142124500207e-05,-1.8670855691664827
s__GGB24645_SGB36508,5,6,83.33333333333333,Rowe_2017_hospital_wastewater vs Schulz_2017_wastewater,1.395107013429539e-06,-2.2181843903200904
s__GGB24669_SGB36543,5,6,83.33333333333333,Lekunberri_2018_river_wastewater vs Schulz_2017_wastewater,1.706071553212065e-05,-4.02295762728903
s__GGB24759_SGB36651,5,6,83.33333333333333,Lekunberri_2018_river_wastewater vs Schulz_2017_wastewater,3.5251286208500996e-05,-2.6485175076012575
s__GGB24856_SGB81948,5,6,83.33333333333333,Chu_2017_sludge vs Lekunberri_2018_river_wastewater,1.395107013429539e-06,-11.759557819088835
s__GGB25836_SGB37823,5,6,83.33333333333333,Rowe_2017_hospital_wastewater vs Schulz_2017_wastewater,1.4535142124500207e-05,-1.8670855691664827
s__GGB26186_SGB38199,5,6,83.33333333333333,Chu_2017_sludge vs Schulz_2017_wastewater,1.5394049266522841e-07,-2.163914876581459
s__GGB26464_SGB38629,5,6,83.33333333333333,Rowe_2017_hospital_wastewater vs Schulz_2017_wastewater,1.4535142124500207e-05,-2.0047873348836847
s__GGB32489_SGB48813,5,6,83.33333333333333,Chu_2017_sludge vs Lekunberri_2018_river_wastewater,1.395107013429539e-06,-10.484163293136428
s__GGB25250_SGB37186,5,6,83.33333333333333,Chu_2017_sludge vs Schulz_2017_wastewater,1.395107013429539e-06,-1.52685958226914
s__GGB25251_SGB37187,5,6,83.33333333333333,Chu_2017_sludge vs Schulz_2017_wastewater,1.395107013429539e-06,-1.52685958226914
s__GGB28494_SGB41084,5,6,83.33333333333333,Chu_2017_sludge vs Schulz_2017_wastewater,1.395107013429539e-06,-1.52685958226914
s__GGB27181_SGB39400,5,6,83.33333333333333,Chu_2017_sludge vs Schulz_2017_wastewater,1.395107013429539e-06,-1.52685958226914
s__GGB25723_SGB84803,5,6,83.33333333333333,Chu_2017_sludge vs Lekunberri_2018_river_wastewater,1.395107013429539e-06,-10.442614200589617
s__Limnohabitans_sp_2KL_3,5,6,83.33333333333333,Chu_2017_sludge vs Lekunberri_2018_river_wastewater,1.395107013429539e-06,-12.150485467903742
s__Limnohabitans_sp_63ED37_2,5,6,83.33333333333333,Chu_2017_sludge vs Lekunberri_2018_river_wastewater,1.395107013429539e-06,-12.938275358248148
s__GGB25723_SGB106723,5,6,83.33333333333333,Chu_2017_sludge vs Lekunberri_2018_river_wastewater,1.395107013429539e-06,-11.049911816477138
s__Limnohabitans_sp_Hippo3,5,6,83.33333333333333,Chu_2017_sludge vs Lekunberri_2018_river_wastewater,1.395107013429539e-06,-10.557510189276668
s__Limnohabitans_sp_Rim11,5,6,83.33333333333333,Chu_2017_sludge vs Lekunberri_2018_river_wastewater,1.395107013429539e-06,-12.148338978655294
s__Limnohabitans_sp_Rim47,5,6,83.33333333333333,Chu_2017_sludge vs Lekunberri_2018_river_wastewater,1.395107013429539e-06,-14.9070593925954
s__GGB26945_SGB39146,5,6,83.33333333333333,Chu_2017_sludge vs Schulz_2017_wastewater,1.253880227879777e-05,-1.162375076203722
s__Mesotoga_prima,5,6,83.33333333333333,Rowe_2017_hospital_wastewater vs Schulz_2017_wastewater,1.4535142124500207e-05,-1.8670855691664827
s__Methanocorpusculum_bavaricum,5,6,83.33333333333333,Lekunberri_2018_river_wastewater vs Schulz_2017_wastewater,3.5251286208500996e-05,-2.6485175076012575
s__Methanoculleus_SGB45879,5,6,83.33333333333333,Rowe_2017_hospital_wastewater vs Schulz_2017_wastewater,1.4535142124500207e-05,-1.8670855691664827
s__Limnohabitans_sp_G3_2,5,6,83.33333333333333,Chu_2017_sludge vs Lekunberri_2018_river_wastewater,1.395107013429539e-06,-12.506717978974402
s__Limnohabitans_parvus,5,6,83.33333333333333,Chu_2017_sludge vs Lekunberri_2018_river_wastewater,6.127767296967187e-06,-11.292711077104698
s__Limnohabitans_sp_2KL_27,5,6,83.33333333333333,Chu_2017_sludge vs Lekunberri_2018_river_wastewater,1.395107013429539e-06,-11.25892448740389
s__Sphingorhabdus_lacus,5,6,83.33333333333333,Chu_2017_sludge vs Lekunberri_2018_river_wastewater,5.1539004057810436e-06,-9.320064011962653
s__Sphaerochaeta_globosa,5,6,83.33333333333333,Chu_2017_sludge vs Schulz_2017_wastewater,2.1583276503398367e-05,-0.9111236669902919
s__Sphingorhabdus_rigui,5,6,83.33333333333333,Chu_2017_sludge vs Lekunberri_2018_river_wastewater,1.7258327906934813e-06,-13.09051444438799
s__Thermomonas_beijingensis,5,6,83.33333333333333,Rowe_2017_hospital_wastewater vs Schulz_2017_wastewater,1.395107013429539e-06,-2.5181807773689737
s__Stenotrophomonas_maltophilia,5,6,83.33333333333333,Chu_2017_sludge vs Schulz_2017_wastewater,1.395107013429539e-06,-1.52685958226914
s__GGB70913_SGB95372,5,6,83.33333333333333,Rowe_2017_hospital_wastewater vs Schulz_2017_wastewater,1.395107013429539e-06,-2.8722619743479054
s__GGB73886_SGB39359,5,6,83.33333333333333,Rowe_2017_hospital_wastewater vs Schulz_2017_wastewater,1.4535142124500207e-05,-1.8670855691664827
s__Bacteroides_intestinalis,5,6,83.33333333333333,Lekunberri_2018_river_wastewater vs Schulz_2017_wastewater,3.5251286208500996e-05,-2.6485175076012575
s__Arenimonas_maotaiensis,5,6,83.33333333333333,Rowe_2017_hospital_wastewater vs Schulz_2017_wastewater,1.4535142124500207e-05,-1.8670855691664827
s__Pseudomonas_simiae,5,6,83.33333333333333,Lekunberri_2018_river_wastewater vs Schulz_2017_wastewater,3.5251286208500996e-05,-2.6485175076012575
s__Pseudomonas_sp_DG56_2,5,6,83.33333333333333,Chu_2017_sludge vs Schulz_2017_wastewater,1.395107013429539e-06,-1.52685958226914
s__Bosea_sp_47_2_35,5,6,83.33333333333333,Chu_2017_sludge vs Schulz_2017_wastewater,1.395107013429539e-06,-1.52685958226914
s__Raoultella_terrigena,5,6,83.33333333333333,Lekunberri_2018_river_wastewater vs Schulz_2017_wastewater,3.5251286208500996e-05,-2.6485175076012575
s__Sarcina_sp_DSM_11001,5,6,83.33333333333333,Chu_2017_sludge vs Schulz_2017_wastewater,1.395107013429539e-06,-1.52685958226914
s__Ruminococcus_gnavus,4,6,66.66666666666667,Lekunberri_2018_river_wastewater vs Schulz_2017_wastewater,3.5251286208500996e-05,-2.6485175076012575
s__Ruminococcus_torques,4,6,66.66666666666667,Lekunberri_2018_river_wastewater vs Schulz_2017_wastewater,1.706071553212065e-05,-3.1344386193548126
s__Ruthenibacterium_lactatiformans,4,6,66.66666666666667,Lekunberri_2018_river_wastewater vs Schulz_2017_wastewater,3.5251286208500996e-05,-2.6485175076012575
s__Salmonella_enterica,4,6,66.66666666666667,Chu_2017_sludge vs Schulz_2017_wastewater,1.395107013429539e-06,-1.52685958226914
s__Schaalia_sp_JY_X169,4,6,66.66666666666667,Rowe_2017_hospital_wastewater vs Schulz_2017_wastewater,7.589341837968856e-05,-1.4286962248916786
s__Rhodoferax_sp_TS_BS_61_7,4,6,66.66666666666667,Chu_2017_sludge vs Schulz_2017_wastewater,0.00013570739929077204,-0.6077592051865964
s__Romboutsia_timonensis,4,6,66.66666666666667,Chu_2017_sludge vs Schulz_2017_wastewater,1.395107013429539e-06,-2.063170832439723
s__Ruminococcus_bicirculans,4,6,66.66666666666667,Lekunberri_2018_river_wastewater vs Schulz_2017_wastewater,1.706071553212065e-05,-3.0420830677674275
s__Psychrobacter_fulvigenes,4,6,66.66666666666667,Chu_2017_sludge vs Schulz_2017_wastewater,1.395107013429539e-06,-1.52685958226914
s__Psychrobacter_pasteurii,4,6,66.66666666666667,Chu_2017_sludge vs Schulz_2017_wastewater,1.395107013429539e-06,-1.52685958226914
s__Qipengyuania_aerophila,4,6,66.66666666666667,Chu_2017_sludge vs Schulz_2017_wastewater,1.395107013429539e-06,-1.52685958226914
s__Ralstonia_pickettii,4,6,66.66666666666667,Lekunberri_2018_river_wastewater vs Schulz_2017_wastewater,3.5251286208500996e-05,-2.6485175076012575
s__Rhodocyclaceae_bacterium,4,6,66.66666666666667,Rowe_2017_hospital_wastewater vs Schulz_2017_wastewater,1.395107013429539e-06,-2.604021454972643
s__Pseudomonas_protegens,4,6,66.66666666666667,Chu_2017_sludge vs Schulz_2017_wastewater,1.395107013429539e-06,-1.52685958226914
s__Pseudomonas_putida,4,6,66.66666666666667,Lekunberri_2018_river_wastewater vs Schulz_2017_wastewater,3.5251286208500996e-05,-2.6485175076012575
s__Pseudomonas_veronii,4,6,66.66666666666667,Lekunberri_2018_river_wastewater vs Schulz_2017_wastewater,3.5251286208500996e-05,-2.6485175076012575
s__Pseudoxanthomonas_mexicana,4,6,66.66666666666667,Lekunberri_2018_river_wastewater vs Schulz_2017_wastewater,3.5251286208500996e-05,-2.6485175076012575
s__Bifidobacterium_minimum,4,6,66.66666666666667,Chu_2017_sludge vs Schulz_2017_wastewater,1.395107013429539e-06,-1.52685958226914
s__Brachymonas_denitrificans,4,6,66.66666666666667,Chu_2017_sludge vs Schulz_2017_wastewater,1.395107013429539e-06,-1.52685958226914
s__Bacteroides_propionicifaciens,4,6,66.66666666666667,Chu_2017_sludge vs Schulz_2017_wastewater,1.395107013429539e-06,-1.52685958226914
s__Bifidobacterium_merycicum,4,6,66.66666666666667,Chu_2017_sludge vs Schulz_2017_wastewater,1.395107013429539e-06,-1.52685958226914
s__Bacteroides_eggerthii,4,6,66.66666666666667,Chu_2017_sludge vs Lekunberri_2018_river_wastewater,1.706071553212065e-05,5.325605878820722
s__Bacteroides_luti,4,6,66.66666666666667,Rowe_2017_hospital_wastewater vs Schulz_2017_wastewater,1.4535142124500207e-05,-1.8670855691664827
s__Arcobacter_acticola,4,6,66.66666666666667,Chu_2017_sludge vs Rowe_2017_hospital_wastewater,2.2643635148612545e-07,7.60536632474758
s__Proteus_mirabilis,4,6,66.66666666666667,Chu_2017_sludge vs Schulz_2017_wastewater,1.395107013429539e-06,-1.52685958226914
s__GGB75190_SGB103598,4,6,66.66666666666667,Rowe_2017_hospital_wastewater vs Schulz_2017_wastewater,1.4535142124500207e-05,-1.8670855691664827
s__GGB75193_SGB103433,4,6,66.66666666666667,Chu_2017_sludge vs Schulz_2017_wastewater,5.725702517862593e-07,-1.7803520865258389
s__GGB75253_SGB103519,4,6,66.66666666666667,Chu_2017_sludge vs Schulz_2017_wastewater,1.5394049266522841e-07,-2.8559338160144914
s__GGB75286_SGB102868,4,6,66.66666666666667,Chu_2017_sludge vs Schulz_2017_wastewater,1.5394049266522841e-07,-2.162478636376698
s__GGB74484_SGB51879,4,6,66.66666666666667,Chu_2017_sludge vs Schulz_2017_wastewater,9.883170899210482e-06,-0.949847948379393
s__GGB75160_SGB103632,4,6,66.66666666666667,Chu_2017_sludge vs Schulz_2017_wastewater,5.070679804544101e-08,-6.281959832648161
s__Tessaracoccus_sp_MC1627,4,6,66.66666666666667,Lekunberri_2018_river_wastewater vs Schulz_2017_wastewater,1.706071553212065e-05,-3.069562634156155
s__Thauera_phenylacetica,4,6,66.66666666666667,Chu_2017_sludge vs Schulz_2017_wastewater,3.5251286208500996e-05,-0.8349769714735834
s__Thauera_terpenica,4,6,66.66666666666667,Lekunberri_2018_river_wastewater vs Schulz_2017_wastewater,1.706071553212065e-05,-3.188700968975112
s__Thermomonas_SGB62036,4,6,66.66666666666667,Chu_2017_sludge vs Schulz_2017_wastewater,1.5394049266522841e-07,-2.215842921096807
s__Thioploca_ingrica,4,6,66.66666666666667,Chu_2017_sludge vs Schulz_2017_wastewater,1.1134584905121359e-05,-0.998870407034964
s__Stenotrophomonas_rhizophila,4,6,66.66666666666667,Lekunberri_2018_river_wastewater vs Schulz_2017_wastewater,3.5251286208500996e-05,-2.6485175076012575
s__Sulfitobacter_litoralis,4,6,66.66666666666667,Chu_2017_sludge vs Schulz_2017_wastewater,1.395107013429539e-06,-1.52685958226914
s__Sulfuricaulis_limicola,4,6,66.66666666666667,Rowe_2017_hospital_wastewater vs Schulz_2017_wastewater,1.4535142124500207e-05,-1.8670855691664827
s__Sphaerochaeta_associata,4,6,66.66666666666667,Lekunberri_2018_river_wastewater vs Schulz_2017_wastewater,3.5251286208500996e-05,-2.6485175076012575
s__Sphingobium_xenophagum,4,6,66.66666666666667,Lekunberri_2018_river_wastewater vs Schulz_2017_wastewater,3.5251286208500996e-05,-2.6485175076012575
s__Staphylococcus_aureus,4,6,66.66666666666667,Chu_2017_sludge vs Schulz_2017_wastewater,1.395107013429539e-06,-1.52685958226914
s__Staphylococcus_saccharolyticus,4,6,66.66666666666667,Chu_2017_sludge vs Schulz_2017_wastewater,1.395107013429539e-06,-1.52685958226914
s__Serratia_proteamaculans,4,6,66.66666666666667,Chu_2017_sludge vs Schulz_2017_wastewater,1.395107013429539e-06,-1.52685958226914
s__Serratia_sp_PL17,4,6,66.66666666666667,Chu_2017_sludge vs Schulz_2017_wastewater,1.395107013429539e-06,-1.52685958226914
s__Shewanella_putrefaciens,4,6,66.66666666666667,Chu_2017_sludge vs Schulz_2017_wastewater,1.8287912113979763e-05,-1.8927685009952948
s__Shewanella_xiamenensis,4,6,66.66666666666667,Chu_2017_sludge vs Schulz_2017_wastewater,4.933836364631628e-05,-1.1706195741431198
s__Simplicispira_SGB61893,4,6,66.66666666666667,Rowe_2017_hospital_wastewater vs Schulz_2017_wastewater,1.4535142124500207e-05,-2.023754225566112
s__Thiothrix_unzii,4,6,66.66666666666667,Rowe_2017_hospital_wastewater vs Schulz_2017_wastewater,1.395107013429539e-06,-2.3287444494604297
s__Nitrosomonas_oligotropha,4,6,66.66666666666667,Rowe_2017_hospital_wastewater vs Schulz_2017_wastewater,1.395107013429539e-06,-3.9697333658893976
s__Nitrosomonas_sp_PY1,4,6,66.66666666666667,Chu_2017_sludge vs Schulz_2017_wastewater,1.5394049266522841e-07,-2.8012104638308757
s__Nitrospira_defluvii,4,6,66.66666666666667,Chu_2017_sludge vs Schulz_2017_wastewater,8.484581832311326e-08,-2.7144316273950597
s__GGB26682_SGB64469,4,6,66.66666666666667,Chu_2017_sludge vs Schulz_2017_wastewater,5.070679804544101e-08,-9.894769668665544
s__GGB27187_SGB39409,4,6,66.66666666666667,Chu_2017_sludge vs Schulz_2017_wastewater,1.395107013429539e-06,-1.52685958226914
s__GGB27302_SGB39542,4,6,66.66666666666667,Chu_2017_sludge vs Schulz_2017_wastewater,1.395107013429539e-06,-1.52685958226914
s__GGB27469_SGB39758,4,6,66.66666666666667,Chu_2017_sludge vs Schulz_2017_wastewater,1.395107013429539e-06,-1.52685958226914
s__GGB25734_SGB37713,4,6,66.66666666666667,Lekunberri_2018_river_wastewater vs Schulz_2017_wastewater,3.5251286208500996e-05,-2.6485175076012575
s__GGB25847_SGB37835,4,6,66.66666666666667,Rowe_2017_hospital_wastewater vs Schulz_2017_wastewater,1.395107013429539e-06,-2.4329560311738896
s__GGB26653_SGB38834,4,6,66.66666666666667,Lekunberri_2018_river_wastewater vs Schulz_2017_wastewater,3.5251286208500996e-05,-2.6485175076012575
s__GGB25349_SGB37288,4,6,66.66666666666667,Chu_2017_sludge vs Schulz_2017_wastewater,1.395107013429539e-06,-1.52685958226914
s__Denitrificimonas_caeni,4,6,66.66666666666667,Lekunberri_2018_river_wastewater vs Schulz_2017_wastewater,1.706071553212065e-05,-3.124705671997263
s__GGB24641_SGB36504,4,6,66.66666666666667,Rowe_2017_hospital_wastewater vs Schulz_2017_wastewater,1.4535142124500207e-05,-1.8670855691664827
s__GGB24643_SGB36506,4,6,66.66666666666667,Lekunberri_2018_river_wastewater vs Schulz_2017_wastewater,3.5251286208500996e-05,-2.6485175076012575
s__GGB15867_SGB24119,4,6,66.66666666666667,Rowe_2017_hospital_wastewater vs Schulz_2017_wastewater,1.4535142124500207e-05,-1.8670855691664827
s__GGB16996_SGB25597,4,6,66.66666666666667,Chu_2017_sludge vs Schulz_2017_wastewater,2.7531549447528024e-05,-0.2096395035619606
s__GGB23780_SGB65296,4,6,66.66666666666667,Chu_2017_sludge vs Rowe_2017_hospital_wastewater,4.288500044021148e-06,6.6761620825638435
s__GGB24172_SGB35979,4,6,66.66666666666667,Chu_2017_sludge vs Schulz_2017_wastewater,8.484581832311326e-08,-3.8867476118749282
s__GGB24373_SGB36211,4,6,66.66666666666667,Rowe_2017_hospital_wastewater vs Schulz_2017_wastewater,1.4535142124500207e-05,-2.01505564257928
s__GGB24407_SGB36248,4,6,66.66666666666667,Chu_2017_sludge vs Schulz_2017_wastewater,5.070679804544101e-08,-7.865215804754754
s__Flavobacterium_sp_HXWNR29,4,6,66.66666666666667,Chu_2017_sludge vs Rowe_2017_hospital_wastewater,3.554164767551127e-05,5.137748980462463
s__Flavobacterium_supellecticarium,4,6,66.66666666666667,Chu_2017_sludge vs Schulz_2017_wastewater,1.395107013429539e-06,-1.52685958226914
s__Fluviibacter_phosphoraccumulans,4,6,66.66666666666667,Lekunberri_2018_river_wastewater vs Schulz_2017_wastewater,1.706071553212065e-05,11.086301784546636
s__Flavobacterium_collinsii,4,6,66.66666666666667,Rowe_2017_hospital_wastewater vs Schulz_2017_wastewater,1.4535142124500207e-05,-1.8670855691664827
s__Flavobacterium_microcysteis,4,6,66.66666666666667,Chu_2017_sludge vs Schulz_2017_wastewater,1.395107013429539e-06,-1.52685958226914
s__Flavobacterium_oncorhynchi,4,6,66.66666666666667,Lekunberri_2018_river_wastewater vs Schulz_2017_wastewater,3.5251286208500996e-05,-2.6485175076012575
s__Oliverpabstia_intestinalis,4,6,66.66666666666667,Lekunberri_2018_river_wastewater vs Schulz_2017_wastewater,0.0002718629836916699,-2.655495697873392
s__Oscillospiraceae_bacterium_CLA_AA_H250,4,6,66.66666666666667,Lekunberri_2018_river_wastewater vs Schulz_2017_wastewater,3.5251286208500996e-05,-2.6485175076012575
s__Methylorubrum_extorquens,4,6,66.66666666666667,Chu_2017_sludge vs Schulz_2017_wastewater,1.395107013429539e-06,-1.52685958226914
s__Mycolicibacterium_SGB15729,4,6,66.66666666666667,Chu_2017_sludge vs Schulz_2017_wastewater,1.395107013429539e-06,-1.52685958226914
s__GGB25377_SGB37325,4,6,66.66666666666667,Chu_2017_sludge vs Schulz_2017_wastewater,1.395107013429539e-06,-1.52685958226914
s__GGB25411_SGB37363,4,6,66.66666666666667,Chu_2017_sludge vs Schulz_2017_wastewater,1.395107013429539e-06,-1.52685958226914
s__GGB25454_SGB37409,4,6,66.66666666666667,Chu_2017_sludge vs Schulz_2017_wastewater,1.395107013429539e-06,-1.52685958226914
s__GGB25583_SGB37553,4,6,66.66666666666667,Chu_2017_sludge vs Schulz_2017_wastewater,1.395107013429539e-06,-1.52685958226914
s__GGB25719_SGB61051,4,6,66.66666666666667,Lekunberri_2018_river_wastewater vs Schulz_2017_wastewater,1.706071553212065e-05,-3.116846237301598
s__GGB24999_SGB36914,4,6,66.66666666666667,Chu_2017_sludge vs Schulz_2017_wastewater,1.395107013429539e-06,-1.52685958226914
s__GGB25022_SGB36939,4,6,66.66666666666667,Chu_2017_sludge vs Schulz_2017_wastewater,1.395107013429539e-06,-1.52685958226914
s__GGB25229_SGB37165,4,6,66.66666666666667,Chu_2017_sludge vs Schulz_2017_wastewater,1.395107013429539e-06,-1.52685958226914
s__GGB25232_SGB37168,4,6,66.66666666666667,Chu_2017_sludge vs Schulz_2017_wastewater,1.395107013429539e-06,-1.52685958226914
s__GGB35308_SGB112402,4,6,66.66666666666667,Chu_2017_sludge vs Schulz_2017_wastewater,1.395107013429539e-06,-1.52685958226914
s__GGB35775_SGB48092,4,6,66.66666666666667,Chu_2017_sludge vs Schulz_2017_wastewater,1.395107013429539e-06,-1.52685958226914
s__GGB38799_SGB54900,4,6,66.66666666666667,Rowe_2017_hospital_wastewater vs Schulz_2017_wastewater,1.395107013429539e-06,-2.281045058026233
s__GGB39817_SGB99175,4,6,66.66666666666667,Chu_2017_sludge vs Rowe_2017_hospital_wastewater,2.9883892794570696e-07,5.253660151435968
s__GGB40024_SGB62250,4,6,66.66666666666667,Rowe_2017_hospital_wastewater vs Schulz_2017_wastewater,1.4535142124500207e-05,-1.8670855691664827
s__GGB40324_SGB48413,4,6,66.66666666666667,Chu_2017_sludge vs Schulz_2017_wastewater,1.395107013429539e-06,-1.52685958226914
s__GGB33141_SGB71463,4,6,66.66666666666667,Chu_2017_sludge vs Schulz_2017_wastewater,1.395107013429539e-06,-1.52685958226914
s__GGB34287_SGB47535,4,6,66.66666666666667,Chu_2017_sludge vs Schulz_2017_wastewater,1.395107013429539e-06,-1.52685958226914
s__GGB3433_SGB4573,4,6,66.66666666666667,Lekunberri_2018_river_wastewater vs Schulz_2017_wastewater,3.5251286208500996e-05,-2.6485175076012575
s__GGB31540_SGB44875,4,6,66.66666666666667,Chu_2017_sludge vs Schulz_2017_wastewater,1.395107013429539e-06,-1.52685958226914
s__GGB31685_SGB116318,4,6,66.66666666666667,Chu_2017_sludge vs Schulz_2017_wastewater,1.395107013429539e-06,-1.52685958226914
s__GGB32253_SGB56808,4,6,66.66666666666667,Rowe_2017_hospital_wastewater vs Schulz_2017_wastewater,1.4535142124500207e-05,-1.844223774428023
s__GGB28558_SGB41168,4,6,66.66666666666667,Chu_2017_sludge vs Schulz_2017_wastewater,1.395107013429539e-06,-1.52685958226914
s__GGB28559_SGB41169,4,6,66.66666666666667,Chu_2017_sludge vs Schulz_2017_wastewater,1.395107013429539e-06,-1.52685958226914
s__GGB29195_SGB41932,4,6,66.66666666666667,Chu_2017_sludge vs Schulz_2017_wastewater,1.395107013429539e-06,-1.52685958226914
s__GGB43787_SGB61137,4,6,66.66666666666667,Chu_2017_sludge vs Schulz_2017_wastewater,2.1583276503398367e-05,-0.9315452871266378
s__GGB44257_SGB103370,4,6,66.66666666666667,Chu_2017_sludge vs Schulz_2017_wastewater,8.484581832311326e-08,-4.905648689235067
s__GGB44369_SGB61784,4,6,66.66666666666667,Chu_2017_sludge vs Schulz_2017_wastewater,1.5394049266522841e-07,-2.150879946569598
s__GGB44403_SGB61822,4,6,66.66666666666667,Chu_2017_sludge vs Schulz_2017_wastewater,1.5394049266522841e-07,-2.141584587406045
s__GGB42928_SGB123144,4,6,66.66666666666667,Chu_2017_sludge vs Schulz_2017_wastewater,1.395107013429539e-06,-1.52685958226914
s__GGB43230_SGB103465,4,6,66.66666666666667,Chu_2017_sludge vs Schulz_2017_wastewater,1.5394049266522841e-07,-3.2965360572353752
s__GGB43386_SGB60698,4,6,66.66666666666667,Lekunberri_2018_river_wastewater vs Schulz_2017_wastewater,3.5251286208500996e-05,-2.6485175076012575
s__GGB43779_SGB93081,4,6,66.66666666666667,Chu_2017_sludge vs Schulz_2017_wastewater,1.5394049266522841e-07,-2.1407143217682716
s__GGB41799_SGB83534,4,6,66.66666666666667,Chu_2017_sludge vs Schulz_2017_wastewater,8.489264352073359e-08,-2.6024677473144116
s__GGB41952_SGB59058,4,6,66.66666666666667,Lekunberri_2018_river_wastewater vs Schulz_2017_wastewater,3.5251286208500996e-05,-2.6485175076012575
s__GGB42125_SGB59267,4,6,66.66666666666667,Lekunberri_2018_river_wastewater vs Schulz_2017_wastewater,3.5251286208500996e-05,-2.6485175076012575
s__GGB40481_SGB57069,4,6,66.66666666666667,Chu_2017_sludge vs Schulz_2017_wastewater,1.5394049266522841e-07,-2.2251177534435103
s__GGB40645_SGB64801,4,6,66.66666666666667,Chu_2017_sludge vs Rowe_2017_hospital_wastewater,5.725702517862593e-07,7.989520580967143
s__GGB41158_SGB46801,4,6,66.66666666666667,Lekunberri_2018_river_wastewater vs Schulz_2017_wastewater,3.5251286208500996e-05,-2.6485175076012575
s__GGB41346_SGB58388,4,6,66.66666666666667,Chu_2017_sludge vs Schulz_2017_wastewater,2.1583276503398367e-05,-0.8262603295270191
s__GGB41707_SGB58791,4,6,66.66666666666667,Rowe_2017_hospital_wastewater vs Schulz_2017_wastewater,1.4535142124500207e-05,-1.8670855691664827
s__GGB41726_SGB58815,4,6,66.66666666666667,Chu_2017_sludge vs Schulz_2017_wastewater,1.395107013429539e-06,-1.52685958226914
s__Lachnospira_pectinoschiza,4,6,66.66666666666667,Lekunberri_2018_river_wastewater vs Schulz_2017_wastewater,1.706071553212065e-05,-3.081978874964844
s__Lactobacillus_gasseri,4,6,66.66666666666667,Chu_2017_sludge vs Schulz_2017_wastewater,1.395107013429539e-06,-1.52685958226914
s__Candidatus_Methylomirabilis_limnetica,4,6,66.66666666666667,Chu_2017_sludge vs Schulz_2017_wastewater,1.4535142124500207e-05,-0.5080120154438138
s__Brevundimonas_mediterranea,4,6,66.66666666666667,Chu_2017_sludge vs Schulz_2017_wastewater,1.395107013429539e-06,-1.52685958226914
s__Campylobacter_jejuni,4,6,66.66666666666667,Chu_2017_sludge vs Schulz_2017_wastewater,1.395107013429539e-06,-1.52685958226914
s__Candidatus_Bipolaricaulis_anaerobius,4,6,66.66666666666667,Rowe_2017_hospital_wastewater vs Schulz_2017_wastewater,1.4535142124500207e-05,-1.8670855691664827
s__Eubacterium_siraeum,4,6,66.66666666666667,Lekunberri_2018_river_wastewater vs Schulz_2017_wastewater,3.5251286208500996e-05,-2.6485175076012575
s__Faecalibacillus_intestinalis,4,6,66.66666666666667,Lekunberri_2018_river_wastewater vs Schulz_2017_wastewater,0.0002718629836916699,-2.416955245300512
s__Ferribacterium_limneticum,4,6,66.66666666666667,Rowe_2017_hospital_wastewater vs Schulz_2017_wastewater,7.589341837968856e-05,-1.3171216091531095
s__Flavobacterium_celericrescens,4,6,66.66666666666667,Lekunberri_2018_river_wastewater vs Schulz_2017_wastewater,3.5251286208500996e-05,-2.6485175076012575
s__Enterobacter_ludwigii,4,6,66.66666666666667,Lekunberri_2018_river_wastewater vs Schulz_2017_wastewater,3.5251286208500996e-05,-2.6485175076012575
s__Enterococcus_faecium,4,6,66.66666666666667,Chu_2017_sludge vs Schulz_2017_wastewater,1.395107013429539e-06,-1.52685958226914
s__Erysipelatoclostridium_ramosum,4,6,66.66666666666667,Lekunberri_2018_river_wastewater vs Schulz_2017_wastewater,3.5251286208500996e-05,-2.6485175076012575
s__Erysipelothrix_anatis,4,6,66.66666666666667,Chu_2017_sludge vs Schulz_2017_wastewater,1.395107013429539e-06,-1.52685958226914
s__Erythrobacter_ramosus,4,6,66.66666666666667,Rowe_2017_hospital_wastewater vs Schulz_2017_wastewater,1.4535142124500207e-05,-1.8670855691664827
s__Diaphorobacter_SGB61891,4,6,66.66666666666667,Lekunberri_2018_river_wastewater vs Schulz_2017_wastewater,1.706071553212065e-05,-3.294278440576203
s__Dysgonomonadaceae_bacterium_zrk40,4,6,66.66666666666667,Lekunberri_2018_river_wastewater vs Schulz_2017_wastewater,3.5251286208500996e-05,-2.6485175076012575
s__Enorma_massiliensis,4,6,66.66666666666667,Chu_2017_sludge vs Schulz_2017_wastewater,1.395107013429539e-06,-1.52685958226914
s__Comamonas_denitrificans,4,6,66.66666666666667,Chu_2017_sludge vs Rowe_2017_hospital_wastewater,1.395107013429539e-06,-7.915379763955886
s__Coprococcus_comes,4,6,66.66666666666667,Lekunberri_2018_river_wastewater vs Schulz_2017_wastewater,1.706071553212065e-05,-3.088266329185696
s__Coprococcus_eutactus,4,6,66.66666666666667,Lekunberri_2018_river_wastewater vs Schulz_2017_wastewater,3.5251286208500996e-05,-2.6485175076012575
s__Cutibacterium_acnes,4,6,66.66666666666667,Chu_2017_sludge vs Schulz_2017_wastewater,1.395107013429539e-06,-1.52685958226914
s__Lactococcus_raffinolactis,4,6,66.66666666666667,Lekunberri_2018_river_wastewater vs Schulz_2017_wastewater,1.706071553212065e-05,-3.059739086262315
s__Leclercia_adecarboxylata,4,6,66.66666666666667,Lekunberri_2018_river_wastewater vs Schulz_2017_wastewater,3.5251286208500996e-05,-2.6485175076012575
s__Leuconostoc_citreum,4,6,66.66666666666667,Lekunberri_2018_river_wastewater vs Schulz_2017_wastewater,3.5251286208500996e-05,-2.6485175076012575
s__Klebsiella_michiganensis,4,6,66.66666666666667,Chu_2017_sludge vs Schulz_2017_wastewater,0.00036132828325933445,-0.24908956713379826
s__Kurthia_huakuii,4,6,66.66666666666667,Chu_2017_sludge vs Schulz_2017_wastewater,3.72417837748561e-06,-1.3364154755919868
s__GGB93439_SGB131938,4,6,66.66666666666667,Lekunberri_2018_river_wastewater vs Schulz_2017_wastewater,3.5251286208500996e-05,-2.6485175076012575
s__GGB93539_SGB132226,4,6,66.66666666666667,Lekunberri_2018_river_wastewater vs Schulz_2017_wastewater,3.5251286208500996e-05,-2.6485175076012575
s__Gemmatimonas_groenlandica,4,6,66.66666666666667,Rowe_2017_hospital_wastewater vs Schulz_2017_wastewater,1.4535142124500207e-05,-1.8670855691664827
s__Gloeocapsopsis_crepidinum,4,6,66.66666666666667,Chu_2017_sludge vs Schulz_2017_wastewater,1.395107013429539e-06,-1.52685958226914
s__GGB7903_SGB11757,4,6,66.66666666666667,Rowe_2017_hospital_wastewater vs Schulz_2017_wastewater,1.4535142124500207e-05,-1.8670855691664827
s__GGB81701_SGB112896,4,6,66.66666666666667,Chu_2017_sludge vs Schulz_2017_wastewater,1.395107013429539e-06,-1.52685958226914
s__GGB81705_SGB112953,4,6,66.66666666666667,Chu_2017_sludge vs Schulz_2017_wastewater,1.395107013429539e-06,-1.52685958226914
s__GGB81705_SGB112955,4,6,66.66666666666667,Chu_2017_sludge vs Schulz_2017_wastewater,1.395107013429539e-06,-1.52685958226914
s__GGB82456_SGB114450,4,6,66.66666666666667,Chu_2017_sludge vs Schulz_2017_wastewater,1.395107013429539e-06,-1.52685958226914
s__GGB91291_SGB134920,4,6,66.66666666666667,Chu_2017_sludge vs Schulz_2017_wastewater,3.098573381668803e-05,-0.4782934320494465
s__GGB45937_SGB63667,4,6,66.66666666666667,Rowe_2017_hospital_wastewater vs Schulz_2017_wastewater,8.483359074284485e-05,-1.3238534445471521
s__GGB45969_SGB63701,4,6,66.66666666666667,Chu_2017_sludge vs Schulz_2017_wastewater,1.5394049266522841e-07,-2.311306929133687
s__GGB45985_SGB63721,4,6,66.66666666666667,Chu_2017_sludge vs Schulz_2017_wastewater,5.070679804544101e-08,-6.032497269571378
s__GGB46017_SGB63756,4,6,66.66666666666667,Rowe_2017_hospital_wastewater vs Schulz_2017_wastewater,1.4535142124500207e-05,-1.8670855691664827
s__GGB46175_SGB63943,4,6,66.66666666666667,Rowe_2017_hospital_wastewater vs Schulz_2017_wastewater,1.4535142124500207e-05,-1.8670855691664827
s__GGB4567_SGB6308,4,6,66.66666666666667,Lekunberri_2018_river_wastewater vs Schulz_2017_wastewater,1.706071553212065e-05,-3.01421184918293
s__GGB45699_SGB63416,4,6,66.66666666666667,Rowe_2017_hospital_wastewater vs Schulz_2017_wastewater,1.4535142124500207e-05,-1.8670855691664827
s__GGB4571_SGB6317,4,6,66.66666666666667,Lekunberri_2018_river_wastewater vs Schulz_2017_wastewater,1.706071553212065e-05,-3.0645885869461513
s__GGB45764_SGB63487,4,6,66.66666666666667,Chu_2017_sludge vs Schulz_2017_wastewater,1.5394049266522841e-07,-2.1315554258737914
s__GGB45839_SGB63564,4,6,66.66666666666667,Chu_2017_sludge vs Schulz_2017_wastewater,1.253880227879777e-05,-1.184081527658293
s__GGB45918_SGB63647,4,6,66.66666666666667,Chu_2017_sludge vs Schulz_2017_wastewater,5.070679804544101e-08,-3.60512805197925
s__GGB45018_SGB103278,4,6,66.66666666666667,Rowe_2017_hospital_wastewater vs Schulz_2017_wastewater,1.395107013429539e-06,-2.447977313111331
s__GGB45084_SGB103306,4,6,66.66666666666667,Chu_2017_sludge vs Schulz_2017_wastewater,1.5394049266522841e-07,-1.9875313611133143
s__GGB450_SGB609,4,6,66.66666666666667,Rowe_2017_hospital_wastewater vs Schulz_2017_wastewater,1.4535142124500207e-05,-1.8670855691664827
s__GGB45217_SGB62738,4,6,66.66666666666667,Chu_2017_sludge vs Schulz_2017_wastewater,1.5394049266522841e-07,-2.178675994819126
s__GGB4552_SGB6276,4,6,66.66666666666667,Lekunberri_2018_river_wastewater vs Schulz_2017_wastewater,1.706071553212065e-05,-3.3590574100708475
s__GGB44434_SGB61856,4,6,66.66666666666667,Rowe_2017_hospital_wastewater vs Schulz_2017_wastewater,1.395107013429539e-06,-2.4998666502893627
s__GGB44536_SGB61974,4,6,66.66666666666667,Chu_2017_sludge vs Schulz_2017_wastewater,1.395107013429539e-06,-1.52685958226914
s__GGB44582_SGB62026,4,6,66.66666666666667,Chu_2017_sludge vs Schulz_2017_wastewater,1.5394049266522841e-07,-2.1698472664102066
s__GGB47467_SGB65430,4,6,66.66666666666667,Chu_2017_sludge vs Schulz_2017_wastewater,5.070679804544101e-08,-5.585517494193641
s__GGB50122_SGB113622,4,6,66.66666666666667,Chu_2017_sludge vs Schulz_2017_wastewater,1.395107013429539e-06,-1.52685958226914
s__GGB54104_SGB124825,4,6,66.66666666666667,Chu_2017_sludge vs Schulz_2017_wastewater,9.883170899210482e-06,-0.9726888902595942
s__GGB54260_SGB75478,4,6,66.66666666666667,Chu_2017_sludge vs Rowe_2017_hospital_wastewater,2.034464108978472e-06,5.81678744486209
s__GGB46582_SGB64449,4,6,66.66666666666667,Chu_2017_sludge vs Schulz_2017_wastewater,1.395107013429539e-06,-1.52685958226914
s__GGB46599_SGB103509,4,6,66.66666666666667,Chu_2017_sludge vs Schulz_2017_wastewater,8.484581832311326e-08,-6.011952869155054
s__GGB46599_SGB64468,4,6,66.66666666666667,Chu_2017_sludge vs Schulz_2017_wastewater,5.070679804544101e-08,-5.7750173907358615
s__GGB47408_SGB102670,4,6,66.66666666666667,Chu_2017_sludge vs Schulz_2017_wastewater,1.395107013429539e-06,-1.52685958226914
s__GGB46516_SGB64377,4,6,66.66666666666667,Rowe_2017_hospital_wastewater vs Schulz_2017_wastewater,9.302719338679165e-06,-4.107133613100226
s__GGB46555_SGB64420,4,6,66.66666666666667,Chu_2017_sludge vs Schulz_2017_wastewater,8.484581832311326e-08,-2.727356242147674
s__GGB46194_SGB63962,4,6,66.66666666666667,Rowe_2017_hospital_wastewater vs Schulz_2017_wastewater,1.4535142124500207e-05,-1.8670855691664827
s__GGB46263_SGB80728,4,6,66.66666666666667,Chu_2017_sludge vs Schulz_2017_wastewater,5.070679804544101e-08,-7.785183665536165
s__GGB46437_SGB64294,4,6,66.66666666666667,Chu_2017_sludge vs Schulz_2017_wastewater,1.395107013429539e-06,-1.52685958226914
s__GGB46503_SGB91068,4,6,66.66666666666667,Rowe_2017_hospital_wastewater vs Schulz_2017_wastewater,1.395107013429539e-06,-2.5067369896552014
s__GGB46504_SGB64365,4,6,66.66666666666667,Chu_2017_sludge vs Schulz_2017_wastewater,1.5394049266522841e-07,-3.7923733484531605
s__GGB46504_SGB91066,4,6,66.66666666666667,Chu_2017_sludge vs Schulz_2017_wastewater,8.484581832311326e-08,-3.0208912902150598
s__Pseudanabaena_sp_UWO311,4,6,66.66666666666667,Rowe_2017_hospital_wastewater vs Schulz_2017_wastewater,1.4535142124500207e-05,-1.8670855691664827
s__Pseudanabaena_sp_lw0831,4,6,66.66666666666667,Rowe_2017_hospital_wastewater vs Schulz_2017_wastewater,1.4535142124500207e-05,-1.8670855691664827
s__Pseudomonas_brenneri,4,6,66.66666666666667,Lekunberri_2018_river_wastewater vs Schulz_2017_wastewater,3.5251286208500996e-05,-2.6485175076012575
s__Pseudomonas_extremaustralis,4,6,66.66666666666667,Lekunberri_2018_river_wastewater vs Schulz_2017_wastewater,3.5251286208500996e-05,-2.6485175076012575
s__Prevotella_oryzae,4,6,66.66666666666667,Chu_2017_sludge vs Rowe_2017_hospital_wastewater,0.00013589021985785266,2.725706543138675
s__Polymorphobacter_arshaanensis,4,6,66.66666666666667,Rowe_2017_hospital_wastewater vs Schulz_2017_wastewater,1.4535142124500207e-05,-1.7726422494469283
s__Phycicoccus_elongatus,4,6,66.66666666666667,Chu_2017_sludge vs Schulz_2017_wastewater,1.395107013429539e-06,-1.52685958226914
s__Clostridium_leptum,4,6,66.66666666666667,Lekunberri_2018_river_wastewater vs Schulz_2017_wastewater,3.5251286208500996e-05,-2.6485175076012575
s__Clostridium_sp_NSJ_42,4,6,66.66666666666667,Chu_2017_sludge vs Schulz_2017_wastewater,1.395107013429539e-06,-1.52685958226914
s__Collinsella_aerofaciens,4,6,66.66666666666667,Lekunberri_2018_river_wastewater vs Rowe_2017_hospital_wastewater,0.0013180898697208396,-4.959658586471868
s__Candidatus_Nitrotoga_SGB102975,4,6,66.66666666666667,Lekunberri_2018_river_wastewater vs Schulz_2017_wastewater,3.5251286208500996e-05,-2.6485175076012575
s__Candidatus_Saccharimonas_aalborgensis,4,6,66.66666666666667,Chu_2017_sludge vs Schulz_2017_wastewater,1.395107013429539e-06,-1.52685958226914
s__Candidatus_Cloacimonas_acidaminovorans,4,6,66.66666666666667,Lekunberri_2018_river_wastewater vs Schulz_2017_wastewater,1.706071553212065e-05,-3.218287065020292
s__GGB46505_SGB103527,4,6,66.66666666666667,Chu_2017_sludge vs Schulz_2017_wastewater,8.484581832311326e-08,-2.666952930304091
s__GGB67138_SGB90854,4,6,66.66666666666667,Rowe_2017_hospital_wastewater vs Schulz_2017_wastewater,1.395107013429539e-06,-3.641558424854451
s__GGB67334_SGB91087,4,6,66.66666666666667,Chu_2017_sludge vs Schulz_2017_wastewater,8.484581832311326e-08,-2.7892934040536113
s__GGB67335_SGB103624,4,6,66.66666666666667,Chu_2017_sludge vs Schulz_2017_wastewater,5.070679804544101e-08,-7.856186623569596
s__GGB67335_SGB91088,4,6,66.66666666666667,Chu_2017_sludge vs Schulz_2017_wastewater,4.856152808304204e-06,-2.3457991814820156
s__GGB68788_SGB92796,4,6,66.66666666666667,Chu_2017_sludge vs Schulz_2017_wastewater,8.484581832311326e-08,-3.2169828966788168
s__GGB69468_SGB93649,4,6,66.66666666666667,Chu_2017_sludge vs Schulz_2017_wastewater,1.5394049266522841e-07,-2.0701076799184204
s__GGB63102_SGB85356,4,6,66.66666666666667,Rowe_2017_hospital_wastewater vs Schulz_2017_wastewater,1.4535142124500207e-05,-1.8670855691664827
s__GGB65286_SGB88265,4,6,66.66666666666667,Chu_2017_sludge vs Lekunberri_2018_river_wastewater,1.0453127074095226e-05,6.590850581819926
s__GGB67109_SGB90821,4,6,66.66666666666667,Chu_2017_sludge vs Schulz_2017_wastewater,1.395107013429539e-06,-1.6558762283274775
s__GGB67134_SGB90850,4,6,66.66666666666667,Rowe_2017_hospital_wastewater vs Schulz_2017_wastewater,1.395107013429539e-06,-2.407421234570525
s__GGB5886_SGB8489,4,6,66.66666666666667,Rowe_2017_hospital_wastewater vs Schulz_2017_wastewater,1.4535142124500207e-05,-1.8670855691664827
s__GGB61412_SGB83485,4,6,66.66666666666667,Lekunberri_2018_river_wastewater vs Schulz_2017_wastewater,3.5251286208500996e-05,-2.6485175076012575
s__GGB62437_SGB95276,4,6,66.66666666666667,Chu_2017_sludge vs Schulz_2017_wastewater,1.5394049266522841e-07,-3.9847469485834415
s__GGB6264_SGB8922,4,6,66.66666666666667,Chu_2017_sludge vs Schulz_2017_wastewater,3.2688321027092018e-06,-1.2028721170258527
s__GGB6301_SGB60981,4,6,66.66666666666667,Rowe_2017_hospital_wastewater vs Schulz_2017_wastewater,1.4535142124500207e-05,-1.8670855691664827
s__GGB56321_SGB113200,4,6,66.66666666666667,Chu_2017_sludge vs Schulz_2017_wastewater,1.395107013429539e-06,-1.52685958226914
s__GGB56398_SGB113691,4,6,66.66666666666667,Chu_2017_sludge vs Schulz_2017_wastewater,1.395107013429539e-06,-1.52685958226914
s__GGB75623_SGB102995,4,6,66.66666666666667,Chu_2017_sludge vs Schulz_2017_wastewater,1.395107013429539e-06,-1.7650559588285646
s__GGB75636_SGB103039,4,6,66.66666666666667,Rowe_2017_hospital_wastewater vs Schulz_2017_wastewater,1.4535142124500207e-05,-1.7950256401811644
s__GGB77687_SGB108590,4,6,66.66666666666667,Rowe_2017_hospital_wastewater vs Schulz_2017_wastewater,1.4535142124500207e-05,-1.8670855691664827
s__GGB75341_SGB102802,4,6,66.66666666666667,Rowe_2017_hospital_wastewater vs Schulz_2017_wastewater,1.395107013429539e-06,-2.5888544518837766
s__GGB75360_SGB102770,4,6,66.66666666666667,Rowe_2017_hospital_wastewater vs Schulz_2017_wastewater,1.4535142124500207e-05,-1.8670855691664827
s__GGB75522_SGB103289,4,6,66.66666666666667,Lekunberri_2018_river_wastewater vs Schulz_2017_wastewater,1.706071553212065e-05,-3.2674790835776624
s__GGB75172_SGB103645,4,6,66.66666666666667,Lekunberri_2018_river_wastewater vs Schulz_2017_wastewater,3.5251286208500996e-05,-2.6485175076012575
s__GGB75173_SGB103644,4,6,66.66666666666667,Chu_2017_sludge vs Schulz_2017_wastewater,8.484581832311326e-08,-2.8801638634255013
s__Smithella_sp_F21,4,6,66.66666666666667,Lekunberri_2018_river_wastewater vs Schulz_2017_wastewater,3.5251286208500996e-05,-2.6485175076012575
s__Anaerostipes_hadrus,4,6,66.66666666666667,Lekunberri_2018_river_wastewater vs Schulz_2017_wastewater,1.706071553212065e-05,-3.171731211774052
s__Aquaspirillum_serpens,4,6,66.66666666666667,Rowe_2017_hospital_wastewater vs Schulz_2017_wastewater,7.589341837968856e-05,-1.4023009672126983
s__Aquaspirillum_sp_LM1,4,6,66.66666666666667,Chu_2017_sludge vs Rowe_2017_hospital_wastewater,1.395107013429539e-06,5.0794085832769245
s__Aquella_oligotrophica,4,6,66.66666666666667,Rowe_2017_hospital_wastewater vs Schulz_2017_wastewater,1.4535142124500207e-05,-1.8670855691664827
s__Trichococcus_shcherbakoviae,4,6,66.66666666666667,Rowe_2017_hospital_wastewater vs Schulz_2017_wastewater,1.395107013429539e-06,-2.3281050545579416
s__Turicibacter_bilis,4,6,66.66666666666667,Chu_2017_sludge vs Schulz_2017_wastewater,1.395107013429539e-06,-1.89188322298253
s__Uruburuella_suis,4,6,66.66666666666667,Rowe_2017_hospital_wastewater vs Schulz_2017_wastewater,0.0006193406095444467,-1.0916098116650486
s__Aliarcobacter_skirrowii,4,6,66.66666666666667,Lekunberri_2018_river_wastewater vs Schulz_2017_wastewater,3.5251286208500996e-05,-2.6485175076012575
s__Acinetobacter_sp_ANC_4862,4,6,66.66666666666667,Chu_2017_sludge vs Schulz_2017_wastewater,1.395107013429539e-06,-1.52685958226914
s__Advenella_mandrilli,4,6,66.66666666666667,Chu_2017_sludge vs Schulz_2017_wastewater,1.395107013429539e-06,-1.52685958226914
s__Aerococcaceae_bacterium_DSM_111021,4,6,66.66666666666667,Chu_2017_sludge vs Schulz_2017_wastewater,1.395107013429539e-06,-1.52685958226914
s__Aerococcus_urinaeequi,4,6,66.66666666666667,Chu_2017_sludge vs Schulz_2017_wastewater,1.395107013429539e-06,-1.52685958226914
s__Vibrio_parahaemolyticus,4,6,66.66666666666667,Chu_2017_sludge vs Schulz_2017_wastewater,1.395107013429539e-06,-1.52685958226914
s__Acinetobacter_modestus,4,6,66.66666666666667,Lekunberri_2018_river_wastewater vs Schulz_2017_wastewater,3.5251286208500996e-05,-3.3251384708549327
s__Achromobacter_sp_JUb104,4,6,66.66666666666667,Chu_2017_sludge vs Schulz_2017_wastewater,1.395107013429539e-06,-1.52685958226914
s__Zoogloea_oleivorans,4,6,66.66666666666667,Chu_2017_sludge vs Lekunberri_2018_river_wastewater,1.4535142124500207e-05,5.654229254051975
s__Acinetobacter_sp_ANC_4218,4,6,66.66666666666667,Chu_2017_sludge vs Schulz_2017_wastewater,0.00036132828325933445,-0.36094743903441207
s__Acinetobacter_sp_ANC_4805,3,6,50.0,Rowe_2017_hospital_wastewater vs Schulz_2017_wastewater,4.933836364631628e-05,-2.7699391104695863
s__Aeromonas_hydrophila,3,6,50.0,Lekunberri_2018_river_wastewater vs Schulz_2017_wastewater,3.5251286208500996e-05,-2.6485175076012575
s__GGB73686_SGB62915,3,6,50.0,Rowe_2017_hospital_wastewater vs Schulz_2017_wastewater,1.4535142124500207e-05,-1.8670855691664827
s__GGB73596_SGB126134,3,6,50.0,Rowe_2017_hospital_wastewater vs Schulz_2017_wastewater,1.4535142124500207e-05,-1.8670855691664827
s__Sphaerotilus_montanus,3,6,50.0,Rowe_2017_hospital_wastewater vs Schulz_2017_wastewater,1.4535142124500207e-05,-1.8670855691664827
s__Alistipes_shahii,3,6,50.0,Lekunberri_2018_river_wastewater vs Schulz_2017_wastewater,3.5251286208500996e-05,-2.6485175076012575
s__Simplicispira_metamorpha,3,6,50.0,Chu_2017_sludge vs Rowe_2017_hospital_wastewater,4.4912665045080935e-05,4.6632837757155805
s__Alistipes_finegoldii,3,6,50.0,Lekunberri_2018_river_wastewater vs Schulz_2017_wastewater,3.5251286208500996e-05,-2.6485175076012575
s__Alistipes_onderdonkii,3,6,50.0,Chu_2017_sludge vs Lekunberri_2018_river_wastewater,1.4535142124500207e-05,6.060230700893293
s__Thermomonas_carbonis,3,6,50.0,Rowe_2017_hospital_wastewater vs Schulz_2017_wastewater,1.4535142124500207e-05,-1.812334674287875
s__Streptococcus_salivarius,3,6,50.0,Lekunberri_2018_river_wastewater vs Schulz_2017_wastewater,3.5251286208500996e-05,-2.6485175076012575
s__GGB46509_SGB64370,3,6,50.0,Chu_2017_sludge vs Schulz_2017_wastewater,1.5602506074207486e-06,-3.5651432401278145
s__GGB67324_SGB91072,3,6,50.0,Rowe_2017_hospital_wastewater vs Schulz_2017_wastewater,1.395107013429539e-06,-2.4445296310974722
s__GGB47501_SGB75672,3,6,50.0,Lekunberri_2018_river_wastewater vs Schulz_2017_wastewater,3.5251286208500996e-05,-2.6485175076012575
s__GGB46603_SGB64473,3,6,50.0,Rowe_2017_hospital_wastewater vs Schulz_2017_wastewater,1.395107013429539e-06,-2.9960731860576857
s__GGB46575_SGB64440,3,6,50.0,Chu_2017_sludge vs Schulz_2017_wastewater,2.034464108978472e-06,-1.4921457257513973
s__GGB54287_SGB75505,3,6,50.0,Chu_2017_sludge vs Rowe_2017_hospital_wastewater,5.9158608105826936e-05,4.551754193967445
s__GGB75661_SGB103104,3,6,50.0,Rowe_2017_hospital_wastewater vs Schulz_2017_wastewater,1.4535142124500207e-05,-1.8670855691664827
s__GGB57008_SGB103561,3,6,50.0,Rowe_2017_hospital_wastewater vs Schulz_2017_wastewater,0.0006193406095444467,-0.8693504796736458
s__GGB56727_SGB78161,3,6,50.0,Chu_2017_sludge vs Schulz_2017_wastewater,8.484581832311326e-08,-2.681054422744949
s__GGB75612_SGB103140,3,6,50.0,Lekunberri_2018_river_wastewater vs Schulz_2017_wastewater,1.706071553212065e-05,7.650854458072347
s__GGB75638_SGB102999,3,6,50.0,Chu_2017_sludge vs Schulz_2017_wastewater,0.00013570739929077204,-0.40674183050984447
s__GGB75334_SGB102785,3,6,50.0,Rowe_2017_hospital_wastewater vs Schulz_2017_wastewater,1.395107013429539e-06,-2.4164103386277422
s__GGB75267_SGB103593,3,6,50.0,Chu_2017_sludge vs Schulz_2017_wastewater,5.065449594174473e-07,-3.341602071421401
s__GGB75170_SGB103651,3,6,50.0,Chu_2017_sludge vs Schulz_2017_wastewater,8.484581832311326e-08,-3.408732150560648
s__GGB4962_SGB6925,3,6,50.0,Rowe_2017_hospital_wastewater vs Schulz_2017_wastewater,1.4535142124500207e-05,-1.8670855691664827
s__GGB46513_SGB64374,3,6,50.0,Chu_2017_sludge vs Schulz_2017_wastewater,8.489264352073359e-08,-2.5291844971014963
s__GGB63514_SGB85828,3,6,50.0,Rowe_2017_hospital_wastewater vs Schulz_2017_wastewater,1.4535142124500207e-05,-1.8670855691664827
s__GGB63067_SGB85311,3,6,50.0,Rowe_2017_hospital_wastewater vs Schulz_2017_wastewater,1.4535142124500207e-05,-1.8670855691664827
s__Nitrospira_sp_SCGC_AG_212_E16,3,6,50.0,Lekunberri_2018_river_wastewater vs Schulz_2017_wastewater,3.5251286208500996e-05,-2.6485175076012575
s__Moraxella_osloensis,3,6,50.0,Rowe_2017_hospital_wastewater vs Schulz_2017_wastewater,0.0006797254248081742,-0.5703850359423425
s__Nitrospira_lenta,3,6,50.0,Rowe_2017_hospital_wastewater vs Schulz_2017_wastewater,1.4535142124500207e-05,-1.8670855691664827
s__Flavobacterium_succinicans,3,6,50.0,Rowe_2017_hospital_wastewater vs Schulz_2017_wastewater,1.4535142124500207e-05,-1.8670855691664827
s__Brotolimicola_acetigignens,3,6,50.0,Lekunberri_2018_river_wastewater vs Schulz_2017_wastewater,3.5251286208500996e-05,-2.6485175076012575
s__Faecalibacterium_prausnitzii,3,6,50.0,Chu_2017_sludge vs Lekunberri_2018_river_wastewater,1.4535142124500207e-05,6.25095266735807
s__Dorea_longicatena,3,6,50.0,Lekunberri_2018_river_wastewater vs Schulz_2017_wastewater,1.706071553212065e-05,-3.1385098964900755
s__GGB43920_SGB61282,3,6,50.0,Chu_2017_sludge vs Schulz_2017_wastewater,8.143551825720504e-06,-1.1355409908480845
s__GGB43468_SGB60787,3,6,50.0,Chu_2017_sludge vs Schulz_2017_wastewater,2.8488066163435274e-06,-3.0397285819369917
s__GGB32963_SGB54433,3,6,50.0,Lekunberri_2018_river_wastewater vs Schulz_2017_wastewater,3.5251286208500996e-05,-2.6485175076012575
s__GGB33037_SGB24024,3,6,50.0,Rowe_2017_hospital_wastewater vs Schulz_2017_wastewater,1.4535142124500207e-05,-1.8670855691664827
s__GGB33037_SGB127733,3,6,50.0,Rowe_2017_hospital_wastewater vs Schulz_2017_wastewater,1.4535142124500207e-05,-1.8670855691664827
s__Lachnospira_eligens,3,6,50.0,Lekunberri_2018_river_wastewater vs Schulz_2017_wastewater,0.0002718629836916699,-2.6002874828700278
s__Lachnospiraceae_bacterium_CLA_AA_H244,3,6,50.0,Lekunberri_2018_river_wastewater vs Schulz_2017_wastewater,3.5251286208500996e-05,-2.6485175076012575
s__GGB42821_SGB60031,3,6,50.0,Rowe_2017_hospital_wastewater vs Schulz_2017_wastewater,1.395107013429539e-06,-2.398493450399894
s__GGB42821_SGB52415,3,6,50.0,Rowe_2017_hospital_wastewater vs Schulz_2017_wastewater,1.395107013429539e-06,-2.39587016697029
s__GGB43049_SGB60289,3,6,50.0,Rowe_2017_hospital_wastewater vs Schulz_2017_wastewater,8.483359074284485e-05,-1.0571697139025378
s__GGB32963_SGB71265,3,6,50.0,Lekunberri_2018_river_wastewater vs Schulz_2017_wastewater,3.5251286208500996e-05,-2.6485175076012575
s__GGB9758_SGB15368,3,6,50.0,Chu_2017_sludge vs Schulz_2017_wastewater,0.00022095082684216746,-0.6346939990463227
s__Haliscomenobacter_hydrossis,3,6,50.0,Rowe_2017_hospital_wastewater vs Schulz_2017_wastewater,1.4535142124500207e-05,-1.7926310749321879
s__GGB89133_SGB125080,3,6,50.0,Rowe_2017_hospital_wastewater vs Schulz_2017_wastewater,1.4535142124500207e-05,-1.8670855691664827
s__GGB92736_SGB128655,3,6,50.0,Rowe_2017_hospital_wastewater vs Schulz_2017_wastewater,1.4535142124500207e-05,-1.8670855691664827
s__GGB96171_SGB133887,3,6,50.0,Rowe_2017_hospital_wastewater vs Schulz_2017_wastewater,1.4535142124500207e-05,-1.8670855691664827
s__GGB45847_SGB63572,3,6,50.0,Chu_2017_sludge vs Schulz_2017_wastewater,5.918770703638289e-08,-3.2083792169049303
s__GGB44798_SGB62263,3,6,50.0,Rowe_2017_hospital_wastewater vs Schulz_2017_wastewater,7.589341837968856e-05,-1.392546073286819
s__GGB44548_SGB61987,3,6,50.0,Rowe_2017_hospital_wastewater vs Schulz_2017_wastewater,0.000561664097872942,-1.1460771161711665
s__GGB44498_SGB103071,3,6,50.0,Rowe_2017_hospital_wastewater vs Schulz_2017_wastewater,1.395107013429539e-06,-2.4408316896749835
s__GGB44435_SGB61857,3,6,50.0,Rowe_2017_hospital_wastewater vs Schulz_2017_wastewater,1.395107013429539e-06,-2.5335285048180176
s__Eubacterium_rectale,3,6,50.0,Lekunberri_2018_river_wastewater vs Rowe_2017_hospital_wastewater,0.011270901678546389,-5.015582445669388
s__Escherichia_coli,3,6,50.0,Chu_2017_sludge vs Rowe_2017_hospital_wastewater,0.00010409626907483971,-5.657508129687859
s__Arcobacter_caeni,3,6,50.0,Chu_2017_sludge vs Rowe_2017_hospital_wastewater,5.943954261143511e-06,5.0962860493021385
s__Blautia_massiliensis,3,6,50.0,Lekunberri_2018_river_wastewater vs Schulz_2017_wastewater,0.0035155299497625376,-1.8321029577166983
s__Roseburia_faecis,3,6,50.0,Lekunberri_2018_river_wastewater vs Schulz_2017_wastewater,1.706071553212065e-05,-3.0926856534470955
s__Rivicola_pingtungensis,3,6,50.0,Chu_2017_sludge vs Rowe_2017_hospital_wastewater,0.00034665083059415226,2.771007024624317
s__Blautia_faecis,3,6,50.0,Lekunberri_2018_river_wastewater vs Schulz_2017_wastewater,1.706071553212065e-05,-3.142837120456632
s__Pseudomonas_fluorescens,3,6,50.0,Lekunberri_2018_river_wastewater vs Schulz_2017_wastewater,3.5251286208500996e-05,-2.6485175076012575
s__Acinetobacter_bohemicus,3,6,50.0,Chu_2017_sludge vs Rowe_2017_hospital_wastewater,0.0008559761728494436,3.585264127583308
s__Acidovorax_temperans,3,6,50.0,Lekunberri_2018_river_wastewater vs Schulz_2017_wastewater,2.7531549447528024e-05,6.816571403371449
s__Acidovorax_sp_BoFeN1,3,6,50.0,Chu_2017_sludge vs Rowe_2017_hospital_wastewater,1.4535142124500207e-05,6.429643939784009
s__Zoogloea_ramigera,3,6,50.0,Chu_2017_sludge vs Rowe_2017_hospital_wastewater,0.00010409626907483971,4.58742159478383
s__Tolumonas_auensis,3,6,50.0,Chu_2017_sludge vs Rowe_2017_hospital_wastewater,2.163397619363533e-06,4.226599789216613
s__Ruminococcus_bromii,3,6,50.0,Chu_2017_sludge vs Lekunberri_2018_river_wastewater,0.0003235570442642888,4.468814320682682
s__Roseburia_sp_AF02_12,3,6,50.0,Lekunberri_2018_river_wastewater vs Schulz_2017_wastewater,3.5251286208500996e-05,-2.6485175076012575
s__Roseburia_inulinivorans,3,6,50.0,Lekunberri_2018_river_wastewater vs Schulz_2017_wastewater,3.5251286208500996e-05,-2.6485175076012575
s__Bacteroides_xylanisolvens,3,6,50.0,Chu_2017_sludge vs Lekunberri_2018_river_wastewater,0.0006258997331132943,4.12133060242966
s__Prevotella_paludivivens,3,6,50.0,Chu_2017_sludge vs Rowe_2017_hospital_wastewater,3.5251286208500996e-05,3.5760120490682903
s__Phocaeicola_coprocola,3,6,50.0,Rowe_2017_hospital_wastewater vs Schulz_2017_wastewater,0.003219932995171859,-0.46623961176120177
s__Aquisediminimonas_SGB62114,3,6,50.0,Rowe_2017_hospital_wastewater vs Schulz_2017_wastewater,1.4535142124500207e-05,-1.9691396175491287
s__Arcobacter_suis,3,6,50.0,Chu_2017_sludge vs Rowe_2017_hospital_wastewater,1.4535142124500207e-05,5.298645507230877
s__Bacteroides_fragilis,3,6,50.0,Chu_2017_sludge vs Lekunberri_2018_river_wastewater,2.1583276503398367e-05,4.939998210278098
s__Bacteroides_stercoris,3,6,50.0,Chu_2017_sludge vs Lekunberri_2018_river_wastewater,0.0003235570442642888,5.002277217631606
s__Bacteroides_graminisolvens,3,6,50.0,Lekunberri_2018_river_wastewater vs Schulz_2017_wastewater,1.706071553212065e-05,9.517162640256046
s__Prevotella_herbatica,3,6,50.0,Chu_2017_sludge vs Rowe_2017_hospital_wastewater,2.034464108978472e-06,4.1326994996083775
s__Parabacteroides_merdae,3,6,50.0,Chu_2017_sludge vs Lekunberri_2018_river_wastewater,0.003474192641848173,3.4443190379205433
s__Candidatus_Microthrix_SGB36776,3,6,50.0,Rowe_2017_hospital_wastewater vs Schulz_2017_wastewater,1.395107013429539e-06,-2.515283368363796
s__Phocaeicola_paurosaccharolyticus,3,6,50.0,Lekunberri_2018_river_wastewater vs Schulz_2017_wastewater,1.706071553212065e-05,6.195212323738999
s__Ornithinibacter_SGB87564,3,6,50.0,Rowe_2017_hospital_wastewater vs Schulz_2017_wastewater,6.951313353219799e-05,-1.6759682222696277
s__Odoribacter_splanchnicus,3,6,50.0,Lekunberri_2018_river_wastewater vs Schulz_2017_wastewater,3.5251286208500996e-05,-2.6485175076012575
s__Nitrospira_sp_ND1,3,6,50.0,Chu_2017_sludge vs Schulz_2017_wastewater,2.593079782710294e-07,-8.807914147608919
s__GGB35331_SGB62019,3,6,50.0,Chu_2017_sludge vs Schulz_2017_wastewater,1.5394049266522841e-07,-2.2589744354103356
s__Cloacibacterium_caeni,3,6,50.0,Rowe_2017_hospital_wastewater vs Schulz_2017_wastewater,0.011411583615262079,6.273659317622898
s__Candidatus_Saccharibacteria_bacterium_CAG1,3,6,50.0,Chu_2017_sludge vs Rowe_2017_hospital_wastewater,5.943954261143511e-06,4.848904452281854
s__Candidatus_Nitrospira_nitrificans,3,6,50.0,Rowe_2017_hospital_wastewater vs Schulz_2017_wastewater,1.4535142124500207e-05,-1.8670855691664827
s__Rhizobacter_SGB88459,2,6,33.333333333333336,Chu_2017_sludge vs Schulz_2017_wastewater,0.0019022487396564984,0.3606558661408157
s__Acetoanaerobium_noterae,2,6,33.333333333333336,Chu_2017_sludge vs Rowe_2017_hospital_wastewater,0.027918851148588913,-4.112546152660758
s__Acidaminococcus_intestini,2,6,33.333333333333336,Rowe_2017_hospital_wastewater vs Schulz_2017_wastewater,0.013305979192593676,-0.19832248814057285
s__Acinetobacter_bouvetii,2,6,33.333333333333336,Chu_2017_sludge vs Schulz_2017_wastewater,0.004818908788925747,0.2338625208304041
s__GGB41789_SGB58882,2,6,33.333333333333336,Chu_2017_sludge vs Schulz_2017_wastewater,7.151746675316678e-06,-1.2532992942622536
s__GGB44385_SGB103154,2,6,33.333333333333336,Chu_2017_sludge vs Schulz_2017_wastewater,3.5251286208500996e-05,-0.894034167274281
s__GGB44099_SGB61482,2,6,33.333333333333336,Chu_2017_sludge vs Schulz_2017_wastewater,0.0008139581465102647,0.10850737211370409
s__Flavobacterium_sp_9R,2,6,33.333333333333336,Chu_2017_sludge vs Rowe_2017_hospital_wastewater,0.0015109519049225802,2.906044902808442
s__GGB2275_SGB136518,2,6,33.333333333333336,Rowe_2017_hospital_wastewater vs Schulz_2017_wastewater,0.0006797254248081742,-0.7470470574149698
s__Bifidobacterium_adolescentis,2,6,33.333333333333336,Chu_2017_sludge vs Rowe_2017_hospital_wastewater,0.03583296731216337,-3.6210281815722944
s__Moraxellaceae_bacterium_AER2_44_116,2,6,33.333333333333336,Rowe_2017_hospital_wastewater vs Schulz_2017_wastewater,0.0034909594676970387,-0.42553769869305136
s__GGB4599_SGB6362,2,6,33.333333333333336,Chu_2017_sludge vs Schulz_2017_wastewater,0.00031398845663361034,-1.0570328052051001
s__GGB4684_SGB6478,2,6,33.333333333333336,Chu_2017_sludge vs Schulz_2017_wastewater,0.00022095082684216746,-0.6603466894759386
s__GGB75744_SGB102634,2,6,33.333333333333336,Chu_2017_sludge vs Schulz_2017_wastewater,3.744128210356078e-05,-1.1051717702278663
s__GGB75354_SGB102763,2,6,33.333333333333336,Rowe_2017_hospital_wastewater vs Schulz_2017_wastewater,1.4535142124500207e-05,-1.8670855691664827
s__Aliarcobacter_cryaerophilus,2,6,33.333333333333336,Rowe_2017_hospital_wastewater vs Schulz_2017_wastewater,1.191763891967503e-05,11.111781047895859
s__Sulfurisoma_sediminicola,2,6,33.333333333333336,Rowe_2017_hospital_wastewater vs Schulz_2017_wastewater,1.4535142124500207e-05,-1.8670855691664827
s__Aeromonas_media,2,6,33.333333333333336,Rowe_2017_hospital_wastewater vs Schulz_2017_wastewater,0.0021475498692441843,7.871240432894248
s__Sulfurospirillum_sp_UCH001,2,6,33.333333333333336,Rowe_2017_hospital_wastewater vs Schulz_2017_wastewater,0.003219932995171859,-0.5291006835717584
s__GGB46571_SGB64436,2,6,33.333333333333336,Chu_2017_sludge vs Schulz_2017_wastewater,0.004133418426422352,0.7314750945245592
s__GGB56729_SGB91086,2,6,33.333333333333336,Chu_2017_sludge vs Schulz_2017_wastewater,0.002812127028012573,-0.4732261022863934
s__GGB75646_SGB103098,2,6,33.333333333333336,Chu_2017_sludge vs Rowe_2017_hospital_wastewater,3.106148363070556e-05,4.593385050325892
s__GGB75672_SGB103056,2,6,33.333333333333336,Chu_2017_sludge vs Schulz_2017_wastewater,0.0007448430694506269,0.015047964071522257
s__GGB75167_SGB103639,2,6,33.333333333333336,Chu_2017_sludge vs Schulz_2017_wastewater,0.00010961264154010071,-0.27145911757574054
s__GGB75380_SGB103363,2,6,33.333333333333336,Chu_2017_sludge vs Schulz_2017_wastewater,8.484581832311326e-08,-2.8422487272878407
s__Flavobacterium_sasangense,2,6,33.333333333333336,Rowe_2017_hospital_wastewater vs Schulz_2017_wastewater,0.004140296499406477,-0.5921285396084374
s__GGB46510_SGB64371,2,6,33.333333333333336,Chu_2017_sludge vs Schulz_2017_wastewater,1.9032095035726615e-06,-5.013850931944164
s__GGB6613_SGB9347,2,6,33.333333333333336,Chu_2017_sludge vs Lekunberri_2018_river_wastewater,0.0084357258931953,3.364551350514221
s__GGB44854_SGB62331,2,6,33.333333333333336,Rowe_2017_hospital_wastewater vs Schulz_2017_wastewater,0.0005195983906009911,-1.211581062003409
s__GGB24874_SGB36777,2,6,33.333333333333336,Chu_2017_sludge vs Schulz_2017_wastewater,1.5095565121039301e-05,-1.2434941281522878
s__Pseudomonas_fluvialis,2,6,33.333333333333336,Chu_2017_sludge vs Rowe_2017_hospital_wastewater,0.003128997988684009,-4.898269934230655
s__Bacteroides_faecis,2,6,33.333333333333336,Chu_2017_sludge vs Schulz_2017_wastewater,0.009915730361891278,0.5558192494275419
s__Azonexus_hydrophilus,2,6,33.333333333333336,Chu_2017_sludge vs Rowe_2017_hospital_wastewater,0.009595724584830259,-4.382296629164395
s__Phocaeicola_massiliensis,1,6,16.666666666666668,Chu_2017_sludge vs Rowe_2017_hospital_wastewater,0.031011689917038975,1.386181833964829
s__Bacteroides_uniformis,1,6,16.666666666666668,Chu_2017_sludge vs Lekunberri_2018_river_wastewater,0.04608466891990013,2.6805467060240566
s__Blautia_obeum,1,6,16.666666666666668,Chu_2017_sludge vs Schulz_2017_wastewater,0.03701083493749012,1.229475222965252
s__Psychrobacter_faecalis,1,6,16.666666666666668,Chu_2017_sludge vs Schulz_2017_wastewater,0.00031398845663361034,-0.2300543808606031
s__Streptococcus_suis,1,6,16.666666666666668,Chu_2017_sludge vs Schulz_2017_wastewater,0.0046535506425368165,0.4374200858406633
s__Acinetobacter_sp_WCHAc010034,1,6,16.666666666666668,Chu_2017_sludge vs Schulz_2017_wastewater,0.0046535506425368165,0.31371181133376197
s__GGB51647_SGB4348,1,6,16.666666666666668,Chu_2017_sludge vs Schulz_2017_wastewater,0.0019022487396564984,0.1439483079892938
s__Aeromonas_caviae,1,6,16.666666666666668,Chu_2017_sludge vs Rowe_2017_hospital_wastewater,0.022673922404646826,-4.100772457865227
s__Acinetobacter_parvus,1,6,16.666666666666668,Chu_2017_sludge vs Schulz_2017_wastewater,0.00031398845663361034,0.0012849140110541973
s__Pseudomonas_alcaligenes,1,6,16.666666666666668,Chu_2017_sludge vs Schulz_2017_wastewater,0.01797357157721183,0.8196222169453176
s__Bacteroides_cellulosilyticus,1,6,16.666666666666668,Chu_2017_sludge vs Lekunberri_2018_river_wastewater,0.03865044320897244,2.196270761811158
s__Pseudomonas_chengduensis,1,6,16.666666666666668,Chu_2017_sludge vs Schulz_2017_wastewater,0.01797357157721183,0.7790618910406193
s__Acidovorax_sp_210_6,1,6,16.666666666666668,Chu_2017_sludge vs Schulz_2017_wastewater,0.00020956753763559243,-0.6398288064999886
s__Gemmiger_formicilis,1,6,16.666666666666668,Chu_2017_sludge vs Schulz_2017_wastewater,0.03701083493749012,1.405963921483747
s__GGB44404_SGB88286,1,6,16.666666666666668,Chu_2017_sludge vs Schulz_2017_wastewater,1.5095565121039301e-05,-1.1276390703811061
s__GGB44695_SGB62151,1,6,16.666666666666668,Rowe_2017_hospital_wastewater vs Schulz_2017_wastewater,0.00042137490988886696,-1.3844179150363574
s__Holdemanella_porci,1,6,16.666666666666668,Chu_2017_sludge vs Schulz_2017_wastewater,0.0020777472307248242,0.15682357707022354
s__Bifidobacterium_pseudocatenulatum,1,6,16.666666666666668,Chu_2017_sludge vs Schulz_2017_wastewater,0.00036132828325933445,-0.5505862254255633
s__Desulfovibrio_desulfuricans,1,6,16.666666666666668,Chu_2017_sludge vs Schulz_2017_wastewater,0.0046535506425368165,0.07957056780341959
s__Enterococcus_aquimarinus,1,6,16.666666666666668,Chu_2017_sludge vs Schulz_2017_wastewater,0.019099855992060096,0.6660494357491781
s__Methanobrevibacter_smithii,1,6,16.666666666666668,Chu_2017_sludge vs Schulz_2017_wastewater,0.00027158620013596936,-0.40574412209363353
s__GGB26683_SGB103556,1,6,16.666666666666668,Chu_2017_sludge vs Schulz_2017_wastewater,0.00036132828325933445,-0.07117656826787794
s__Macellibacteroides_fermentans,1,6,16.666666666666668,Lekunberri_2018_river_wastewater vs Schulz_2017_wastewater,1.706071553212065e-05,6.858665598730978
s__Megamonas_funiformis,1,6,16.666666666666668,Chu_2017_sludge vs Schulz_2017_wastewater,0.01797357157721183,0.8356367746137114
s__Dorea_formicigenerans,1,6,16.666666666666668,Chu_2017_sludge vs Schulz_2017_wastewater,0.0337662219552271,1.0425493956079137
s__GGB24768_SGB36661,1,6,16.666666666666668,Rowe_2017_hospital_wastewater vs Schulz_2017_wastewater,0.04879550054267303,0.9707055077688489
s__GGB41936_SGB59041,1,6,16.666666666666668,Lekunberri_2018_river_wastewater vs Schulz_2017_wastewater,1.706071553212065e-05,7.801275140238161
s__Klebsiella_huaxiensis,1,6,16.666666666666668,Chu_2017_sludge vs Schulz_2017_wastewater,0.00036132828325933445,-0.03817487628334443
s__Phocaeicola_vulgatus,1,6,16.666666666666668,Chu_2017_sludge vs Lekunberri_2018_river_wastewater,0.04608466891990013,2.060200723146461
s__Citrobacter_portucalensis,1,6,16.666666666666668,Chu_2017_sludge vs Schulz_2017_wastewater,0.0021578326910530795,-0.12457619700344336
s__Citrobacter_braakii,1,6,16.666666666666668,Chu_2017_sludge vs Schulz_2017_wastewater,0.009915730361891278,0.6568650861531938
s__Citrobacter_freundii,1,6,16.666666666666668,Chu_2017_sludge vs Schulz_2017_wastewater,0.0337662219552271,0.9141154732538272
s__Candidatus_Gastranaerophilales_bacterium,1,6,16.666666666666668,Chu_2017_sludge vs Schulz_2017_wastewater,0.0337662219552271,0.967481495859814
s__Azospira_oryzae,1,6,16.666666666666668,Chu_2017_sludge vs Lekunberri_2018_river_wastewater,0.042207501951730717,2.2351832226116786
s__Alistipes_putredinis,0,6,0.0,None,1.0,0.0
s__Streptococcus_thermophilus,0,6,0.0,None,1.0,0.0
s__GGB6612_SGB9346,0,6,0.0,None,1.0,0.0
s__GGB57993_SGB79614,0,6,0.0,None,1.0,0.0
s__Acinetobacter_johnsonii,0,6,0.0,None,1.0,0.0
s__Aeromonas_salmonicida,0,6,0.0,None,1.0,0.0
s__Akkermansia_muciniphila,0,6,0.0,None,1.0,0.0
s__Aliarcobacter_butzleri,0,6,0.0,None,1.0,0.0
s__Methanothrix_soehngenii,0,6,0.0,None,1.0,0.0
s__Mediterraneibacter_faecis,0,6,0.0,None,1.0,0.0
s__Dialister_invisus,0,6,0.0,None,1.0,0.0
s__Desulfovibrio_sp_86,0,6,0.0,None,1.0,0.0
s__Fusicatenibacter_saccharivorans,0,6,0.0,None,1.0,0.0
s__Parabacteroides_distasonis,0,6,0.0,None,1.0,0.0
s__Candidatus_Cibionibacter_quicibialis,0,6,0.0,None,1.0,0.0
s__Bacteroides_caccae,0,6,0.0,None,1.0,0.0
s__Phascolarctobacterium_faecium,0,6,0.0,None,1.0,0.0
s__Phocaeicola_dorei,0,6,0.0,None,1.0,0.0
s__Bacteroides_ovatus,0,6,0.0,None,1.0,0.0
s__Blautia_wexlerae,0,6,0.0,None,1.0,0.0
s__Bacteroides_thetaiotaomicron,0,6,0.0,None,1.0,0.0
s__Bifidobacterium_longum,0,6,0.0,None,1.0,0.0
s__Trichococcus_flocculiformis,0,6,0.0,None,1.0,0.0
s__Segatella_sinensis,0,6,0.0,None,1.0,0.0
s__Segatella_copri,0,6,0.0,None,1.0,0.0
s__Acidovorax_sp_KKS102,0,6,0.0,None,1.0,0.0
