species,n_cohorts,pooled_effect,pooled_se,z_score,p_value,Q_statistic,Q_pvalue,I2_heterogeneity,min_effect,max_effect,p_adjusted,significant
g__GGB44404,4,1.060752248139076,0.11067911256812178,9.584032827207524,0.0,13.384386962057315,0.00387496168183743,77.58582437503831,-0.9390623529184863,1.300949511892349,0.0,True
g__GGB44854,4,0.9518585918025928,0.10766045835355142,8.841301684567773,0.0,13.90269177719735,0.0030406429690743586,78.42144493974553,-1.5662478662990107,1.068208102485753,0.0,True
c__Alphaproteobacteria,4,-6.821218003341144,0.11360366095617781,-60.043998106473026,0.0,289.5632359865904,0.0,98.96395687464312,-7.250517981986096,2.7560857194905752,0.0,True
s__Segatella_copri,4,-1.991040393746787,0.11202347101203457,-17.773421728138487,0.0,33.26055066985025,2.837799342181313e-07,90.98030567870478,-2.1491534886121113,1.2007754726812023,0.0,True
c__Bacteroidia,4,-3.1004258932276425,0.2591828261205904,-11.962312239720323,0.0,165.61067638872092,0.0,98.18852258476475,-5.317380822053433,3.3059831225233047,0.0,True
s__Simplicispira_sp_110,4,0.9991810110398345,0.11134467960096374,8.97376520028341,0.0,24.03386180643875,2.4576635761830445e-05,87.51761150929023,-2.5006668218437653,1.12119522653356,0.0,True
f__Fluviibacteraceae,4,-1.8331427906443396,0.11334009096951399,-16.173824945468017,0.0,102.75570474115172,0.0,97.08045406573076,-2.8121036801481387,7.023423465511953,0.0,True
g__Zoogloea,4,-1.1030327655893046,0.11026892525908735,-10.003115229405056,0.0,30.053987306892285,1.3444372604087818e-06,90.01796344236823,-3.094702446684325,2.154704555198114,0.0,True
s__Eubacterium_rectale,4,-2.47997353441591,0.1096586951176841,-22.61538432273372,0.0,46.87291423870294,3.698814587949073e-10,93.59971521138554,-2.855924099002245,1.8216706689506406,0.0,True
o__Acidaminococcales,4,-1.4278298690947806,0.11108359408879784,-12.853652069930364,0.0,28.24637968285576,3.224253787958986e-06,89.37916988412904,-1.5490250470907752,3.312624898380931,0.0,True
s__Fluviibacter_phosphoraccumulans,4,-1.8331427906443396,0.11334009096951399,-16.173824945468017,0.0,102.75570474115172,0.0,97.08045406573076,-2.8121036801481387,7.023423465511953,0.0,True
t__SGB10120,4,1.6176163353710569,0.11173354880410323,14.477445249744475,0.0,30.887674207127993,8.97621129647419e-07,90.28738784318152,-2.0751869055536716,1.7888628119851688,0.0,True
s__GGB23780_SGB65296,4,-1.5443724339209322,0.11250533204032999,-13.727104359527761,0.0,48.45648996680613,1.702641361234214e-10,93.80887884769393,-4.3510274165538565,2.756991998906738,0.0,True
t__SGB10124,4,1.1666325405506954,0.1094425587752873,10.659770327063361,0.0,17.232196772512157,0.0006331268283633618,82.5907280446946,-0.7329468340782725,1.3287994750985006,0.0,True
f__Akkermansiaceae,4,-1.0706332741274305,0.11112126223657462,-9.634819228817586,0.0,13.586102914890482,0.003526261840933631,77.91861272659744,-1.188699857290227,0.618158530440982,0.0,True
t__SGB102999,4,1.1924487061808244,0.1109944303644309,10.743320203235664,0.0,25.209774862627526,1.3957063379810286e-05,88.09985405919916,-0.928183462472054,2.3759493341561972,0.0,True
s__Acinetobacter_lwoffii,4,1.4832850090184213,0.11143357716103086,13.310934161926347,0.0,26.880870840966605,6.235812084476322e-06,88.83964728022136,-0.5628891982107338,1.6571124764251466,0.0,True
s__Candidatus_Chazhemtobacterium_aquaticus,4,1.7364660456821195,0.11182209431497249,15.528827789532953,0.0,34.894783322281974,1.2822260586631273e-07,91.40272638379055,-1.8460058627961353,1.9200652835978933,0.0,True
t__SGB1814,4,-2.246017114409701,0.11225289145994308,-20.008545750566984,0.0,37.47772359403038,3.645849022682057e-08,91.99524487533748,-2.4078978323212357,1.173692335104239,0.0,True
f__FGB8911,4,0.9297306039967791,0.10805251245943925,8.604433000535561,0.0,9.828336726027127,0.020083138154730396,69.47601528491099,-0.6486754707135105,1.0349769577074603,0.0,True
t__SGB12690,4,-3.451907410799017,0.11074866961470134,-31.16883862179409,0.0,166.51404236990246,0.0,98.1983501467488,-3.911987077313812,1.6871284406609925,0.0,True
t__SGB28484,4,-1.1772749017208854,0.10966591399340607,-10.735103177015166,0.0,49.66602040953111,9.410761059314154e-11,93.95965294730098,-3.4619770360498014,2.319955987500343,0.0,True
g__Trichococcus,4,-1.6080267786333082,0.11216239527127374,-14.336594495366889,0.0,26.610169908284067,7.106005106782831e-06,88.72611482624896,-1.7490635130261079,1.1881441273829532,0.0,True
f__Rikenellaceae,4,-2.4514800168506805,0.10826698052426378,-22.64291481095917,0.0,51.91720500274796,3.1192715077565936e-11,94.22156874615803,-2.9453167684198522,2.626830234920334,0.0,True
o__Coriobacteriales,4,-1.1561279278294059,0.11217113805875713,-10.306821771067408,0.0,40.93935245355586,6.735773161459235e-09,92.67208731891061,-3.2085984620551944,4.433288233380337,0.0,True
f__Streptomycetaceae,4,0.9989424575589112,0.11212193485491866,8.909429353422265,0.0,15.362748616561584,0.0015314867531057708,80.47224442137981,-1.0723129557939974,2.2894599845119283,0.0,True
f__Bifidobacteriaceae,4,-1.5103454425006753,0.10825167541303779,-13.952166899384265,0.0,62.199212585901094,1.9917401061775308e-13,95.1767878156708,-1.6840346423688444,4.651390881195452,0.0,True
g__Lachnospiraceae_unclassified,4,-2.8207089927620785,0.10953741632138392,-25.751100286007194,0.0,71.61937093063568,1.887379141862766e-15,95.81118912241558,-3.231159320950276,3.1811707968933978,0.0,True
t__SGB1927,4,-1.4072375837756743,0.11140589787200365,-12.631625530207353,0.0,72.8731892672662,9.992007221626409e-16,95.88325963202003,-1.6559661760359226,3.172313794332999,0.0,True
g__Ralstonia,4,1.2952951395687575,0.11212177118344484,11.55257472208049,0.0,21.02517231449928,0.00010401653016045564,85.73138923607702,-0.9515003818342707,1.4362180274459746,0.0,True
f__Erysipelotrichaceae,4,-1.1412990616979302,0.111921937044438,-10.197277601126432,0.0,67.95253342094273,1.1657341758564144e-14,95.58515356386195,-3.415070174412203,5.852871837730199,0.0,True
o__Lactobacillales,4,-3.7039539019815257,0.1124445886737923,-32.94025924828532,0.0,147.19507123793227,0.0,97.96188827875176,-4.02522644290673,4.364899478474124,0.0,True
s__GGB26683_SGB103556,4,0.9297306039967791,0.10805251245943925,8.604433000535561,0.0,9.828336726027127,0.020083138154730396,69.47601528491099,-0.6486754707135105,1.0349769577074603,0.0,True
f__Carnobacteriaceae,4,-2.275232483912677,0.11225518787699315,-20.26839495744133,0.0,34.86421085048298,1.3014367561403617e-07,91.39518742338481,-2.434395822041054,1.955333552655065,0.0,True
s__Bacteroides_graminisolvens,4,-3.4083581759498216,0.11227147811266149,-30.358183870436118,0.0,136.9299530516848,0.0,97.80909878873058,-3.752518544710623,3.729226065602687,0.0,True
o__Betaproteobacteria_unclassified,4,-3.0126200316857252,0.11434636306693664,-26.34644382980666,0.0,74.66068499174335,4.440892098500626e-16,95.98182095391735,-4.45515379833048,5.930200815699784,0.0,True
g__Comamonas,4,-1.3519878622537704,0.11170093172068238,-12.103639973519025,0.0,65.88931519421746,3.241851231905457e-14,95.44690972859999,-1.5288570892368814,4.967694184168387,0.0,True
t__SGB7467,4,-1.575388430713294,0.11209704690453984,-14.053790659221121,0.0,26.13317647389605,8.944255056375638e-06,88.52033925919169,-1.7168072689561433,1.1535861440173507,0.0,True
c__Actinomycetia,4,-4.803875630710898,0.11232350024840798,-42.768215200620816,0.0,253.05305754782705,0.0,98.81447786915872,-5.25552841397387,5.321934379386147,0.0,True
f__Clostridiaceae,4,-1.5704238489136326,0.11211337310045971,-14.007462316796472,0.0,43.851126147864775,1.6231727073545699e-09,93.15867056667123,-4.008959611146862,5.17283696516986,0.0,True
t__SGB89157,4,1.4315035331492587,0.11088304952573044,12.910030336215437,0.0,30.291921250895506,1.198071181152116e-06,90.09636934167287,-1.7786021676483132,1.6114574903811905,0.0,True
t__SGB103154,4,1.4550087629525637,0.11283652543649787,12.894838416230863,0.0,16.597882138895137,0.0008548926136583423,81.92540485047871,-0.500739786903162,1.5710570879444368,0.0,True
g__GGB4684,4,1.2434907231955294,0.11033127305489167,11.270519126312191,0.0,26.451224610572154,7.672335511355044e-06,88.65837009753815,-1.5454621576268521,1.4259644139375967,0.0,True
t__SGB2318,4,-1.5767698179062255,0.10782949735620202,-14.622805972076012,0.0,27.917127215912814,3.78045343374378e-06,89.253908624631,-2.0389233995602725,1.1091529130709912,0.0,True
p__Bacteria_unclassified,4,-1.175754969277025,0.11258137775489364,-10.443600822125468,0.0,10.734151708594,0.013253803581153467,72.05182038187394,-1.2648316664278163,0.7860647822865926,0.0,True
f__Desulfovibrionaceae,4,-0.9186673204833766,0.10881163498605348,-8.442730601383973,0.0,10.685290524739107,0.013555232856482413,71.92402028700808,-1.0281898719402323,1.7742085539352512,0.0,True
o__OFGB1776,4,1.156522958379587,0.11040989948692244,10.474812165883478,0.0,25.407601447609544,1.2688592513798724e-05,88.19251000065474,-1.6416374303456525,1.329789141218796,0.0,True
s__Acidovorax_temperans,4,-3.451907410799017,0.11074866961470134,-31.16883862179409,0.0,166.51404236990246,0.0,98.1983501467488,-3.911987077313812,1.6871284406609925,0.0,True
o__OFGB8911,4,0.9297306039967791,0.10805251245943925,8.604433000535561,0.0,9.828336726027127,0.020083138154730396,69.47601528491099,-0.6486754707135105,1.0349769577074603,0.0,True
t__SGB9333,4,1.2239571593597558,0.11101882360543147,11.0247714721765,0.0,29.566422991198518,1.7024695918577137e-06,89.85335493274566,-2.5410018858062937,1.3799472231661056,0.0,True
s__Klebsiella_pneumoniae,4,1.0550704906607646,0.11162486113024991,9.45193104813498,0.0,21.699999174843825,7.531111139957858e-05,86.17511468167329,-2.5582909015757247,1.183577430496447,0.0,True
t__SGB30365,4,1.0120143682438105,0.10905996681665552,9.2794303701297,0.0,23.896409360545242,2.625531453370744e-05,87.44581265437633,-0.9847232694070538,1.4174419051468938,0.0,True
g__Simplicispira,4,-1.5450454911604097,0.11307403382819574,-13.664016740642206,0.0,39.35632367844988,1.4587214325345599e-08,92.37733680485331,-3.4999503803967715,2.227655750135926,0.0,True
f__FGB81136,4,0.9518585918025928,0.10766045835355142,8.841301684567773,0.0,13.90269177719735,0.0030406429690743586,78.42144493974553,-1.5662478662990107,1.068208102485753,0.0,True
s__Dechloromonas_sp_H13,4,1.097756650962048,0.11226311280764018,9.77842697844148,0.0,24.67163078470255,1.808431018390788e-05,87.84028495651724,-1.4959445556619677,3.126830930589496,0.0,True
g__Fluviibacter,4,-1.8331427906443396,0.11334009096951399,-16.173824945468017,0.0,102.75570474115172,0.0,97.08045406573076,-2.8121036801481387,7.023423465511953,0.0,True
s__Phocaeicola_plebeius,4,1.0484238888727992,0.11093732748316364,9.450596229947156,0.0,19.38393149533465,0.0002277072743112063,84.52326350450608,-2.0240454790500424,1.1826248930736707,0.0,True
s__Alistipes_putredinis,4,-1.5767698179062255,0.10782949735620202,-14.622805972076012,0.0,27.917127215912814,3.78045343374378e-06,89.253908624631,-2.0389233995602725,1.1091529130709912,0.0,True
o__Hyphomicrobiales,4,-4.197058151831156,0.11393066846687036,-36.83870382145268,0.0,134.87481876206624,0.0,97.77571526876909,-4.468629047739407,2.930090664034905,0.0,True
g__GGB26683,4,0.9297306039967791,0.10805251245943925,8.604433000535561,0.0,9.828336726027127,0.020083138154730396,69.47601528491099,-0.6486754707135105,1.0349769577074603,0.0,True
g__Mediterraneibacter,4,-1.0351269756467885,0.10869405187825214,-9.523308384954044,0.0,12.884271665549145,0.004893677286359588,76.71579676465836,-1.260089881153638,1.0281419184027452,0.0,True
g__GGB24874,4,1.225052164121766,0.11128089303880148,11.008647852013679,0.0,19.40152307200742,0.0002258063785419706,84.5372964335547,-0.8895256901954292,1.8993556129095837,0.0,True
c__CFGB8911,4,0.9297306039967791,0.10805251245943925,8.604433000535561,0.0,9.828336726027127,0.020083138154730396,69.47601528491099,-0.6486754707135105,1.0349769577074603,0.0,True
t__SGB10068,4,-1.4162725426691765,0.10931059482434137,-12.956406878446515,0.0,29.023661272707457,2.2139372839458105e-06,89.66360593926493,-1.5427312361115226,3.7004999107041714,0.0,True
t__SGB59041,4,-2.383707541869508,0.11322619983944543,-21.052614547247913,0.0,42.97183255929123,2.4951252175497984e-09,93.01868265482815,-2.552492548295395,2.825022535145754,0.0,True
f__Aestuariivirgaceae,4,-0.976103622286887,0.11416548330704532,-8.549901371342507,0.0,12.033421333650397,0.007269545614754014,75.06943439592891,-2.3231516281389357,1.752177391622813,0.0,True
c__Verrucomicrobiae,4,-1.2156978811818968,0.11103357482626441,-10.9489213788182,0.0,18.87083774551668,0.00029073598788642574,84.10245458915708,-1.3528196342231378,0.799025223387455,0.0,True
t__SGB21982,4,-0.9841133987324512,0.09288836988702931,-10.594581430692866,0.0,94.03001864309306,0.0,96.8095295063303,-3.3164753676693137,2.2137445160398928,0.0,True
t__SGB36777,4,1.225052164121766,0.11128089303880148,11.008647852013679,0.0,19.40152307200742,0.0002258063785419706,84.5372964335547,-0.8895256901954292,1.8993556129095837,0.0,True
f__Xanthomonadaceae,4,-2.7545571736873966,0.11253806808804878,-24.476670165798968,0.0,75.18697447741773,3.3306690738754696e-16,96.00994717389374,-2.984117010707077,3.3189369834013047,0.0,True
f__Legionellaceae,4,1.5950386806273924,0.11128716843479551,14.332637832922712,0.0,32.00758244094232,5.214245044626864e-07,90.62722089200162,-1.2676346562913965,1.7850431158418334,0.0,True
g__Candidatus_Chazhemtobacterium,4,1.7364660456821195,0.11182209431497249,15.528827789532953,0.0,34.894783322281974,1.2822260586631273e-07,91.40272638379055,-1.8460058627961353,1.9200652835978933,0.0,True
s__Succinispira_mobilis,4,1.0120143682438105,0.10905996681665552,9.2794303701297,0.0,23.896409360545242,2.625531453370744e-05,87.44581265437633,-0.9847232694070538,1.4174419051468938,0.0,True
g__Acidovorax,4,-4.122426646296689,0.11081569111843119,-37.20074842010379,0.0,256.9305195802541,0.0,98.83236915376924,-4.690013827591406,2.060651618071576,0.0,True
g__Akkermansia,4,-1.0706332741274305,0.11112126223657462,-9.634819228817586,0.0,13.586102914890482,0.003526261840933631,77.91861272659744,-1.188699857290227,0.618158530440982,0.0,True
g__GGB75638,4,1.1924487061808244,0.1109944303644309,10.743320203235664,0.0,25.209774862627526,1.3957063379810286e-05,88.09985405919916,-0.928183462472054,2.3759493341561972,0.0,True
o__Rhodocyclales,4,-2.835467449372462,0.281048391154385,-10.088894078795448,0.0,233.79289689696884,0.0,98.71681302562324,-6.824157687273428,2.7662823505478107,0.0,True
s__Acetobacterium_fimetarium,4,1.0241911437200446,0.10968266718592656,9.337766576955188,0.0,27.736185582788767,4.125863260484586e-06,89.18380470506514,-1.1034586726243447,1.222458079926433,0.0,True
t__SGB1903,4,1.1751256513685677,0.11072676025250576,10.61284235796987,0.0,25.873456349711724,1.0137316530878238e-05,88.40510537343255,-2.658883422388479,1.3274760145728601,0.0,True
t__SGB1836,4,-2.0998909785599422,0.1100387840708835,-19.08318958892947,0.0,35.88527309506807,7.91849942283207e-08,91.6400246082778,-2.3273506029838247,1.16448029968415,0.0,True
s__Arcobacter_suis,4,-1.1772749017208854,0.10966591399340607,-10.735103177015166,0.0,49.66602040953111,9.410761059314154e-11,93.95965294730098,-3.4619770360498014,2.319955987500343,0.0,True
t__SGB1934,4,-1.1930785426419004,0.10748583419141122,-11.09986773249823,0.0,19.436170688182624,0.00022210851416715194,84.5648608044792,-1.6130258837355083,0.7181239876898494,0.0,True
g__Bacteroides,4,-4.504218831629124,0.11267321204396062,-39.97595124803716,0.0,194.17541324474678,0.0,98.4550052193175,-4.903189964284899,2.6452782727442976,0.0,True
s__GGB44404_SGB88286,4,1.060752248139076,0.11067911256812178,9.584032827207524,0.0,13.384386962057315,0.00387496168183743,77.58582437503831,-0.9390623529184863,1.300949511892349,0.0,True
f__Microbacteriaceae,4,-1.0588262461109506,0.11272082987691405,-9.3933503440947,0.0,46.51000187375673,4.418229115898953e-10,93.54977450195987,-2.227960953973127,6.029640165382395,0.0,True
o__OFGB7461,4,-1.5584356320111166,0.11262698005892186,-13.837143029101965,0.0,46.2688622146504,4.971965061884021e-10,93.51615782968165,-4.269859037790439,2.7349600656757556,0.0,True
s__Bilophila_wadsworthia,4,1.0062970188811486,0.11165736312413256,9.012365962488479,0.0,16.703726410532873,0.0008131419643027105,82.03993572291576,-1.9333732686429992,1.1252549687786897,0.0,True
s__Blautia_wexlerae,4,-1.0001945338839675,0.10803214110286807,-9.258305201334327,0.0,13.348231223149572,0.003940976421047515,77.52511213023371,-1.2902349021839,1.2048530482486848,0.0,True
s__Aeromonas_veronii,4,0.9251898619103621,0.10729860344280787,8.622571331075202,0.0,17.479610064086163,0.000563059714720926,82.83714574294858,-0.8781031078023533,1.0653017758889107,0.0,True
s__Pseudomonas_anguilliseptica,4,1.4315035331492587,0.11088304952573044,12.910030336215437,0.0,30.291921250895506,1.198071181152116e-06,90.09636934167287,-1.7786021676483132,1.6114574903811905,0.0,True
p__Spirochaetes,4,-2.4528673979326636,0.11341881656745204,-21.626635439930755,0.0,29.195668616101017,2.0371232570814968e-06,89.72450318077134,-2.5811692928482346,1.8036685883248467,0.0,True
s__Parabacteroides_distasonis,4,-1.1930785426419004,0.10748583419141122,-11.09986773249823,0.0,19.436170688182624,0.00022210851416715194,84.5648608044792,-1.6130258837355083,0.7181239876898494,0.0,True
f__Eubacteriaceae,4,-1.1577063084617243,0.1093158043430836,-10.590475141437974,0.0,56.905322775047246,2.6922908347160046e-12,94.72808543436382,-3.5079874772142796,4.518302540159436,0.0,True
g__Ruminococcus,4,-0.9602333615276969,0.11211674668777084,-8.564584595036546,0.0,37.29471779969704,3.985911967152589e-08,91.95596541013545,-4.983914446628031,2.6391848254331784,0.0,True
o__Neisseriales,4,-2.1403242038902763,0.11080540594560208,-19.316063017187357,0.0,190.77088055844635,0.0,98.42743295453789,-2.582605774374315,4.137293603268019,0.0,True
g__Streptococcus,4,-1.3125327011392098,0.11068770516094743,-11.857980967540145,0.0,22.903715028925753,4.2292798225318506e-05,86.9016882361171,-1.447175858906502,2.589321759058121,0.0,True
t__SGB61890,4,-1.0519587424899148,0.11118909454607462,-9.460988478991556,0.0,69.49584450286719,5.440092820663267e-15,95.68319512992431,-1.7011268945907907,4.8994426733651935,0.0,True
s__Comamonas_denitrificans,4,-1.0519587424899148,0.11118909454607462,-9.460988478991556,0.0,69.49584450286719,5.440092820663267e-15,95.68319512992431,-1.7011268945907907,4.8994426733651935,0.0,True
s__GGB41936_SGB59041,4,-2.383707541869508,0.11322619983944543,-21.052614547247913,0.0,42.97183255929123,2.4951252175497984e-09,93.01868265482815,-2.552492548295395,2.825022535145754,0.0,True
s__Escherichia_coli,4,-1.4162725426691765,0.10931059482434137,-12.956406878446515,0.0,29.023661272707457,2.2139372839458105e-06,89.66360593926493,-1.5427312361115226,3.7004999107041714,0.0,True
f__Prevotellaceae,4,-2.618302937956264,0.11079633121467118,-23.631675428703723,0.0,119.42917091812399,0.0,97.48805088661572,-3.004659216155024,1.53218417945323,0.0,True
o__Burkholderiales,4,-7.731423258065752,0.11237209318621187,-68.80198667523267,0.0,541.9193966618136,0.0,99.44641213832172,-8.434890947117957,3.497855301757771,0.0,True
t__SGB1626,4,-1.991040393746787,0.11202347101203457,-17.773421728138487,0.0,33.26055066985025,2.837799342181313e-07,90.98030567870478,-2.1491534886121113,1.2007754726812023,0.0,True
s__Prevotella_marseillensis,4,1.6254043881646434,0.1106433357555626,14.69048611979259,0.0,40.470349213992804,8.469210333039712e-09,92.58716552175751,-2.0840753447861817,1.8455138832017917,0.0,True
g__Blautia,4,-1.3628909411559904,0.10953023468106075,-12.443056888580305,0.0,18.517273466493616,0.00034399227609083205,83.79891075525563,-1.5133583530977468,1.7402252692251974,0.0,True
o__Desulfovibrionales,4,-0.9229333903860827,0.1088297939978313,-8.480521339629426,0.0,10.739279157794643,0.013222557243891653,72.06516418913853,-1.0326695294683912,1.7790540934688581,0.0,True
s__GGB4684_SGB6478,4,1.2434907231955294,0.11033127305489167,11.270519126312191,0.0,26.451224610572154,7.672335511355044e-06,88.65837009753815,-1.5454621576268521,1.4259644139375967,0.0,True
s__GGB6601_SGB9333,4,1.2239571593597558,0.11101882360543147,11.0247714721765,0.0,29.566422991198518,1.7024695918577137e-06,89.85335493274566,-2.5410018858062937,1.3799472231661056,0.0,True
f__Sphingosinicellaceae,4,-1.5142804854507637,0.11312126638054594,-13.386346651713072,0.0,38.34302410542238,2.3911937985232612e-08,92.17589099975099,-4.208123071832092,2.1943331744672494,0.0,True
g__Legionella,4,1.6038302798471775,0.11122958361938312,14.419098118134917,0.0,32.63127427423079,3.8522197598478414e-07,90.80636577417044,-1.255844839487402,1.7968329326458279,0.0,True
g__GGB41936,4,-2.383707541869508,0.11322619983944543,-21.052614547247913,0.0,42.97183255929123,2.4951252175497984e-09,93.01868265482815,-2.552492548295395,2.825022535145754,0.0,True
g__Parabacteroides,4,-1.3175023510212338,0.108100606133493,-12.187742494193378,0.0,20.808745657207734,0.00011535622313163518,85.58298491691708,-1.690503170939952,0.749274422219008,0.0,True
f__FGB1765,4,-1.2362825079691004,0.09392002931383522,-13.163140141684192,0.0,48.25005049827725,1.8839096949108125e-10,93.78238992701756,-2.024557537927735,3.1616145844478445,0.0,True
c__CFGB7461,4,-1.5584356320111166,0.11262698005892186,-13.837143029101965,0.0,46.2688622146504,4.971965061884021e-10,93.51615782968165,-4.269859037790439,2.7349600656757556,0.0,True
g__Empedobacter,4,0.9410755275356603,0.11274051487923724,8.347270087809157,0.0,16.510088935511213,0.0008911336400855285,81.82929230897503,-2.148815880686936,1.0278212492836567,0.0,True
c__Deltaproteobacteria,4,-4.013592955939871,0.11225456336784796,-35.75438570624246,0.0,98.36130356863728,0.0,96.95002008802518,-4.2430903459055065,2.610736439883244,0.0,True
f__Sporomusaceae,4,1.4357963951536776,0.0989817083478743,14.505674019158434,0.0,49.81598032092954,8.743616941586652e-11,93.97783606651299,-0.8887778967998652,1.793514284612559,0.0,True
t__SGB4933,4,-2.47997353441591,0.1096586951176841,-22.61538432273372,0.0,46.87291423870294,3.698814587949073e-10,93.59971521138554,-2.855924099002245,1.8216706689506406,0.0,True
f__Caulobacteraceae,4,-1.7030335772414613,0.09540419158843745,-17.850720695670788,0.0,38.967043307653455,1.763792922826468e-08,92.30118647618622,-2.464309822754738,1.4624972290448943,0.0,True
c__CFGB1776,4,1.156522958379587,0.11040989948692244,10.474812165883478,0.0,25.407601447609544,1.2688592513798724e-05,88.19251000065474,-1.6416374303456525,1.329789141218796,0.0,True
t__SGB9226,4,-1.0037726459593672,0.11091349401430181,-9.05004981476767,0.0,12.72472964066381,0.005271337258843212,76.42386058708043,-1.1207474828619888,0.5814637908041081,0.0,True
f__Burkholderiales_unclassified,4,-1.3620003784337646,0.11381320840798402,-11.966979909321491,0.0,24.09188421686232,2.390054184842061e-05,87.54767384320962,-1.458829298679084,3.3975103520038434,0.0,True
s__Bacteroides_uniformis,4,-2.0998909785599422,0.1100387840708835,-19.08318958892947,0.0,35.88527309506807,7.91849942283207e-08,91.6400246082778,-2.3273506029838247,1.16448029968415,0.0,True
t__SGB62331,4,0.9518585918025928,0.10766045835355142,8.841301684567773,0.0,13.90269177719735,0.0030406429690743586,78.42144493974553,-1.5662478662990107,1.068208102485753,0.0,True
t__SGB80957,4,-1.8331427906443396,0.11334009096951399,-16.173824945468017,0.0,102.75570474115172,0.0,97.08045406573076,-2.8121036801481387,7.023423465511953,0.0,True
f__Chromobacteriaceae,4,-1.9359110364779235,0.11106491102653462,-17.43044692139908,0.0,150.23688366396783,0.0,98.00315346881791,-2.3087782128433925,4.237504694708644,0.0,True
f__Ilumatobacteraceae,4,1.225052164121766,0.11128089303880148,11.008647852013679,0.0,19.40152307200742,0.0002258063785419706,84.5372964335547,-0.8895256901954292,1.8993556129095837,0.0,True
f__Bacteroidaceae,4,-2.810246959801281,0.2585163848160484,-10.870672517724394,0.0,137.5262740882615,0.0,97.81859864968445,-4.8464302472515755,2.5178198107970546,0.0,True
t__SGB22435,4,1.2171098734642027,0.11277208074198919,10.792652449579464,0.0,21.137952399205123,9.855464292474192e-05,85.8075184230578,-0.8787788104645318,2.6510297787587818,0.0,True
s__Arcobacter_caeni,4,-0.9841133987324512,0.09288836988702931,-10.594581430692866,0.0,94.03001864309306,0.0,96.8095295063303,-3.3164753676693137,2.2137445160398928,0.0,True
s__Acinetobacter_towneri,4,0.9101036460495676,0.10952746305810081,8.30936479891611,0.0,11.41968882078335,0.00966002658282028,73.7295818907068,-0.6141304690902469,1.0058378225159004,0.0,True
s__Aeromonas_caviae,4,-1.1618538944207797,0.11101075214111404,-10.466138387602857,0.0,14.34474155209003,0.0024715493190170523,79.08641303082314,-1.2618143056596196,2.4407481652666214,0.0,True
t__SGB22468,4,0.9991810110398345,0.11134467960096374,8.97376520028341,0.0,24.03386180643875,2.4576635761830445e-05,87.51761150929023,-2.5006668218437653,1.12119522653356,0.0,True
t__SGB103556,4,0.9297306039967791,0.10805251245943925,8.604433000535561,0.0,9.828336726027127,0.020083138154730396,69.47601528491099,-0.6486754707135105,1.0349769577074603,0.0,True
t__SGB10405,4,1.4832850090184213,0.11143357716103086,13.310934161926347,0.0,26.880870840966605,6.235812084476322e-06,88.83964728022136,-0.5628891982107338,1.6571124764251466,0.0,True
s__Trichococcus_flocculiformis,4,-1.575388430713294,0.11209704690453984,-14.053790659221121,0.0,26.13317647389605,8.944255056375638e-06,88.52033925919169,-1.7168072689561433,1.1535861440173507,0.0,True
t__SGB15295,4,1.0570630002374657,0.11114798894432788,9.510410492149619,0.0,20.14914504462996,0.00015807986290161669,85.11103079880034,-2.1327958922027195,1.186800448477705,0.0,True
t__SGB22471,4,-2.188253227725511,0.11266805725793438,-19.422126208459215,0.0,70.47804408009688,3.3306690738754696e-15,95.74335519783926,-4.242896425798765,2.7024888549659907,0.0,True
t__SGB15452,4,1.0062970188811486,0.11165736312413256,9.012365962488479,0.0,16.703726410532873,0.0008131419643027105,82.03993572291576,-1.9333732686429992,1.1252549687786897,0.0,True
s__Arcobacter_ellisii,4,1.1097836807871355,0.10385598199331453,10.685794496253235,0.0,22.005993058930585,6.50440927133511e-05,86.36735005793103,-0.9275696151453174,1.3288501496593517,0.0,True
g__GGB6601,4,1.2239571593597558,0.11101882360543147,11.0247714721765,0.0,29.566422991198518,1.7024695918577137e-06,89.85335493274566,-2.5410018858062937,1.3799472231661056,0.0,True
p__Gemmatimonadetes,4,-0.9178715739205143,0.1086473316597514,-8.448174105140415,0.0,23.102409728402463,3.844599146807237e-05,87.01434164111568,-3.5036277160345093,2.2321970590701,0.0,True
g__Alistipes,4,-2.012698860353799,0.10826081950708015,-18.59120288870685,0.0,36.149515919131865,6.96264969013427e-08,91.70113368402737,-2.483694228569208,1.0492923845209203,0.0,True
f__Comamonadaceae,4,-7.2883359824824465,0.11225298008594993,-64.9277727584774,0.0,494.0435528004381,0.0,99.39276608651306,-7.966607567164224,3.736107179638328,0.0,True
p__Verrucomicrobia,4,-3.0824615168211493,0.11255806771671395,-27.385522684869517,0.0,96.01199839341254,0.0,96.87539052389327,-3.3572914053392853,3.4157279680878134,0.0,True
t__SGB1871,4,-1.0077901284062099,0.1075394879079198,-9.371349520179281,0.0,16.500780501233905,0.0008950645303433813,81.81904183395649,-1.4109103515845398,0.9764661458224515,0.0,True
p__Actinobacteria,4,-6.845758969729352,0.11250837088970733,-60.8466633690776,0.0,426.8242598232707,0.0,99.29713460963016,-7.457353327476913,3.7823356732405466,0.0,True
o__Sphingomonadales,4,-4.630138898118355,0.11431069738512793,-40.50486091007565,0.0,113.13425959309457,0.0,97.34828334866027,-4.855502573780717,4.600803486312626,0.0,True
t__SGB1815,4,-1.5776580055171043,0.11049497414798337,-14.278097421916977,0.0,26.500787391007982,7.4910719259912995e-06,88.67958164511771,-1.7253607761008225,0.7991899731926069,0.0,True
t__SGB1924,4,-3.4083581759498216,0.11227147811266149,-30.358183870436118,0.0,136.9299530516848,0.0,97.80909878873058,-3.752518544710623,3.729226065602687,0.0,True
g__Cloacibacterium,4,-2.5827400744475137,0.11192889679450921,-23.07482829201094,0.0,67.22133768045519,1.6764367671839864e-14,95.53713135811003,-2.8301943036896144,1.2215250294763123,0.0,True
f__Betaproteobacteria_unclassified,4,-3.011142444208853,0.1143507239785584,-26.332517534156267,0.0,73.97431330382418,5.551115123125783e-16,95.94453822412852,-4.452833203637382,5.912602972610452,0.0,True
s__Gemmiger_SGB15295,4,1.0570630002374657,0.11114798894432788,9.510410492149619,0.0,20.14914504462996,0.00015807986290161669,85.11103079880034,-2.1327958922027195,1.186800448477705,0.0,True
o__Streptomycetales,4,0.9989424575589112,0.11212193485491866,8.909429353422265,0.0,15.362748616561584,0.0015314867531057708,80.47224442137981,-1.0723129557939974,2.2894599845119283,0.0,True
o__OFGB1765,4,-1.2362825079691004,0.09392002931383522,-13.163140141684192,0.0,48.25005049827725,1.8839096949108125e-10,93.78238992701756,-2.024557537927735,3.1616145844478445,0.0,True
t__SGB88250,4,1.097756650962048,0.11226311280764018,9.77842697844148,0.0,24.67163078470255,1.808431018390788e-05,87.84028495651724,-1.4959445556619677,3.126830930589496,0.0,True
s__GGB44385_SGB103154,4,1.4550087629525637,0.11283652543649787,12.894838416230863,0.0,16.597882138895137,0.0008548926136583423,81.92540485047871,-0.500739786903162,1.5710570879444368,0.0,True
g__Bifidobacterium,4,-1.506103831163448,0.1082501790823363,-13.913176346968337,0.0,61.89284918936164,2.3159252293680765e-13,95.15291339905603,-1.6795862546609022,4.635012726452576,0.0,True
g__Pseudomonas,4,-1.8249180075818543,0.11117691790462317,-16.414540373815914,0.0,98.99879092101447,0.0,96.96965996039938,-2.0179166343055526,5.689779013830755,0.0,True
t__SGB88266,4,-1.0087609054550466,0.11011974037970271,-9.160581944497407,0.0,29.42859946127679,1.8199330952262116e-06,89.80583495335037,-3.0320182298192284,2.06501630300643,0.0,True
o__OFGB39929,4,-2.383707541869508,0.11322619983944543,-21.052614547247913,0.0,42.97183255929123,2.4951252175497984e-09,93.01868265482815,-2.552492548295395,2.825022535145754,0.0,True
s__Bifidobacterium_pseudocatenulatum,4,1.1635776136504414,0.10869170195211532,10.705303098143236,0.0,39.76797346178288,1.1932647980827937e-08,92.45624119397733,-0.8818641976214474,1.4126682397251353,0.0,True
o__OFGB81136,4,0.9518585918025928,0.10766045835355142,8.841301684567773,0.0,13.90269177719735,0.0030406429690743586,78.42144493974553,-1.5662478662990107,1.068208102485753,0.0,True
f__Enterobacteriaceae,4,-2.3522137756161206,0.1120297209329905,-20.996337007954118,0.0,61.40732491144254,2.9409807922320397e-13,95.11458933551266,-2.5291806973156987,4.860696315541608,0.0,True
o__Pseudomonadales,4,-2.7974608597737998,0.11068556434955175,-25.273944946779583,0.0,118.24879800542749,0.0,97.46297632567706,-3.046625562092593,5.969243373188668,0.0,True
t__SGB2534,4,-2.5628763936608263,0.11186584977043089,-22.910266170777906,0.0,67.49349579601234,1.4654943925052066e-14,95.55512725394016,-2.8128065432215004,1.2389127899444263,0.0,True
s__GGB75638_SGB102999,4,1.1924487061808244,0.1109944303644309,10.743320203235664,0.0,25.209774862627526,1.3957063379810286e-05,88.09985405919916,-0.928183462472054,2.3759493341561972,0.0,True
t__SGB75519,4,1.7364660456821195,0.11182209431497249,15.528827789532953,0.0,34.894783322281974,1.2822260586631273e-07,91.40272638379055,-1.8460058627961353,1.9200652835978933,0.0,True
g__Prevotella,4,-1.365528405784349,0.11161604637638227,-12.234158529317808,0.0,24.876916593441333,1.6383016801402306e-05,87.9406276548319,-1.5202127215300827,1.5911175304017415,0.0,True
p__Planctomycetota,4,-1.6908231885001137,0.11484325068245277,-14.722878170484071,0.0,32.37515801707868,4.3622604717352687e-07,90.7336359611977,-1.764724281970039,6.315248349872424,0.0,True
s__Raoultella_ornithinolytica,4,1.1660989893894256,0.10944626472158328,10.65453437224035,0.0,17.196971064169443,0.0006437835496184707,82.55506746620853,-0.7303365250013993,1.3280905022628064,0.0,True
t__SGB28488,4,1.1097836807871355,0.10385598199331453,10.685794496253235,0.0,22.005993058930585,6.50440927133511e-05,86.36735005793103,-0.9275696151453174,1.3288501496593517,0.0,True
s__Macellibacteroides_fermentans,4,-1.4072375837756743,0.11140589787200365,-12.631625530207353,0.0,72.8731892672662,9.992007221626409e-16,95.88325963202003,-1.6559661760359226,3.172313794332999,0.0,True
p__Synergistetes,4,-1.0484039531924054,0.11300425142510019,-9.277562038338823,0.0,6.4999067795143,0.08966618044612196,53.84549191605218,-1.115606277533139,0.7975056915000811,0.0,True
o__OFGB2403,4,1.2239571593597558,0.11101882360543147,11.0247714721765,0.0,29.566422991198518,1.7024695918577137e-06,89.85335493274566,-2.5410018858062937,1.3799472231661056,0.0,True
t__SGB9956,4,-1.7556684922654144,0.11215506533272131,-15.653938473995941,0.0,25.735339049110934,1.0835116144192192e-05,88.3428774951242,-1.897600632909294,2.2906065927816934,0.0,True
s__Klebsiella_grimontii,4,1.6176163353710569,0.11173354880410323,14.477445249744475,0.0,30.887674207127993,8.97621129647419e-07,90.28738784318152,-2.0751869055536716,1.7888628119851688,0.0,True
o__Micrococcales,4,-3.201881485499668,0.11219088950324657,-28.539585519615763,0.0,173.6214857622784,0.0,98.27210325563762,-3.55935997148774,5.23057869788939,0.0,True
g__Segatella,4,-2.0496346611837617,0.11214532767310678,-18.276594341569506,0.0,33.887573675448735,2.092466436787177e-07,91.14719741008346,-2.2076270310062194,1.164533597096658,0.0,True
t__SGB32903,4,0.7338106814735464,0.07172997672777943,10.230181507773413,0.0,93.44134368389116,0.0,96.78942973021782,-1.2040161841594843,1.58389538971608,0.0,True
g__Sphingobium,4,1.561137516165428,0.11245258646682536,13.88262880574987,0.0,23.641617503698917,2.9675061096634536e-05,87.31051291422582,-1.5820923150884436,1.703868880961871,0.0,True
s__GGB24874_SGB36777,4,1.225052164121766,0.11128089303880148,11.008647852013679,0.0,19.40152307200742,0.0002258063785419706,84.5372964335547,-0.8895256901954292,1.8993556129095837,0.0,True
g__Succinispira,4,1.0120143682438105,0.10905996681665552,9.2794303701297,0.0,23.896409360545242,2.625531453370744e-05,87.44581265437633,-0.9847232694070538,1.4174419051468938,0.0,True
t__SGB9955,4,-1.1618538944207797,0.11101075214111404,-10.466138387602857,0.0,14.34474155209003,0.0024715493190170523,79.08641303082314,-1.2618143056596196,2.4407481652666214,0.0,True
s__Cloacibacterium_caeni,4,-2.5628763936608263,0.11186584977043089,-22.910266170777906,0.0,67.49349579601234,1.4654943925052066e-14,95.55512725394016,-2.8128065432215004,1.2389127899444263,0.0,True
s__GGB2734_SGB3677,4,1.0493349063154036,0.10973135114662975,9.56276301485815,0.0,16.030367322987832,0.0011178431861716964,81.2855192925121,-0.9135679523383715,1.3756593656503648,0.0,True
s__Dechloromonas_agitata,4,0.7338106814735464,0.07172997672777943,10.230181507773413,0.0,93.44134368389116,0.0,96.78942973021782,-1.2040161841594843,1.58389538971608,0.0,True
f__Porphyromonadaceae,4,-1.842601054328025,0.11161226196216255,-16.508948227863005,0.0,77.01431802621647,1.1102230246251565e-16,96.10462044346252,-2.1098515222355605,2.718428448133361,0.0,True
s__Dialister_invisus,4,-1.0018940361580277,0.10166094803803889,-9.85524978365483,0.0,26.40088066175128,7.860934627679228e-06,88.63674269644231,-1.811349958268506,0.5797488031961031,0.0,True
s__Acidovorax_sp_BoFeN1,4,-2.188253227725511,0.11266805725793438,-19.422126208459215,0.0,70.47804408009688,3.3306690738754696e-15,95.74335519783926,-4.242896425798765,2.7024888549659907,0.0,True
f__Candidatus_Chazhemtobacteraceae,4,1.7364660456821195,0.11182209431497249,15.528827789532953,0.0,34.894783322281974,1.2822260586631273e-07,91.40272638379055,-1.8460058627961353,1.9200652835978933,0.0,True
o__Veillonellales,4,-1.2273269159376006,0.10893657803155757,-11.266435371065716,0.0,18.01338875351654,0.00043706183800429343,83.34572111305629,-1.4463037546928519,1.0016155519854262,0.0,True
o__Bifidobacteriales,4,-1.5103454425006753,0.10825167541303779,-13.952166899384265,0.0,62.199212585901094,1.9917401061775308e-13,95.1767878156708,-1.6840346423688444,4.651390881195452,0.0,True
t__SGB1588,4,1.6254043881646434,0.1106433357555626,14.69048611979259,0.0,40.470349213992804,8.469210333039712e-09,92.58716552175751,-2.0840753447861817,1.8455138832017917,0.0,True
s__Phocaeicola_dorei,4,-1.5776580055171043,0.11049497414798337,-14.278097421916977,0.0,26.500787391007982,7.4910719259912995e-06,88.67958164511771,-1.7253607761008225,0.7991899731926069,0.0,True
f__Pseudomonadaceae,4,-2.7974608597737998,0.11068556434955175,-25.273944946779583,0.0,118.24879800542749,0.0,97.46297632567706,-3.046625562092593,5.969243373188668,0.0,True
s__Phocaeicola_vulgatus,4,-2.246017114409701,0.11225289145994308,-20.008545750566984,0.0,37.47772359403038,3.645849022682057e-08,91.99524487533748,-2.4078978323212357,1.173692335104239,0.0,True
t__SGB17237,4,1.1635776136504414,0.10869170195211532,10.705303098143236,0.0,39.76797346178288,1.1932647980827937e-08,92.45624119397733,-0.8818641976214474,1.4126682397251353,0.0,True
t__SGB88286,4,1.060752248139076,0.11067911256812178,9.584032827207524,0.0,13.384386962057315,0.00387496168183743,77.58582437503831,-0.9390623529184863,1.300949511892349,0.0,True
f__Veillonellaceae,4,-1.2273269159376006,0.10893657803155757,-11.266435371065716,0.0,18.01338875351654,0.00043706183800429343,83.34572111305629,-1.4463037546928519,1.0016155519854262,0.0,True
o__Corynebacteriales,4,-1.7243281013565266,0.1132177724169929,-15.230189258676154,0.0,24.83369186974739,1.6727445122710627e-05,87.91963749999401,-1.8035950577805768,3.693474963747813,0.0,True
s__GGB44854_SGB62331,4,0.9518585918025928,0.10766045835355142,8.841301684567773,0.0,13.90269177719735,0.0030406429690743586,78.42144493974553,-1.5662478662990107,1.068208102485753,0.0,True
o__Enterobacterales,4,-2.895417201885006,0.11144696112184536,-25.980225685287515,0.0,163.734837725731,0.0,98.16776927765046,-3.2257165083648864,5.361683686836183,0.0,True
o__Verrucomicrobiales,4,-1.2156978811818968,0.11103357482626441,-10.9489213788182,0.0,18.87083774551668,0.00029073598788642574,84.10245458915708,-1.3528196342231378,0.799025223387455,0.0,True
s__Rhodoferax_sp_TS_BS_61_7,4,1.2171098734642027,0.11277208074198919,10.792652449579464,0.0,21.137952399205123,9.855464292474192e-05,85.8075184230578,-0.8787788104645318,2.6510297787587818,0.0,True
f__Sphingomonadaceae,4,-2.323261007511369,0.11367761957300894,-20.437277066830774,0.0,89.4928236575636,0.0,96.6477759027034,-2.4877791595071304,6.965677189805604,0.0,True
o__Bacteroidales,4,-3.088372565311479,0.259068492153594,-11.921065891256568,0.0,165.3727019177882,0.0,98.18591583422796,-5.306890904354266,3.267361152812737,0.0,True
o__Xanthomonadales,4,-2.754652330812326,0.11253812992756794,-24.477502270432982,0.0,75.19118808941498,3.3306690738754696e-16,96.01017077103171,-2.98421439357749,3.319200527147759,0.0,True
g__Raoultella,4,0.9393174437296575,0.10990340091057861,8.546755022566774,0.0,9.354612988284899,0.024929409653954293,67.93026067719742,-0.9196822339494486,1.0631954019198706,0.0,True
g__GGB2734,4,1.0493349063154036,0.10973135114662975,9.56276301485815,0.0,16.030367322987832,0.0011178431861716964,81.2855192925121,-0.9135679523383715,1.3756593656503648,0.0,True
g__Macellibacteroides,4,-1.4072375837756743,0.11140589787200365,-12.631625530207353,0.0,72.8731892672662,9.992007221626409e-16,95.88325963202003,-1.6559661760359226,3.172313794332999,0.0,True
g__GGB23780,4,-1.5443724339209322,0.11250533204032999,-13.727104359527761,0.0,48.45648996680613,1.702641361234214e-10,93.80887884769393,-4.3510274165538565,2.756991998906738,0.0,True
g__Novosphingobium,4,1.2597798689208646,0.1128794898293051,11.160396550568109,0.0,17.70850388176775,0.0005051254519632398,83.05898668780975,-0.8157274487667872,1.3753810294041542,0.0,True
g__GGB44385,4,1.4550087629525637,0.11283652543649787,12.894838416230863,0.0,16.597882138895137,0.0008548926136583423,81.92540485047871,-0.500739786903162,1.5710570879444368,0.0,True
o__Caulobacterales,4,-1.7030335772414613,0.09540419158843745,-17.850720695670788,0.0,38.967043307653455,1.763792922826468e-08,92.30118647618622,-2.464309822754738,1.4624972290448943,0.0,True
s__Bacteroides_ovatus,4,-1.0077901284062099,0.1075394879079198,-9.371349520179281,0.0,16.500780501233905,0.0008950645303433813,81.81904183395649,-1.4109103515845398,0.9764661458224515,0.0,True
t__SGB83047,4,1.0241911437200446,0.10968266718592656,9.337766576955188,0.0,27.736185582788767,4.125863260484586e-06,89.18380470506514,-1.1034586726243447,1.222458079926433,0.0,True
g__Dialister,4,-0.9559576875020339,0.10712567108246751,-8.923703140829039,0.0,14.81605724677829,0.0019807825335081963,79.75169810677978,-1.3798416039816854,0.5933647461970804,0.0,True
c__CFGB81136,4,0.9518585918025928,0.10766045835355142,8.841301684567773,0.0,13.90269177719735,0.0030406429690743586,78.42144493974553,-1.5662478662990107,1.068208102485753,0.0,True
g__Arcobacter,4,-2.412296791401118,0.11240797570956902,-21.460192447854613,0.0,59.50721962206976,7.490674747145931e-13,94.95859490822627,-2.5996589620209023,2.34382974404619,0.0,True
c__Coriobacteriia,4,-1.3652020364441078,0.11215008985218693,-12.172991018049428,0.0,64.4157203932609,6.683542608243442e-14,95.342751766673,-3.456730924359255,5.030947954391438,0.0,True
g__Escherichia,4,-1.416520697111053,0.10931074453619653,-12.958659307658403,0.0,29.02900899277033,2.208216093979587e-06,89.66551010836385,-1.5429786251916866,3.7014107523175044,0.0,True
t__SGB65296,4,-1.5443724339209322,0.11250533204032999,-13.727104359527761,0.0,48.45648996680613,1.702641361234214e-10,93.80887884769393,-4.3510274165538565,2.756991998906738,0.0,True
f__FGB1776,4,1.156522958379587,0.11040989948692244,10.474812165883478,0.0,25.407601447609544,1.2688592513798724e-05,88.19251000065474,-1.6416374303456525,1.329789141218796,0.0,True
t__SGB4837,4,-0.9961621048343713,0.10802587416141139,-9.221513943464265,0.0,13.300775521940714,0.0040293156152156895,77.44492420722946,-1.286192930006924,1.1906556427956614,0.0,True
t__SGB10115_group,4,1.0550704906607646,0.11162486113024991,9.45193104813498,0.0,21.699999174843825,7.531111139957858e-05,86.17511468167329,-2.5582909015757247,1.183577430496447,0.0,True
t__SGB5825_group,4,-1.0018940361580277,0.10166094803803889,-9.85524978365483,0.0,26.40088066175128,7.860934627679228e-06,88.63674269644231,-1.811349958268506,0.5797488031961031,0.0,True
f__Streptococcaceae,4,-2.196243848930738,0.11234499699064239,-19.54910238783193,0.0,38.36078931611804,2.370570195697752e-08,92.17951441176552,-2.363754576132688,1.7550992120084883,0.0,True
c__CFGB1765,4,-1.2362825079691004,0.09392002931383522,-13.163140141684192,0.0,48.25005049827725,1.8839096949108125e-10,93.78238992701756,-2.024557537927735,3.1616145844478445,0.0,True
t__SGB9957,4,-2.950442585515398,0.11271060187732575,-26.177152249853663,0.0,66.27786656557097,2.6756374893466273e-14,95.47360204023467,-3.1674532396485016,1.5207965995045636,0.0,True
c__CFGB2403,4,1.2239571593597558,0.11101882360543147,11.0247714721765,0.0,29.566422991198518,1.7024695918577137e-06,89.85335493274566,-2.5410018858062937,1.3799472231661056,0.0,True
t__SGB3677,4,1.0493349063154036,0.10973135114662975,9.56276301485815,0.0,16.030367322987832,0.0011178431861716964,81.2855192925121,-0.9135679523383715,1.3756593656503648,0.0,True
f__Burkholderiaceae,4,-1.490128912233139,0.11426464801393431,-13.04103183384787,0.0,55.888081615411615,4.438449607846451e-12,94.63212922453805,-1.5774547517777937,8.713380073334498,0.0,True
f__FGB2403,4,1.2239571593597558,0.11101882360543147,11.0247714721765,0.0,29.566422991198518,1.7024695918577137e-06,89.85335493274566,-2.5410018858062937,1.3799472231661056,0.0,True
c__Negativicutes,4,-2.1550436565414426,0.1121201913108138,-19.22083463599649,0.0,43.51461528187984,1.9135337758768856e-09,93.10576462513448,-2.3288920656577305,3.195789815375269,0.0,True
c__CFGB39929,4,-2.383707541869508,0.11322619983944543,-21.052614547247913,0.0,42.97183255929123,2.4951252175497984e-09,93.01868265482815,-2.552492548295395,2.825022535145754,0.0,True
f__Acidaminococcaceae,4,-1.4278298690947806,0.11108359408879784,-12.853652069930364,0.0,28.24637968285576,3.224253787958986e-06,89.37916988412904,-1.5490250470907752,3.312624898380931,0.0,True
f__Tannerellaceae,4,-1.3175023510212338,0.108100606133493,-12.187742494193378,0.0,20.808745657207734,0.00011535622313163518,85.58298491691708,-1.690503170939952,0.749274422219008,0.0,True
t__SGB6478,4,1.2434907231955294,0.11033127305489167,11.270519126312191,0.0,26.451224610572154,7.672335511355044e-06,88.65837009753815,-1.5454621576268521,1.4259644139375967,0.0,True
s__Akkermansia_muciniphila,4,-1.0566400023346123,0.11108316745120896,-9.512152260140764,0.0,13.411358535647533,0.003826429931531594,77.63090150765883,-1.1745198186454036,0.6114456910425952,0.0,True
f__FGB39929,4,-2.383707541869508,0.11322619983944543,-21.052614547247913,0.0,42.97183255929123,2.4951252175497984e-09,93.01868265482815,-2.552492548295395,2.825022535145754,0.0,True
f__Weeksellaceae,4,-3.0363487137905993,0.1119205112856138,-27.129510747516484,0.0,103.4747719687551,0.0,97.10074258399345,-3.334759201876628,2.5492475253588798,0.0,True
f__Azonexaceae,4,-1.7593181695451778,0.11163354826818167,-15.759762157865827,0.0,54.92112517676014,7.137401780710206e-12,94.5376210149652,-1.9690398309537538,2.5516053947054305,0.0,True
s__Aeromonas_media,4,-3.2738805302729963,0.11317769944000676,-28.926904738935917,0.0,72.52709997610934,1.2212453270876722e-15,95.86361511629693,-3.4941038791053587,1.9695158498163576,0.0,True
t__SGB9947,4,0.9251898619103621,0.10729860344280787,8.622571331075202,0.0,17.479610064086163,0.000563059714720926,82.83714574294858,-0.8781031078023533,1.0653017758889107,0.0,True
f__FGB7461,4,-1.5584356320111166,0.11262698005892186,-13.837143029101965,0.0,46.2688622146504,4.971965061884021e-10,93.51615782968165,-4.269859037790439,2.7349600656757556,0.0,True
g__Acetobacterium,4,1.0033837291705223,0.10977752539220764,9.140156198508604,0.0,26.697605939987348,6.8124467106356335e-06,88.76303737966768,-1.1300652719834967,1.1958514805672813,0.0,True
s__Zoogloea_ramigera,4,-1.0087609054550466,0.11011974037970271,-9.160581944497407,0.0,29.42859946127679,1.8199330952262116e-06,89.80583495335037,-3.0320182298192284,2.06501630300643,0.0,True
f__FGB14846,4,0.9238700209144867,0.11254424252865242,8.208949655325819,2.220446049250313e-16,16.815815079800416,0.0007711353488517592,82.15965157940113,-0.9385173107340459,2.9645929012577312,5.700907118511716e-16,True
c__CFGB14846,4,0.9238700209144867,0.11254424252865242,8.208949655325819,2.220446049250313e-16,16.815815079800416,0.0007711353488517592,82.15965157940113,-0.9385173107340459,2.9645929012577312,5.700907118511716e-16,True
o__Rhodobacterales,4,-0.9076223136924492,0.11111582405214815,-8.168254354721698,2.220446049250313e-16,13.45583250953751,0.00374771601917423,77.70483544683246,-0.9884415303323546,2.4096505802021895,5.700907118511716e-16,True
o__OFGB14846,4,0.9238700209144867,0.11254424252865242,8.208949655325819,2.220446049250313e-16,16.815815079800416,0.0007711353488517592,82.15965157940113,-0.9385173107340459,2.9645929012577312,5.700907118511716e-16,True
g__Bilophila,4,0.904569170230469,0.11165198743720813,8.101684448198371,4.440892098500626e-16,16.267086776347252,0.0009995981963807354,81.5578533437095,-2.0423464275013763,1.0162818099203128,1.135674777758856e-15,True
s__GGB9758_SGB15368,4,0.8773557311867618,0.1108200243626945,7.916942233430038,2.4424906541753444e-15,27.080681108753517,5.662460539235248e-06,88.92199207267987,-2.2295728524782863,1.793839235308067,6.173013489263468e-15,True
g__GGB9758,4,0.8773557311867618,0.1108200243626945,7.916942233430038,2.4424906541753444e-15,27.080681108753517,5.662460539235248e-06,88.92199207267987,-2.2295728524782863,1.793839235308067,6.173013489263468e-15,True
t__SGB15368,4,0.8773557311867618,0.1108200243626945,7.916942233430038,2.4424906541753444e-15,27.080681108753517,5.662460539235248e-06,88.92199207267987,-2.2295728524782863,1.793839235308067,6.173013489263468e-15,True
c__Bacteria_unclassified,4,0.8819456824705704,0.11169595250763809,7.895950235173118,2.886579864025407e-15,21.141715858202204,9.837739080198471e-05,85.81004484157747,-2.7705487573713024,1.3907338135037122,7.238826248156737e-15,True
o__Bacteria_unclassified,4,0.8819456824705704,0.11169595250763809,7.895950235173118,2.886579864025407e-15,21.141715858202204,9.837739080198471e-05,85.81004484157747,-2.7705487573713024,1.3907338135037122,7.238826248156737e-15,True
f__FGB38642,4,0.8615379236233361,0.11083834348379835,7.772923128802176,7.771561172376096e-15,27.228572052062,5.272237559195148e-06,88.98216184725408,-2.2461841792085773,1.8549991200877745,1.926513440048787e-14,True
c__CFGB38642,4,0.8615379236233361,0.11083834348379835,7.772923128802176,7.771561172376096e-15,27.228572052062,5.272237559195148e-06,88.98216184725408,-2.2461841792085773,1.8549991200877745,1.926513440048787e-14,True
o__OFGB38642,4,0.8615379236233361,0.11083834348379835,7.772923128802176,7.771561172376096e-15,27.228572052062,5.272237559195148e-06,88.98216184725408,-2.2461841792085773,1.8549991200877745,1.926513440048787e-14,True
s__Ruminococcus_bromii,4,-0.8564788614189236,0.11178720176609636,-7.661689781009286,1.84297022087776e-14,36.09091544164569,7.164159343542309e-08,91.68765889341152,-4.880088834528089,2.6046418402235,4.551151652320269e-14,True
p__Cyanobacteria,4,-0.8698575440679384,0.11464153984225893,-7.587629625917614,3.26405569239796e-14,23.06528292185389,3.913728722593213e-05,86.99343940343537,-3.06659509326291,4.227822880835278,8.029825220461903e-14,True
t__SGB1860,4,0.7801861387411557,0.10342410699333845,7.543561761586276,4.574118861455645e-14,13.104958462602294,0.004415037923461429,77.10790149727586,-0.8125914610464291,0.9562662951541215,1.1167754352308688e-13,True
s__Bacteroides_faecis,4,0.7801861387411557,0.10342410699333845,7.543561761586276,4.574118861455645e-14,13.104958462602294,0.004415037923461429,77.10790149727586,-0.8125914610464291,0.9562662951541215,1.1167754352308688e-13,True
g__Phenylobacterium,4,0.7039911665293688,0.09386979705620342,7.499655785000392,6.394884621840902e-14,31.302520461402747,7.340690655333049e-07,90.41610721507516,-0.4150247014949824,1.085498980208905,1.5554475001244598e-13,True
t__SGB23251,4,0.7907009494770233,0.10554068211435194,7.491906757057996,6.794564910705958e-14,12.039374939359414,0.007249488526124281,75.08176283976066,-0.7135708673473884,0.9370798690890484,1.6403296631443116e-13,True
s__Klebsiella_huaxiensis,4,0.7907009494770233,0.10554068211435194,7.491906757057996,6.794564910705958e-14,12.039374939359414,0.007249488526124281,75.08176283976066,-0.7135708673473884,0.9370798690890484,1.6403296631443116e-13,True
o__Actinomycetales,4,0.8341393846591766,0.11173801649167125,7.465135061900368,8.326672684688674e-14,24.244940803343205,2.220472447855837e-05,87.62628449236584,-2.6345211432163964,1.5726427558039713,1.995317491479101e-13,True
f__Actinomycetaceae,4,0.8341393846591766,0.11173801649167125,7.465135061900368,8.326672684688674e-14,24.244940803343205,2.220472447855837e-05,87.62628449236584,-2.6345211432163964,1.5726427558039713,1.995317491479101e-13,True
t__SGB4285,4,-0.8340810939398229,0.11174097451475527,-7.464415784468422,8.37108160567368e-14,35.836661132231754,8.108110727267359e-08,91.62868441083151,-4.857927365366852,2.5509159983833327,1.998557121354565e-13,True
t__SGB10084,4,0.8233673819133717,0.11071879680293942,7.4365636702034,1.0325074129013956e-13,22.37467164880077,5.450923852756695e-05,86.5919820094397,-1.3717836499913751,1.5639852889255632,2.447004747791952e-13,True
s__Citrobacter_portucalensis,4,0.8233673819133717,0.11071879680293942,7.4365636702034,1.0325074129013956e-13,22.37467164880077,5.450923852756695e-05,86.5919820094397,-1.3717836499913751,1.5639852889255632,2.447004747791952e-13,True
s__Acidaminococcus_intestini,4,0.7523157512038502,0.10391276189039853,7.23987831251518,4.4919623576333834e-13,15.266035756817761,0.0016028546288097134,80.34853286217275,-1.3679796896086058,0.9200172097455027,1.056836234686836e-12,True
t__SGB5736,4,0.7523157512038502,0.10391276189039853,7.23987831251518,4.4919623576333834e-13,15.266035756817761,0.0016028546288097134,80.34853286217275,-1.3679796896086058,0.9200172097455027,1.056836234686836e-12,True
f__Coriobacteriaceae,4,-0.807969988611239,0.11201433648624777,-7.213094448052506,5.468958619303521e-13,40.57153416420661,8.060985878799443e-09,92.60565304763189,-2.831970292454618,4.660196301510421,1.2820348647425284e-12,True
g__Acidaminococcus,4,0.7481175290697442,0.10395363295024984,7.1966463108391645,6.17061957086662e-13,14.681799522847584,0.0021097887334953214,79.56653749881649,-1.3439572070424928,0.913492584851003,1.4412963401988097e-12,True
f__Enterococcaceae,4,-0.7879193485047669,0.10954629962572902,-7.1925692715932605,6.359357485052897e-13,24.994886444235508,1.547855709538304e-05,87.99754499108005,-1.283981776977603,3.9708950802331406,1.4800375154061957e-12,True
s__Psychrobacter_faecalis,4,0.7685050852605381,0.10698262558650733,7.183456949643813,6.796785356755208e-13,9.264183544374557,0.025977018608114744,67.61722189947677,-0.5121264246649282,0.8865835705984205,1.5705429020787929e-12,True
t__SGB10464,4,0.7685050852605381,0.10698262558650733,7.183456949643813,6.796785356755208e-13,9.264183544374557,0.025977018608114744,67.61722189947677,-0.5121264246649282,0.8865835705984205,1.5705429020787929e-12,True
g__Enterococcus,4,-0.7788918270520937,0.10954404581418067,-7.110307285649521,1.1577405700791132e-12,24.636725657642025,1.8390621352004644e-05,87.82305716397246,-1.2745980560796648,3.9363459260180047,2.6656873624241504e-12,True
t__SGB61482,4,0.7859335566178366,0.11108390604320666,7.075134325148269,1.4930279235159105e-12,7.610854701279482,0.05477750058358177,60.582613678123934,-1.0935027322512993,1.1479813836450656,3.4013699525168804e-12,True
g__GGB44099,4,0.7859335566178366,0.11108390604320666,7.075134325148269,1.4930279235159105e-12,7.610854701279482,0.05477750058358177,60.582613678123934,-1.0935027322512993,1.1479813836450656,3.4013699525168804e-12,True
s__GGB44099_SGB61482,4,0.7859335566178366,0.11108390604320666,7.075134325148269,1.4930279235159105e-12,7.610854701279482,0.05477750058358177,60.582613678123934,-1.0935027322512993,1.1479813836450656,3.4013699525168804e-12,True
f__Alcaligenaceae,4,-0.7657600056819555,0.11264171742431577,-6.798191852822836,1.0593970145578169e-11,25.61415968338725,1.1486672542360132e-05,88.28772820548265,-1.6305872695751675,4.406799855832697,2.4050170821716055e-11,True
s__Laribacter_hongkongensis,4,0.7498921019956698,0.11038552497711161,6.793391634919158,1.095279422713702e-11,12.632917464531214,0.005501592833696112,76.25251642446851,-0.719282764146197,1.516636720481009,2.46057564755474e-11,True
g__Laribacter,4,0.7498921019956698,0.11038552497711161,6.793391634919158,1.095279422713702e-11,12.632917464531214,0.005501592833696112,76.25251642446851,-0.719282764146197,1.516636720481009,2.46057564755474e-11,True
t__SGB13091,4,0.7498921019956698,0.11038552497711161,6.793391634919158,1.095279422713702e-11,12.632917464531214,0.005501592833696112,76.25251642446851,-0.719282764146197,1.516636720481009,2.46057564755474e-11,True
c__Opitutae,4,-0.7594183718072769,0.11261464348536539,-6.743513528113825,1.546007766251023e-11,23.845271906278857,2.6908605513908945e-05,87.4188895316809,-2.0965665635637425,3.170622167145273,3.4611315735792794e-11,True
s__Phocaeicola_coprocola,4,0.708520882291436,0.10577479222655144,6.698390678696923,2.1072699141200246e-11,14.490247227010958,0.0023083952934388474,79.29641949512245,-1.6911843392777703,0.840373581549637,4.6852358571672027e-11,True
t__SGB1891,4,0.708520882291436,0.10577479222655144,6.698390678696923,2.1072699141200246e-11,14.490247227010958,0.0023083952934388474,79.29641949512245,-1.6911843392777703,0.840373581549637,4.6852358571672027e-11,True
s__Aliarcobacter_butzleri,4,-0.726582641857292,0.11188398338345232,-6.494071983182124,8.35467250936972e-11,5.602996357291066,0.13260644613274852,46.45722023188253,-0.8011911547976678,0.3439757978219233,1.8448713698164538e-10,True
t__SGB19413,4,-0.726582641857292,0.11188398338345232,-6.494071983182124,8.35467250936972e-11,5.602996357291066,0.13260644613274852,46.45722023188253,-0.8011911547976678,0.3439757978219233,1.8448713698164538e-10,True
t__SGB1877,4,-0.6998650375077891,0.10894603795242983,-6.423960436389417,1.3277379196097172e-10,10.167650971374352,0.017193501958920776,70.49465989296746,-0.8274857411776699,0.793633331135672,2.912021810127075e-10,True
s__Bacteroides_caccae,4,-0.6998650375077891,0.10894603795242983,-6.423960436389417,1.3277379196097172e-10,10.167650971374352,0.017193501958920776,70.49465989296746,-0.8274857411776699,0.793633331135672,2.912021810127075e-10,True
g__Paracoccus,4,0.704881754846483,0.11107977680844691,6.345725343525188,2.2137980337788576e-10,23.025508045661923,3.989163821049857e-05,86.9709715240563,-1.6227667934267538,2.0725362272990546,4.838943675185543e-10,True
s__GGB75672_SGB103056,4,0.7113265742231462,0.11218607137951621,6.340596167386833,2.2887780559699422e-10,8.246025446605104,0.04119154974469896,63.618836499769685,-1.0567058748899314,1.7374245234504022,4.952640141179105e-10,True
g__GGB75672,4,0.7113265742231462,0.11218607137951621,6.340596167386833,2.2887780559699422e-10,8.246025446605104,0.04119154974469896,63.618836499769685,-1.0567058748899314,1.7374245234504022,4.952640141179105e-10,True
t__SGB103056,4,0.7113265742231462,0.11218607137951621,6.340596167386833,2.2887780559699422e-10,8.246025446605104,0.04119154974469896,63.618836499769685,-1.0567058748899314,1.7374245234504022,4.952640141179105e-10,True
g__Uruburuella,4,0.6969009992034894,0.1107730562893657,6.2912500796494895,3.149194238716291e-10,19.982876497260296,0.00017113507991517452,84.98714636798506,-1.868215019376412,1.831179322340256,6.746783683607418e-10,True
s__Uruburuella_suis,4,0.6969009992034894,0.1107730562893657,6.2912500796494895,3.149194238716291e-10,19.982876497260296,0.00017113507991517452,84.98714636798506,-1.868215019376412,1.831179322340256,6.746783683607418e-10,True
t__SGB30674,4,0.6969009992034894,0.1107730562893657,6.2912500796494895,3.149194238716291e-10,19.982876497260296,0.00017113507991517452,84.98714636798506,-1.868215019376412,1.831179322340256,6.746783683607418e-10,True
s__Acidovorax_sp_210_6,4,0.6922807780950765,0.11020384409500467,6.281820600543428,3.3463076754003396e-10,15.648287582887088,0.0013386642131556492,80.82857319620845,-0.8447507808178993,1.8695404191706544,7.121911401263223e-10,True
t__SGB61892,4,0.6922807780950765,0.11020384409500467,6.281820600543428,3.3463076754003396e-10,15.648287582887088,0.0013386642131556492,80.82857319620845,-0.8447507808178993,1.8695404191706544,7.121911401263223e-10,True
s__Acinetobacter_bouvetii,4,0.6928666213977076,0.1103535701833916,6.278606303776705,3.416213978368887e-10,6.118056913075652,0.10600565644685322,50.96482359311939,-0.692577137122443,1.0018652042471887,7.223171385636176e-10,True
t__SGB10385,4,0.6928666213977076,0.1103535701833916,6.278606303776705,3.416213978368887e-10,6.118056913075652,0.10600565644685322,50.96482359311939,-0.692577137122443,1.0018652042471887,7.223171385636176e-10,True
s__Acetoanaerobium_noterae,4,-0.6814086020974611,0.10905174184947938,-6.24848893324407,4.144424803342872e-10,8.873590418625268,0.031019650667795218,66.19181347717904,-0.7291983249418161,2.4188614611113333,8.677808568811775e-10,True
g__Acetoanaerobium,4,-0.6814086020974611,0.10905174184947938,-6.24848893324407,4.144424803342872e-10,8.873590418625268,0.031019650667795218,66.19181347717904,-0.7291983249418161,2.4188614611113333,8.677808568811775e-10,True
t__SGB6090,4,-0.6814086020974611,0.10905174184947938,-6.24848893324407,4.144424803342872e-10,8.873590418625268,0.031019650667795218,66.19181347717904,-0.7291983249418161,2.4188614611113333,8.677808568811775e-10,True
o__Selenomonadales,4,-0.6941574574275566,0.11132193822465057,-6.235585442527319,4.5009151961039606e-10,4.832334138206775,0.18449428934334455,37.91820031068327,-0.7624668491289033,0.9668359433571491,9.393845586707298e-10,True
p__Chlamydiae,4,0.6336527115913605,0.10418818096844121,6.081809910697021,1.188334097790289e-09,8.70769472014446,0.03344060324734954,65.54771272516281,-0.3875268256864046,0.7839615635964919,2.47219344459909e-09,True
t__SGB4563,4,-0.6581140113353372,0.10836558225390569,-6.073090714294737,1.2547152206110468e-09,6.126670392358906,0.10560746302420387,51.03376209463535,-0.8556518734825256,0.5407931218668739,2.5936126125729945e-09,True
s__Mediterraneibacter_faecis,4,-0.6581140113353372,0.10836558225390569,-6.073090714294737,1.2547152206110468e-09,6.126670392358906,0.10560746302420387,51.03376209463535,-0.8556518734825256,0.5407931218668739,2.5936126125729945e-09,True
g__Fusicatenibacter,4,-0.6216333873563712,0.10379856704879781,-5.988843632726922,2.113382135959796e-09,11.958258961589852,0.007527524050928047,74.91273596234991,-1.2872566486594543,0.8170851222704634,4.354644082694229e-09,True
t__SGB4874,4,-0.6182378190375623,0.10378940946606968,-5.956656100251476,2.574511936970225e-09,11.924245594943361,0.007647219863654908,74.84117568601413,-1.2838485680528966,0.8052347954202443,5.2712317190497966e-09,True
s__Fusicatenibacter_saccharivorans,4,-0.6182378190375623,0.10378940946606968,-5.956656100251476,2.574511936970225e-09,11.924245594943361,0.007647219863654908,74.84117568601413,-1.2838485680528966,0.8052347954202443,5.2712317190497966e-09,True
g__Aliarcobacter,4,1.1550023291164047,0.1948563210424248,5.927456306972631,3.07663183818363e-09,209.93297659388836,0.0,98.57097248432606,-5.456661491424041,2.7612305596702917,6.279434698122425e-09,True
s__Aliarcobacter_cryaerophilus,4,1.1574872792605992,0.19588878721909328,5.9089001248754425,3.4439942009356628e-09,208.72687047608147,0.0,98.56271500015434,-5.430283673003137,2.6738946376947705,6.985154382461987e-09,True
t__SGB19418,4,1.1574872792605992,0.19588878721909328,5.9089001248754425,3.4439942009356628e-09,208.72687047608147,0.0,98.56271500015434,-5.430283673003137,2.6738946376947705,6.985154382461987e-09,True
f__Arcobacteraceae,4,1.1350435670508057,0.19443635492799202,5.837609779668829,5.295500260515951e-09,210.2838844588694,0.0,98.57335715111027,-5.492938899830356,2.733553668121286,1.0706839589230687e-08,True
p__Bacillota,4,-0.6366914757451447,0.10972882959073046,-5.802408338081192,6.536913010890544e-09,6.882784852207538,0.07572915794893342,56.412991769780504,-0.6850134280312453,1.9362100099742716,1.3175647096717077e-08,True
c__Methanomicrobia,4,-1.9566454799949977,0.34024657599608266,-5.750669126549932,8.889093017216965e-09,22.331919596950573,5.563796536511845e-05,86.5663138048838,-3.0971089630551494,1.3967806603107564,1.78610036712403e-08,True
o__Eubacteriales,4,-0.6305758757286759,0.1097061534179491,-5.747862413208145,9.037873338613167e-09,6.847239130679465,0.07692949598041643,56.186720768107534,-0.6785850468271727,1.930713911551546,1.8047852006428143e-08,True
c__Clostridia,4,-0.6305758757286759,0.1097061534179491,-5.747862413208145,9.037873338613167e-09,6.847239130679465,0.07692949598041643,56.186720768107534,-0.6785850468271727,1.930713911551546,1.8047852006428143e-08,True
p__Ignavibacteriae,4,-2.0355941087457334,0.35660636762994313,-5.708238252374972,1.1415155709570968e-08,70.59384607693733,3.219646771412954e-15,95.75033778903274,-5.088945334316796,4.5335026376295895,2.2724940751053587e-08,True
p__Fusobacteria,4,0.5303423636655492,0.09372860149597513,5.658276718108539,1.5290046784244282e-08,30.732677988788705,9.676593387686339e-07,90.23840356153016,-0.5292489895541088,0.9120010479560422,3.016054960184771e-08,True
c__Fusobacteriia,4,0.5303423636655492,0.09372860149597513,5.658276718108539,1.5290046784244282e-08,30.732677988788705,9.676593387686339e-07,90.23840356153016,-0.5292489895541088,0.9120010479560422,3.016054960184771e-08,True
o__Fusobacteriales,4,0.5303423636655492,0.09372860149597513,5.658276718108539,1.5290046784244282e-08,30.732677988788705,9.676593387686339e-07,90.23840356153016,-0.5292489895541088,0.9120010479560422,3.016054960184771e-08,True
g__Phocaeicola,4,-1.3393406159960946,0.23767856500915693,-5.635092150377525,1.7496475379630283e-08,83.82479933861848,0.0,96.4211068518265,-3.1869467317897016,1.5136590926647622,3.4407962220731896e-08,True
f__Rhodobacteraceae,4,-0.6271493067048679,0.11141934477447976,-5.6287290862664845,1.8154227232614062e-08,13.612464556255617,0.0034830506482952384,77.96137512349776,-2.0357374478133234,2.652988117611634,3.5593287937882725e-08,True
o__Campylobacterales,4,1.0944570202032884,0.19450303243352554,5.6269406523383445,1.8343380148166943e-08,211.11201476947514,0.0,98.5789534511923,-5.542302477493226,2.912706792311419,3.57474908309157e-08,True
c__Epsilonproteobacteria,4,1.0944570202032884,0.19450303243352554,5.6269406523383445,1.8343380148166943e-08,211.11201476947514,0.0,98.5789534511923,-5.542302477493226,2.912706792311419,3.57474908309157e-08,True
f__Iamiaceae,4,0.6290981092916808,0.11213685903534797,5.610092120498715,2.0221894159178078e-08,6.208725197586386,0.10188528749336179,51.680902205717906,-0.7557267260790597,1.5414358769630543,3.9289986549514165e-08,True
s__Moraxellaceae_bacterium_AER2_44_116,4,0.6250695631785048,0.11176694083041795,5.592615835544001,2.236738283478701e-08,7.820144406098674,0.0498787653906404,61.63753705544877,-1.3159745226305202,1.3938862608218683,4.307052587531903e-08,True
t__SGB81122,4,0.6250695631785048,0.11176694083041795,5.592615835544001,2.236738283478701e-08,7.820144406098674,0.0498787653906404,61.63753705544877,-1.3159745226305202,1.3938862608218683,4.307052587531903e-08,True
g__Moraxellaceae_unclassified,4,0.6250695631785048,0.11176694083041795,5.592615835544001,2.236738283478701e-08,7.820144406098674,0.0498787653906404,61.63753705544877,-1.3159745226305202,1.3938862608218683,4.307052587531903e-08,True
t__SGB15463,4,0.6008047886850366,0.1092099820599254,5.50137246937157,3.768461476205687e-08,11.074015821296749,0.01133230323023715,72.90955649322248,-0.8540365058049,0.8721515128762698,7.234998739184213e-08,True
g__GGB44548,4,0.6155353692202932,0.11249996383088562,5.471427263261971,4.4642556540352984e-08,18.4650549455532,0.0003526404106025671,83.75309464907676,-1.8866836429666176,2.922561648671807,8.495215906355407e-08,True
t__SGB61987,4,0.6155353692202932,0.11249996383088562,5.471427263261971,4.4642556540352984e-08,18.4650549455532,0.0003526404106025671,83.75309464907676,-1.8866836429666176,2.922561648671807,8.495215906355407e-08,True
s__GGB44548_SGB61987,4,0.6155353692202932,0.11249996383088562,5.471427263261971,4.4642556540352984e-08,18.4650549455532,0.0003526404106025671,83.75309464907676,-1.8866836429666176,2.922561648671807,8.495215906355407e-08,True
g__Candidatus_Cibionibacter,4,-0.594666578961669,0.1095274168896177,-5.429385589920166,5.654839019264557e-08,6.681930446116411,0.08275723039782257,55.102795154899844,-0.6399283519112986,1.9296720915624521,1.0635700132163279e-07,True
s__Candidatus_Cibionibacter_quicibialis,4,-0.594666578961669,0.1095274168896177,-5.429385589920166,5.654839019264557e-08,6.681930446116411,0.08275723039782257,55.102795154899844,-0.6399283519112986,1.9296720915624521,1.0635700132163279e-07,True
t__SGB15286,4,-0.594666578961669,0.1095274168896177,-5.429385589920166,5.654839019264557e-08,6.681930446116411,0.08275723039782257,55.102795154899844,-0.6399283519112986,1.9296720915624521,1.0635700132163279e-07,True
f__Eubacteriales_incertae_sedis,4,-0.594666578961669,0.1095274168896177,-5.429385589920166,5.654839019264557e-08,6.681930446116411,0.08275723039782257,55.102795154899844,-0.6399283519112986,1.9296720915624521,1.0635700132163279e-07,True
t__SGB28555,4,0.5823702392423549,0.1078255603107755,5.40104069539582,6.625539161753125e-08,15.957807144983004,0.0011567958324930627,81.2004245148233,-1.9154192236763092,0.6732851260697862,1.2389375253336046e-07,True
s__Sulfurospirillum_sp_UCH001,4,0.5823702392423549,0.1078255603107755,5.40104069539582,6.625539161753125e-08,15.957807144983004,0.0011567958324930627,81.2004245148233,-1.9154192236763092,0.6732851260697862,1.2389375253336046e-07,True
g__Gemmiger,4,-0.5966731590734138,0.11097199256383793,-5.376790533252529,7.582530092697937e-08,6.217102975043525,0.10151240704282949,51.74601398686022,-0.653895996449793,1.5741719000823302,1.4138031613762437e-07,True
k__Archaea,4,-2.0278176229946463,0.38189975469827186,-5.309816510871465,1.0973565722771639e-07,63.51631499631405,1.0413891970983968e-13,95.27680407754434,-4.420714328706584,3.751711985230802,2.0402002938601292e-07,True
s__Gemmiger_formicilis,4,-0.5758951061374081,0.11089560414556374,-5.193128353234606,2.0678951262453893e-07,6.1080647631555935,0.10646938556145069,50.884607214771606,-0.631905956370894,1.5695797145785961,3.833605004815951e-07,True
g__Dechloromonas,4,0.5767493861365913,0.11174579512711888,5.161262537713364,2.45289893063827e-07,26.822805267795474,6.413038045716135e-06,88.81548752992693,-1.0377283327325837,4.219124008043602,4.534358880351316e-07,True
f__Zoogloeaceae,4,-1.2380677634171997,0.2410492658790455,-5.136160688572441,2.8040792399153247e-07,220.6158304100917,0.0,98.64017011180773,-5.5060240589731455,3.3965587083756565,5.168772843946482e-07,True
f__Neisseriaceae,4,-0.567718333965975,0.11167264607302134,-5.083772561409095,3.7001097208388956e-07,17.509913392394843,0.0005550259550041181,82.86684843739431,-2.3998314783092116,1.1967346835887747,6.801053947110129e-07,True
g__Phascolarctobacterium,4,-0.5473645530896609,0.10837250222981401,-5.050769723199002,4.4003328603103853e-07,4.428002838089716,0.21880287798732012,32.24936591742951,-0.8675053546902411,1.009356986927545,8.042416272940167e-07,True
t__SGB15300,4,-0.5599276141798706,0.11085810287827666,-5.050849686600508,4.39849099587164e-07,5.982408755139937,0.11246922101279533,49.852975234725065,-0.6158498475363261,1.5273390073758675,8.042416272940167e-07,True
t__SGB22964,4,0.5555704707134508,0.1106582533324071,5.020596783184068,5.151118862567472e-07,9.164097081141543,0.027186843787493142,67.26355064293689,-0.6807430300521944,1.5139663307122997,9.361724449666164e-07,True
s__Acinetobacter_sp_WCHAc010034,4,0.5555704707134508,0.1106582533324071,5.020596783184068,5.151118862567472e-07,9.164097081141543,0.027186843787493142,67.26355064293689,-0.6807430300521944,1.5139663307122997,9.361724449666164e-07,True
o__Myxococcales,4,-0.514276881084873,0.10481616073045931,-4.906465544062095,9.273227039585663e-07,14.529279051200444,0.0022664763861699466,79.35203811952299,-2.084375462526225,1.3755839028062902,1.680610054513144e-06,True
t__SGB101628,4,0.5183144155314116,0.10839311491804315,4.7818020168837565,1.737307413929301e-06,5.793145296587572,0.1221195095029155,48.21465980203988,-0.586928779222682,0.5881269950897473,3.131024782206846e-06,True
s__Streptococcus_suis,4,0.5183144155314116,0.10839311491804315,4.7818020168837565,1.737307413929301e-06,5.793145296587572,0.1221195095029155,48.21465980203988,-0.586928779222682,0.5881269950897473,3.131024782206846e-06,True
t__SGB88459,4,0.5194850736420231,0.10886838016481673,4.771680012649866,1.8269559318717654e-06,2.7097968144678783,0.4385649949301572,0.0,-0.6094961344513878,0.5780288860624218,3.2743503820527208e-06,True
s__Rhizobacter_SGB88459,4,0.5194850736420231,0.10886838016481673,4.771680012649866,1.8269559318717654e-06,2.7097968144678783,0.4385649949301572,0.0,-0.6094961344513878,0.5780288860624218,3.2743503820527208e-06,True
g__Rhizobacter,4,0.5167113764854636,0.10887363361412193,4.745973467890589,2.0750591307461264e-06,2.6816228290434245,0.44335934127389465,0.0,-0.605781129823399,0.5750145815008404,3.7087382806429384e-06,True
g__Moraxella,4,0.5105915094198936,0.10987493120547359,4.647024610782716,3.367570021950428e-06,5.39141778394452,0.1452792165322363,44.35600949097453,-1.6651717238962183,0.5551913143753208,5.969363847128567e-06,True
s__Moraxella_osloensis,4,0.5105997188818314,0.10987488861322439,4.647101128622908,3.3663215863732887e-06,5.3919545234184065,0.14524566239066772,44.36154854477423,-1.6652105374679715,0.5552018563330806,5.969363847128567e-06,True
t__SGB10439,4,0.5105997188818314,0.10987488861322439,4.647101128622908,3.3663215863732887e-06,5.3919545234184065,0.14524566239066772,44.36154854477423,-1.6652105374679715,0.5552018563330806,5.969363847128567e-06,True
t__SGB62151,4,-0.48668834145041195,0.10641664638910096,-4.573423030743599,4.798199924938018e-06,14.992222903710761,0.0018233071059277073,79.98962515920529,-2.8037023019286025,1.6599127446355038,8.435965628899178e-06,True
g__GGB44695,4,-0.48668834145041195,0.10641664638910096,-4.573423030743599,4.798199924938018e-06,14.992222903710761,0.0018233071059277073,79.98962515920529,-2.8037023019286025,1.6599127446355038,8.435965628899178e-06,True
s__GGB44695_SGB62151,4,-0.48668834145041195,0.10641664638910096,-4.573423030743599,4.798199924938018e-06,14.992222903710761,0.0018233071059277073,79.98962515920529,-2.8037023019286025,1.6599127446355038,8.435965628899178e-06,True
s__Blautia_obeum,4,-0.45928929065455626,0.10138460623601121,-4.5301679190368,5.893682476054707e-06,13.640620078722343,0.003437478084266421,78.0068649175295,-1.1237661040154723,1.4330137412641348,1.0333909382133863e-05,True
t__SGB4811,4,-0.45872933047266296,0.10138373056010531,-4.52468387125196,6.048584760609543e-06,13.63517406615377,0.003446246695214872,77.99808065929412,-1.123207675483647,1.4309577089424153,1.0576849567876688e-05,True
o__Rickettsiales,4,-0.5065563947142596,0.11214651445035377,-4.51691608247448,6.274675720563394e-06,140.28736381868978,0.0,97.86153227322936,-1.8263963778505028,5.883822867071039,1.0942628547721066e-05,True
g__Desulfovibrio,4,-0.4910759409759228,0.10959684139233196,-4.480749031972388,7.438153425409766e-06,6.910776162405155,0.07479667246735155,56.58953597252799,-0.7031260906851231,2.0818842624172462,1.2936788350107845e-05,True
t__SGB78978,4,-0.4641709944637996,0.10380604766456572,-4.471521697499758,7.766497823746832e-06,21.47365531580442,8.39302326022251e-05,86.02939296603114,-2.0910903644575614,1.3498797079146572,1.3435625914342782e-05,True
s__Flavobacterium_sp_9R,4,-0.4641709944637996,0.10380604766456572,-4.471521697499758,7.766497823746832e-06,21.47365531580442,8.39302326022251e-05,86.02939296603114,-2.0910903644575614,1.3498797079146572,1.3435625914342782e-05,True
f__Mycobacteriaceae,4,-0.5056036630773787,0.11353932670326254,-4.45311486123909,8.463344975506715e-06,7.770836700553003,0.05099302224617208,61.39411860518818,-0.8522637473282682,3.3798556663506867,1.4602091197740918e-05,True
c__Acidimicrobiia,4,0.49908493188010417,0.1127156230720444,4.42782391897088,9.518855785373148e-06,5.071769077061139,0.16661666426226618,40.84904193354236,-0.5023624103264952,1.6945331965653723,1.6336073456595296e-05,True
o__Acidimicrobiales,4,0.49908493188010417,0.1127156230720444,4.42782391897088,9.518855785373148e-06,5.071769077061139,0.16661666426226618,40.84904193354236,-0.5023624103264952,1.6945331965653723,1.6336073456595296e-05,True
t__SGB6796,4,0.48996364987393926,0.11141138058190592,4.397788155167276,1.0935964133151899e-05,11.291841572754878,0.01024805310527599,73.43214584910184,-1.6752823422182028,1.376418275823745,1.8669046950261946e-05,True
s__Holdemanella_porci,4,0.48996364987393926,0.11141138058190592,4.397788155167276,1.0935964133151899e-05,11.291841572754878,0.01024805310527599,73.43214584910184,-1.6752823422182028,1.376418275823745,1.8669046950261946e-05,True
p__Chloroflexi,4,-1.7465709683017763,0.39842143695449944,-4.383727395926335,1.1666574816882047e-05,20.074902688386747,0.0001637820518192168,85.05596741081347,-3.9484183901895906,2.7940448641701066,1.9863878701375486e-05,True
f__Lachnospiraceae,4,-1.4711892530868236,0.34404282307945266,-4.276180621698566,1.9012698705189734e-05,58.364449965512264,1.3139489496438728e-12,94.85988473844488,-3.297957588600941,4.424237434038288,3.22866563313852e-05,True
g__Holdemanella,4,0.47606980143323474,0.111490509492305,4.270047769995102,1.9543110477693304e-05,11.03430879625664,0.011541794182761134,72.8120713730819,-1.6917808884459842,1.376349733958014,3.310050387190463e-05,True
s__Citrobacter_braakii,4,0.4627004268151502,0.1089722969976543,4.246037199941836,2.1758452127151884e-05,3.372188927385687,0.337721005321032,11.037012913574475,-0.4380714695065884,0.5175393044933104,3.666072532882102e-05,True
t__SGB10086,4,0.4627004268151502,0.1089722969976543,4.246037199941836,2.1758452127151884e-05,3.372188927385687,0.337721005321032,11.037012913574475,-0.4380714695065884,0.5175393044933104,3.666072532882102e-05,True
s__Aeromonas_salmonicida,4,-0.9089165893347313,0.21440916337889507,-4.239168583147406,2.2434913752311658e-05,17.41145728356235,0.0005815526055072961,82.76996605659072,-1.4786438414357659,0.8713622138477974,3.760463522732032e-05,True
t__SGB9951,4,-0.9089165893347313,0.21440916337889507,-4.239168583147406,2.2434913752311658e-05,17.41145728356235,0.0005815526055072961,82.76996605659072,-1.4786438414357659,0.8713622138477974,3.760463522732032e-05,True
p__Euryarchaeota,4,-1.585029118210272,0.3744392025505412,-4.233074708560537,2.305178863815094e-05,47.307030958643,2.9903168830003324e-10,93.65844793214211,-3.6361927656509705,3.813466576083455,3.8538778420888006e-05,True
s__Desulfovibrio_desulfuricans,4,0.45946063350931665,0.10937715781706316,4.2007000609558665,2.660909176488424e-05,11.980511262034351,0.007450219724868479,74.95933241591408,-1.0046026587319081,1.3636569675507753,4.437134631927861e-05,True
t__SGB1861,4,-0.43369850859764697,0.10467925577541792,-4.143117997782837,3.4261554677561534e-05,7.221321343677062,0.06516827150536642,58.45635643085211,-0.9865272143404789,0.46545123667605126,5.68390407086726e-05,True
s__Bacteroides_thetaiotaomicron,4,-0.43369850859764697,0.10467925577541792,-4.143117997782837,3.4261554677561534e-05,7.221321343677062,0.06516827150536642,58.45635643085211,-0.9865272143404789,0.46545123667605126,5.68390407086726e-05,True
g__GGB6612,4,0.4531154779262905,0.11196498569212654,4.046939095515411,5.18917358880433e-05,11.407556952147415,0.009714365796479774,73.70164345806518,-2.1051693893019707,0.5285932772128025,8.542990615665144e-05,True
t__SGB9346,4,0.4531154779262905,0.11196498569212654,4.046939095515411,5.18917358880433e-05,11.407556952147415,0.009714365796479774,73.70164345806518,-2.1051693893019707,0.5285932772128025,8.542990615665144e-05,True
s__GGB6612_SGB9346,4,0.4531154779262905,0.11196498569212654,4.046939095515411,5.18917358880433e-05,11.407556952147415,0.009714365796479774,73.70164345806518,-2.1051693893019707,0.5285932772128025,8.542990615665144e-05,True
g__Megamonas,4,0.4470408427061337,0.11091796929203732,4.030373487357258,5.568829595525848e-05,5.025097481069678,0.1699685810960645,40.299665602479045,-0.48876757481023314,1.2926640420352733,9.098567546225313e-05,True
t__SGB6962,4,0.4470408427061337,0.11091796929203732,4.030373487357258,5.568829595525848e-05,5.025097481069678,0.1699685810960645,40.299665602479045,-0.48876757481023314,1.2926640420352733,9.098567546225313e-05,True
s__Megamonas_funiformis,4,0.4470408427061337,0.11091796929203732,4.030373487357258,5.568829595525848e-05,5.025097481069678,0.1699685810960645,40.299665602479045,-0.48876757481023314,1.2926640420352733,9.098567546225313e-05,True
s__Bifidobacterium_longum,4,-0.4213060470822507,0.10674461072232241,-3.9468601199755677,7.918278653740174e-05,5.524301000072613,0.13719235167934019,45.694486959335364,-0.668009947987837,1.5839591520670528,0.0001287217660545199,True
t__SGB17248,4,-0.4213060470822507,0.10674461072232241,-3.9468601199755677,7.918278653740174e-05,5.524301000072613,0.13719235167934019,45.694486959335364,-0.668009947987837,1.5839591520670528,0.0001287217660545199,True
c__Cyanobacteria_unclassified,4,-0.45140344505127383,0.11448499735471243,-3.9429047952254956,8.050061769870887e-05,21.93056765671749,6.743739526271497e-05,86.32046353309474,-2.6443502450542153,4.651676706451507,0.00013053608935103918,True
f__Polyangiaceae,4,0.40917459329547085,0.1046295070247848,3.9106998105089508,9.202909255101588e-05,13.073584840338883,0.004480146318675993,77.05296568127648,-1.4084804652918244,0.5755702141672635,0.00014885705720126818,True
o__Methanobacteriales,4,-0.8272877970979843,0.2126071784645196,-3.89115646551908,9.976756893270711e-05,57.64918362722665,1.867728194326901e-12,94.79611017668748,-2.188208958808565,5.778012993575506,0.00016017274714506574,True
f__Methanobacteriaceae,4,-0.8272877970979843,0.2126071784645196,-3.89115646551908,9.976756893270711e-05,57.64918362722665,1.867728194326901e-12,94.79611017668748,-2.188208958808565,5.778012993575506,0.00016017274714506574,True
c__Methanobacteria,4,-0.8272877970979843,0.2126071784645196,-3.89115646551908,9.976756893270711e-05,57.64918362722665,1.867728194326901e-12,94.79611017668748,-2.188208958808565,5.778012993575506,0.00016017274714506574,True
s__Pseudomonas_alcaligenes,4,0.4202751244353334,0.11104739720004282,3.784646331496109,0.00015392731784058533,6.941684286496236,0.07377990328420536,56.782822782131625,-1.0080689042825983,0.7678647084386435,0.0002459036410934783,True
t__SGB12361,4,0.4202751244353334,0.11104739720004282,3.784646331496109,0.00015392731784058533,6.941684286496236,0.07377990328420536,56.782822782131625,-1.0080689042825983,0.7678647084386435,0.0002459036410934783,True
s__GGB51647_SGB4348,4,0.396986216626705,0.10615824916263993,3.739570120627193,0.00018433522341188002,4.895180575103111,0.1796354230215651,38.71523319777006,-0.4479866132195567,0.5235279494433273,0.0002887769722699428,True
o__OFGB4806,4,0.396986216626705,0.10615824916263993,3.739570120627193,0.00018433522341188002,4.895180575103111,0.1796354230215651,38.71523319777006,-0.4479866132195567,0.5235279494433273,0.0002887769722699428,True
f__FGB4806,4,0.396986216626705,0.10615824916263993,3.739570120627193,0.00018433522341188002,4.895180575103111,0.1796354230215651,38.71523319777006,-0.4479866132195567,0.5235279494433273,0.0002887769722699428,True
t__SGB4348,4,0.396986216626705,0.10615824916263993,3.739570120627193,0.00018433522341188002,4.895180575103111,0.1796354230215651,38.71523319777006,-0.4479866132195567,0.5235279494433273,0.0002887769722699428,True
t__SGB5792,4,-0.405086765359515,0.10825601295757221,-3.7419331665048197,0.00018261008560904735,2.635792517107133,0.4512491803921177,0.0,-0.717316648211997,0.520792651322875,0.0002887769722699428,True
c__CFGB4806,4,0.396986216626705,0.10615824916263993,3.739570120627193,0.00018433522341188002,4.895180575103111,0.1796354230215651,38.71523319777006,-0.4479866132195567,0.5235279494433273,0.0002887769722699428,True
g__GGB51647,4,0.396986216626705,0.10615824916263993,3.739570120627193,0.00018433522341188002,4.895180575103111,0.1796354230215651,38.71523319777006,-0.4479866132195567,0.5235279494433273,0.0002887769722699428,True
s__Phascolarctobacterium_faecium,4,-0.405086765359515,0.10825601295757221,-3.7419331665048197,0.00018261008560904735,2.635792517107133,0.4512491803921177,0.0,-0.717316648211997,0.520792651322875,0.0002887769722699428,True
g__Azonexus,4,-0.3854778282451337,0.10497761034331185,-3.672000410225499,0.00024065929603511726,13.780299193005957,0.003219980730026384,78.22979052934774,-0.915540476231562,2.586146748396935,0.0003761028128857992,True
s__Azonexus_hydrophilus,4,-0.38426104788259396,0.10497635061449927,-3.660453479600386,0.00025176926367564967,13.763208352364334,0.0032458432538037263,78.2027567759327,-0.9143276006573838,2.581681161055643,0.0003925173821642056,True
t__SGB61967,4,-0.38366470098887767,0.10497535087743298,-3.6548075122591066,0.00025737500601552554,13.761289236410791,0.0032487601544929356,78.19971698536541,-0.9137559201810956,2.5795763374838545,0.000400292377144339,True
t__SGB45716,4,-0.39961829782917674,0.11205971991226787,-3.5661190135227887,0.0003623068861433598,140.224776587647,0.0,97.86057780015442,-1.7149355587489692,5.995283686172574,0.0005581251317494138,True
f__Rickettsiaceae,4,-0.39961829782917674,0.11205971991226787,-3.5661190135227887,0.0003623068861433598,140.224776587647,0.0,97.86057780015442,-1.7149355587489692,5.995283686172574,0.0005581251317494138,True
g__Candidatus_Megaira,4,-0.39961829782917674,0.11205971991226787,-3.5661190135227887,0.0003623068861433598,140.224776587647,0.0,97.86057780015442,-1.7149355587489692,5.995283686172574,0.0005581251317494138,True
s__Candidatus_Megaira_endosymbiont_of_Carteria_cerasiformis,4,-0.39961829782917674,0.11205971991226787,-3.5661190135227887,0.0003623068861433598,140.224776587647,0.0,97.86057780015442,-1.7149355587489692,5.995283686172574,0.0005581251317494138,True
g__Dorea,4,-0.398294135071239,0.11173676590384993,-3.5645754720874345,0.0003644455772675581,12.108165567795854,0.007021668124714275,75.22333186474495,-2.696998807402515,1.4970204590790521,0.0005600861959432545,True
c__Candidatus_Melainabacteria_unclassified,4,0.38009263327993525,0.10896170129138291,3.488314047735912,0.0004860767933243526,2.2292651061861775,0.5262070843511983,0.0,-0.22280910976258506,0.4773502145515841,0.0007365144854352603,True
o__Candidatus_Gastranaerophilales,4,0.38009263327993525,0.10896170129138291,3.488314047735912,0.0004860767933243526,2.2292651061861775,0.5262070843511983,0.0,-0.22280910976258506,0.4773502145515841,0.0007365144854352603,True
g__Candidatus_Gastranaerophilales_unclassified,4,0.38009263327993525,0.10896170129138291,3.488314047735912,0.0004860767933243526,2.2292651061861775,0.5262070843511983,0.0,-0.22280910976258506,0.4773502145515841,0.0007365144854352603,True
t__SGB8601,4,0.38009263327993525,0.10896170129138291,3.488314047735912,0.0004860767933243526,2.2292651061861775,0.5262070843511983,0.0,-0.22280910976258506,0.4773502145515841,0.0007365144854352603,True
s__Candidatus_Gastranaerophilales_bacterium,4,0.38009263327993525,0.10896170129138291,3.488314047735912,0.0004860767933243526,2.2292651061861775,0.5262070843511983,0.0,-0.22280910976258506,0.4773502145515841,0.0007365144854352603,True
f__Candidatus_Gastranaerophilales_unclassified,4,0.38009263327993525,0.10896170129138291,3.488314047735912,0.0004860767933243526,2.2292651061861775,0.5262070843511983,0.0,-0.22280910976258506,0.4773502145515841,0.0007365144854352603,True
f__Selenomonadaceae,4,-0.38952034655695394,0.11182672077993229,-3.483249297129124,0.0004953668421485702,2.459448650732349,0.48266421535480253,0.0,-0.42553513498852746,0.8998247984427938,0.0007488372590423479,True
t__SGB17244,4,-0.3730662854872685,0.1073958335401456,-3.4737500812618833,0.0005132388355020279,7.496995855407221,0.05763569155707682,59.98397147523771,-0.6587140790309784,2.016162051753145,0.0007722454106274698,True
s__Bifidobacterium_adolescentis,4,-0.3730662854872685,0.1073958335401456,-3.4737500812618833,0.0005132388355020279,7.496995855407221,0.05763569155707682,59.98397147523771,-0.6587140790309784,2.016162051753145,0.0007722454106274698,True
f__Rhodocyclaceae,4,-0.37466693378190263,0.1093769402294759,-3.4254654865627145,0.000613746905859136,28.85927913142737,2.397201736226151e-06,89.60472995067627,-3.4217376278911122,0.9945452305213587,0.0009213323621597703,True
o__Legionellales,4,0.35924979084295267,0.10751085050547014,3.3415212432411563,0.0008332064031790765,29.621714858612215,1.6575002917962323e-06,89.87229465167921,-1.6114345209749326,3.100862309338046,0.001247880886242737,True
g__Citrobacter,4,-0.36506881263950686,0.11029902656247989,-3.3098099232336406,0.0009335934634717713,3.472133856464425,0.32439429099095374,13.597801121215571,-0.5320997195720085,1.5856238623071164,0.0013949999327164805,True
g__GGB6613,4,0.36799482937189226,0.11260015338665663,3.2681556667888203,0.0010825080884864224,15.374917288095027,0.0015227333971997714,80.4876999089749,-3.461525494251732,0.7143100529064088,0.0016063824157126498,True
s__GGB6613_SGB9347,4,0.36799482937189226,0.11260015338665663,3.2681556667888203,0.0010825080884864224,15.374917288095027,0.0015227333971997714,80.4876999089749,-3.461525494251732,0.7143100529064088,0.0016063824157126498,True
t__SGB9347,4,0.36799482937189226,0.11260015338665663,3.2681556667888203,0.0010825080884864224,15.374917288095027,0.0015227333971997714,80.4876999089749,-3.461525494251732,0.7143100529064088,0.0016063824157126498,True
p__Candidatus_Shapirobacteria,4,-0.3649323904767941,0.11330523251168495,-3.220790270556652,0.001278376623944144,27.35264554633768,4.965632208642212e-06,89.03213952406269,-4.081327335218894,1.9723060359827755,0.0018926994867090646,True
f__Succinivibrionaceae,4,0.3450677394244122,0.11039438786916092,3.1257724788816748,0.001773386968923818,11.198853470638308,0.010697791072631135,73.21154341499741,-1.1517207641398974,1.8570861662669256,0.002619592166423996,True
f__Oxalobacteraceae,4,-0.35195574661356166,0.11309934505381933,-3.111916752887299,0.00185876906599991,5.340769112694934,0.1484787136812502,43.828315047938666,-0.771786895096972,2.704707633564369,0.002739461470847248,True
s__Bacteroides_stercoris,4,-0.3449879020430395,0.11197211382147393,-3.081016248323053,0.002062953910062504,28.493278778692932,2.861440035140106e-06,89.47120117940453,-4.3250227283652185,1.488538685910307,0.0030266013147629027,True
t__SGB1830,4,-0.3449879020430395,0.11197211382147393,-3.081016248323053,0.002062953910062504,28.493278778692932,2.861440035140106e-06,89.47120117940453,-4.3250227283652185,1.488538685910307,0.0030266013147629027,True
t__SGB4575,4,0.3425813648005919,0.11153398416655318,3.0715424304131087,0.0021295589516701074,8.608427217958184,0.03497658874085463,65.15042848080715,-1.8832018237247181,1.033827763945477,0.0031102136382179673,True
s__Dorea_formicigenerans,4,0.3425813648005919,0.11153398416655318,3.0715424304131087,0.0021295589516701074,8.608427217958184,0.03497658874085463,65.15042848080715,-1.8832018237247181,1.033827763945477,0.0031102136382179673,True
t__SGB1644,4,0.33599619683528015,0.11100003079096252,3.0269919246061736,0.002470005569209066,7.675294467877003,0.053221394993026805,60.91355175289054,-1.8949518697666534,0.4403901987369637,0.0035912215804005973,True
s__Segatella_sinensis,4,0.33599619683528015,0.11100003079096252,3.0269919246061736,0.002470005569209066,7.675294467877003,0.053221394993026805,60.91355175289054,-1.8949518697666534,0.4403901987369637,0.0035912215804005973,True
p__Acidobacteria,4,-1.4191487383898815,0.47168719213080335,-3.008664984052266,0.002623982875677777,60.60250899527045,4.369837824924616e-13,95.04970990518869,-5.848241538135934,2.7514737870538033,0.003806540180635699,True
t__SGB1949,4,-0.3303944319447261,0.11088604277559688,-2.9795853804013404,0.002886387781067201,18.46131535824277,0.0003532679736987232,83.74980362024674,-3.4488029833075364,0.8068002512569268,0.004168510924889462,True
s__Parabacteroides_merdae,4,-0.3303944319447261,0.11088604277559688,-2.9795853804013404,0.002886387781067201,18.46131535824277,0.0003532679736987232,83.74980362024674,-3.4488029833075364,0.8068002512569268,0.004168510924889462,True
t__SGB10366,4,0.3309306153280373,0.1115326430050479,2.9671189206290003,0.0030060466592860546,5.838185439547821,0.11975380992881535,48.614170771657506,-0.8013071353322524,1.0509579633590842,0.0043220270856846165,True
s__Acinetobacter_parvus,4,0.3309306153280373,0.1115326430050479,2.9671189206290003,0.0030060466592860546,5.838185439547821,0.11975380992881535,48.614170771657506,-0.8013071353322524,1.0509579633590842,0.0043220270856846165,True
s__GGB4599_SGB6362,4,-0.22773233269959442,0.0806533004069937,-2.8235959539213975,0.004748820877531701,59.80378861891548,6.473710456589288e-13,94.98359540544038,-0.9043884470159818,2.1100972964555123,0.006782532246717462,True
g__GGB4599,4,-0.22773233269959442,0.0806533004069937,-2.8235959539213975,0.004748820877531701,59.80378861891548,6.473710456589288e-13,94.98359540544038,-0.9043884470159818,2.1100972964555123,0.006782532246717462,True
t__SGB6362,4,-0.22773233269959442,0.0806533004069937,-2.8235959539213975,0.004748820877531701,59.80378861891548,6.473710456589288e-13,94.98359540544038,-0.9043884470159818,2.1100972964555123,0.006782532246717462,True
f__FGB7945,4,-0.315880626407738,0.11299761487484153,-2.795462778197698,0.005182546930765586,4.392148526411528,0.222114506315101,31.696298930695338,-1.5736589073521907,0.7351172248136397,0.007337216333053247,True
c__CFGB7945,4,-0.315880626407738,0.11299761487484153,-2.795462778197698,0.005182546930765586,4.392148526411528,0.222114506315101,31.696298930695338,-1.5736589073521907,0.7351172248136397,0.007337216333053247,True
g__GGB24768,4,-0.315880626407738,0.11299761487484153,-2.795462778197698,0.005182546930765586,4.392148526411528,0.222114506315101,31.696298930695338,-1.5736589073521907,0.7351172248136397,0.007337216333053247,True
o__OFGB7945,4,-0.315880626407738,0.11299761487484153,-2.795462778197698,0.005182546930765586,4.392148526411528,0.222114506315101,31.696298930695338,-1.5736589073521907,0.7351172248136397,0.007337216333053247,True
f__Nitrosomonadaceae,4,-1.1699387185025207,0.42154500757928204,-2.775358971088003,0.005514080832075718,28.023036771922932,3.5918224636777296e-06,89.29452213042883,-3.254648500513339,5.798649578919778,0.0077895421361419,True
s__Nitrosomonas_oligotropha,4,-0.9555361888397802,0.3447361676143059,-2.77178978768727,0.005574902547702987,40.802900051224114,7.199889906495116e-09,92.64758143113899,-3.374221691299821,2.820782768616166,0.00784203741807767,True
t__SGB13376,4,-0.9555217338763239,0.3447351647011758,-2.7717559208228484,0.0055754825538110175,40.802804233855554,7.20022685918309e-09,92.64756416542863,-3.3742048334661288,2.8207996264498583,0.00784203741807767,True
g__Nitrospira,4,1.1490009682173588,0.42269609289811927,2.7182673024950286,0.006562479797267429,53.92901483187184,1.1618594975004726e-11,94.43713183088408,-4.725746727957132,3.0425395376512725,0.009210248218724569,True
f__Methanotrichaceae,4,-0.8804678887950043,0.32475948658601783,-2.7111383197786836,0.006705264837747027,9.501004671179922,0.0233206748181517,68.42439190562536,-1.684845046468213,0.5940602247007919,0.009369992116678891,True
o__Methanotrichales,4,-0.8804678887950043,0.32475948658601783,-2.7111383197786836,0.006705264837747027,9.501004671179922,0.0233206748181517,68.42439190562536,-1.684845046468213,0.5940602247007919,0.009369992116678891,True
g__Methanobrevibacter,4,-0.5779042716433932,0.21325536068939902,-2.709916739139308,0.006730010004895481,33.31160508958711,2.768279974141308e-07,90.99412954754986,-1.8245677221053702,4.429700730920473,0.009384302743895208,True
g__Thauera,4,0.29820697607266344,0.11250695954898259,2.650564705224586,0.008035733335413298,10.575623304561633,0.014256578602922398,71.63287766966893,-2.860285695222349,0.5172630033349856,0.011180902081747105,True
g__Collinsella,4,-0.2931729923047467,0.11183367552963565,-2.6215090482924936,0.008754143846647189,17.464559821409495,0.0005670925622220935,82.82235549777582,-2.2889235041703024,2.6621584759728902,0.012154358516696847,True
g__Clostridium,4,-0.28171139624968194,0.11167233909887574,-2.5226604772758634,0.01164707936556808,11.617069157432606,0.008816944771576352,74.17593061257969,-2.662255375240459,1.1275634283246139,0.01613631766493051,True
s__Acidovorax_sp_1608163,4,0.27207272402890803,0.11117901554239147,2.447158959823397,0.014398731959136102,27.364722524661317,4.936755093054579e-06,89.03698001214383,-2.095135855973684,4.0715823280412975,0.019863495900983068,True
t__SGB12689,4,0.27207272402890803,0.11117901554239147,2.447158959823397,0.014398731959136102,27.364722524661317,4.936755093054579e-06,89.03698001214383,-2.095135855973684,4.0715823280412975,0.019863495900983068,True
t__SGB12609,4,0.25898762414646925,0.10906247454147132,2.3746721797329884,0.017564542081878187,15.500533054011447,0.0014352252927894993,80.64582689158797,-2.675195097947368,0.37127232130823085,0.02412793784920422,True
s__Azospira_oryzae,4,0.25898762414646925,0.10906247454147132,2.3746721797329884,0.017564542081878187,15.500533054011447,0.0014352252927894993,80.64582689158797,-2.675195097947368,0.37127232130823085,0.02412793784920422,True
g__Azospira,4,0.2554136076284759,0.10910985897581103,2.3408847745381056,0.019238103457904776,15.512756817591143,0.0014269810770044522,80.66107761969128,-2.679345517256908,0.37573535165466965,0.026370874867085572,True
s__Collinsella_aerofaciens,4,-0.24740059266766687,0.11177188020985702,-2.2134421663405903,0.026867176305288787,16.450153987125326,0.000916747304687604,81.76308864738931,-2.2402214383216976,2.5443036628305107,0.036750661880595864,True
c__Betaproteobacteria,4,0.8212527798306434,0.37392295315397445,2.196315505382915,0.028069368680985196,12.298026510875973,0.006428951210516232,75.60584214591749,-4.095578539443027,1.561572489733651,0.03831409606877093,True
g__Rhodoferax,4,0.2455906527372721,0.11314117074634317,2.170656809693741,0.029957124303095384,5.336305869536854,0.14876383069160737,43.78133350402618,-0.8559244367271267,3.1406635499523747,0.0408047566823215,True
