species,n_cohorts_original,pooled_effect_original,pooled_se_original,z_score_original,p_value_original,Q_statistic_original,Q_pvalue_original,I2_heterogeneity_original,min_effect_original,max_effect_original,p_adjusted_original,significant_original,n_cohorts_balanced,pooled_effect_balanced,pooled_se_balanced,z_score_balanced,p_value_balanced,Q_statistic_balanced,Q_pvalue_balanced,I2_heterogeneity_balanced,min_effect_balanced,max_effect_balanced,effect_range,p_adjusted_balanced,significant_balanced,log_p_original,log_p_balanced
s__Segatella_copri,4,-1.991040393746787,0.1120234710120345,-17.773421728138487,0.0,33.26055066985025,2.837799342181313e-07,90.98030567870478,-2.1491534886121118,1.2007754726812023,0.0,True,4,-1.2686478778535155,0.5263464656677448,-2.4102904846982427,0.015939823600498393,6.879585228776868,0.07583646054722792,56.392719906264254,-2.214806590761634,1.1944561456448355,3.4092627364064696,0.025737421941406238,True,320.000004834948,1.7975164890725326
s__Simplicispira_sp_110,4,0.9991810110398344,0.1113446796009637,8.97376520028341,0.0,24.03386180643875,2.4576635761830445e-05,87.51761150929023,-2.5006668218437653,1.12119522653356,0.0,True,4,-0.2936170338119559,0.4096200252950955,-0.7168034170214956,0.4734954030187972,4.914422892305011,0.17817184822480447,38.955192384900556,-1.317886546604883,0.6367860355947016,1.9546725821995845,0.5387186108518501,False,320.000004834948,0.3246842330350712
s__Eubacterium_rectale,4,-2.47997353441591,0.1096586951176841,-22.61538432273372,0.0,46.87291423870294,3.6988145879490725e-10,93.59971521138554,-2.855924099002245,1.8216706689506408,0.0,True,4,-1.2744612630945655,0.5519534193873642,-2.309001481518391,0.02094349903163284,11.450780242005923,0.009522132025422514,73.80091193266611,-2.602582553939588,2.9726839075834404,5.575266461523029,0.03307070894884671,True,320.000004834948,1.6789507589903951
s__Fluviibacter_phosphoraccumulans,4,-1.83314279064434,0.1133400909695139,-16.173824945468017,0.0,102.75570474115172,0.0,97.08045406573076,-2.8121036801481387,7.023423465511953,0.0,True,4,5.45647504421292,0.1525194515416072,35.77560100735346,0.0,648.5979256575845,0.0,99.53746383062227,-3.960563477354719,7.092586152224228,11.053149629578947,0.0,True,320.000004834948,320.000004834948
s__GGB23780_SGB65296,4,-1.5443724339209322,0.1125053320403299,-13.72710435952776,0.0,48.45648996680613,1.702641361234214e-10,93.80887884769392,-4.3510274165538565,2.756991998906738,0.0,True,4,-2.1254476891415623,0.2080242994742403,-10.21730487502378,0.0,18.045797690216123,0.00043038615664581226,83.37563098345878,-3.1459570610463063,3.8189128881689705,6.964869949215277,0.0,True,320.000004834948,320.000004834948
s__Acinetobacter_lwoffii,4,1.4832850090184213,0.1114335771610308,13.310934161926347,0.0,26.880870840966605,6.235812084476322e-06,88.83964728022136,-0.5628891982107338,1.6571124764251466,0.0,True,4,-0.11412354991794867,0.18104411097119044,-0.6303632264299895,0.5284569647384194,7.5860765394876495,0.05538754050295336,60.45386591627226,-0.8975081274350643,0.6028423482165256,1.5003504756515897,0.5895383541692237,False,320.000004834948,0.2769903739906641
s__Candidatus_Chazhemtobacterium_aquaticus,4,1.7364660456821197,0.1118220943149724,15.528827789532953,0.0,34.894783322281974,1.2822260586631273e-07,91.40272638379057,-1.8460058627961355,1.9200652835978933,0.0,True,4,0.4493589851444632,0.19915893497999085,2.2562833306454944,0.024052892663684045,2.972589563722471,0.3958706623429985,0.0,-0.5116814473875405,0.611416511071531,1.1230979584590717,0.037566245087462896,True,320.000004834948,1.6188326867607554
s__GGB26683_SGB103556,4,0.9297306039967792,0.1080525124594392,8.604433000535561,0.0,9.828336726027128,0.0200831381547303,69.47601528491099,-0.6486754707135105,1.0349769577074603,0.0,True,4,-1.3069495431850642,0.2116231588237954,-6.1758342066582355,6.581502010050144e-10,7.0805108205064196,0.06937541354781251,57.63017561795872,-1.4598402820176293,1.6333058089631491,3.0931460909807784,2.2523945126028185e-09,True,320.000004834948,9.181674981730078
s__Bacteroides_graminisolvens,4,-3.4083581759498216,0.1122714781126614,-30.35818387043612,0.0,136.9299530516848,0.0,97.80909878873058,-3.752518544710623,3.729226065602687,0.0,True,4,3.7798814776675984,0.10828589723535881,34.90649820679831,0.0,463.0948858229594,0.0,99.35218459718709,-5.062888585143609,4.414592501680866,9.477481086824476,0.0,True,320.000004834948,320.000004834948
s__Acidovorax_temperans,4,-3.451907410799017,0.1107486696147013,-31.16883862179409,0.0,166.51404236990246,0.0,98.1983501467488,-3.911987077313812,1.6871284406609923,0.0,True,4,0.47443587305886376,0.3348922529201949,1.4166821385740511,0.15657588148396195,71.86342292754217,1.6653345369377348e-15,95.82541454638917,-4.529754219852958,2.3753561865026835,6.905110406355641,0.20440529208924516,False,320.000004834948,0.8052751346479354
s__Klebsiella_pneumoniae,4,1.0550704906607646,0.1116248611302499,9.45193104813498,0.0,21.699999174843825,7.531111139957858e-05,86.17511468167329,-2.5582909015757247,1.183577430496447,0.0,True,4,-0.3735522752812154,0.20578552332485828,-1.8152505057001325,0.06948542133305313,5.105134611259422,0.16425857323195103,41.23563376010748,-1.4414540456409328,2.2947534567838277,3.7362075024247607,0.0983327461698396,False,320.000004834948,1.1581063047445346
s__Dechloromonas_sp_H13,4,1.097756650962048,0.1122631128076401,9.77842697844148,0.0,24.67163078470255,1.808431018390788e-05,87.84028495651724,-1.4959445556619675,3.126830930589496,0.0,True,4,0.3779792423841084,0.38885669827408764,0.9720270836576609,0.33103707493509127,21.9178801609622,6.784851092145328e-05,86.31254492693466,-1.1570395822498134,2.9649546622591467,4.12199424450896,0.39549491984595747,False,320.000004834948,0.4801233641153919
s__Phocaeicola_plebeius,4,1.0484238888727992,0.1109373274831636,9.450596229947156,0.0,19.38393149533465,0.0002277072743112,84.52326350450608,-2.0240454790500424,1.1826248930736707,0.0,True,4,0.11314459076688199,0.2009231206738725,0.5631237977362105,0.5733505876069618,0.6770913477271991,0.8785786048955525,0.0,-0.3935652180934802,0.38406023628736374,0.777625454380844,0.6322312641262903,False,320.000004834948,0.2415797380625691
s__Alistipes_putredinis,4,-1.5767698179062255,0.107829497356202,-14.622805972076012,0.0,27.917127215912814,3.78045343374378e-06,89.253908624631,-2.0389233995602725,1.1091529130709912,0.0,True,4,-0.9373111400882661,0.49765818434521314,-1.8834436357587894,0.05964027153801177,5.9668737691090445,0.11323305799201955,49.72241552131996,-1.8585792717513185,1.3368787577792873,3.195458029530606,0.08610250966580187,False,320.000004834948,1.2244603879019458
s__Succinispira_mobilis,4,1.0120143682438103,0.1090599668166555,9.2794303701297,0.0,23.89640936054524,2.625531453370744e-05,87.44581265437633,-0.9847232694070538,1.4174419051468938,0.0,True,4,-0.8683921031669786,0.2090784259290248,-4.153427592102539,3.2753188499601293e-05,5.228705130279447,0.15579608347948104,42.62441799161726,-0.9945540325720712,1.914936841185527,2.909490873757598,7.443118762210982e-05,True,320.000004834948,4.48474641535531
s__Acetobacterium_fimetarium,4,1.0241911437200446,0.1096826671859265,9.337766576955188,0.0,27.736185582788767,4.125863260484586e-06,89.18380470506514,-1.1034586726243447,1.222458079926433,0.0,True,4,-1.011953375112005,0.2066134744599878,-4.897809195440335,9.691106828135787e-07,5.537962123834662,0.1363856108461482,45.82844857157123,-1.1259917780313358,2.5317295183761823,3.657721296407518,2.5543361928478044e-06,True,320.000004834948,6.013626619037902
s__Arcobacter_suis,4,-1.1772749017208854,0.109665913993406,-10.735103177015166,0.0,49.66602040953111,9.410761059314153e-11,93.95965294730098,-3.461977036049801,2.319955987500343,0.0,True,4,-1.7295267770384901,0.21372463006188186,-8.092313817727618,6.661338147750939e-16,11.281707386657557,0.010296147261063537,73.40828034994078,-1.9052122988412272,2.3339223558521267,4.239134654693354,3.621575613239276e-15,True,320.000004834948,15.176438519807359
s__GGB44404_SGB88286,4,1.060752248139076,0.1106791125681217,9.584032827207524,0.0,13.384386962057317,0.0038749616818374,77.58582437503831,-0.9390623529184864,1.300949511892349,0.0,True,4,-0.5716781523444459,0.538107055677062,-1.0623873935738377,0.2880598544081914,5.163229097383266,0.1602275442470108,41.896825737978475,-1.9056118244188767,1.3667082095545229,3.2723200339733998,0.3491866000842672,False,320.000004834948,0.5405172631491523
s__Bilophila_wadsworthia,4,1.0062970188811486,0.1116573631241325,9.01236596248848,0.0,16.703726410532873,0.0008131419643027,82.03993572291576,-1.9333732686429992,1.1252549687786897,0.0,True,4,-0.2641805322153186,0.18129662942705974,-1.4571728831925428,0.1450686638561547,8.503902097870682,0.03666843133968689,64.72207740078312,-1.0419559381957604,1.386764939368987,2.4287208775647473,0.19054125726672308,False,320.000004834948,0.8384263889688544
s__Blautia_wexlerae,4,-1.0001945338839675,0.108032141102868,-9.258305201334329,0.0,13.348231223149572,0.0039409764210475,77.52511213023371,-1.2902349021839,1.2048530482486848,0.0,True,4,-0.19762110183898884,0.6247063513888942,-0.3163423925491117,0.7517426373778231,1.3809159994483924,0.7100141609642409,0.0,-0.8655585644914485,1.4038805691095937,2.2694391336010424,0.7855802013473845,False,320.000004834948,0.1239308167184222
s__Aeromonas_veronii,4,0.925189861910362,0.1072986034428078,8.622571331075202,0.0,17.479610064086163,0.0005630597147209,82.83714574294858,-0.8781031078023533,1.0653017758889107,0.0,True,4,-0.8347697084983815,0.21057855670335898,-3.964172428412631,7.36510043433114e-05,4.752301582236796,0.1908597022611177,36.87269319747231,-0.970051348710494,1.3641720403379314,2.334223389048425,0.00016057414398706725,True,320.000004834948,4.132821326516067
s__Pseudomonas_anguilliseptica,4,1.4315035331492587,0.1108830495257304,12.910030336215437,0.0,30.291921250895506,1.198071181152116e-06,90.09636934167288,-1.7786021676483132,1.6114574903811905,0.0,True,4,-0.02413095257211276,0.20619836267457653,-0.11702785734626017,0.9068379781842582,1.3956352785604629,0.7065581644741228,0.0,-0.7464039217099012,0.6127671512952116,1.359171073005113,0.9251470585038928,False,320.000004834948,0.042470300002870776
s__Parabacteroides_distasonis,4,-1.1930785426419004,0.1074858341914112,-11.09986773249823,0.0,19.436170688182624,0.0002221085141671,84.5648608044792,-1.6130258837355085,0.7181239876898494,0.0,True,4,-1.0673460825265582,0.43068196217741495,-2.4782697588037736,0.013202128760306575,6.050874185628043,0.10916114902980756,50.42038707191168,-1.741371329561678,1.6383626715931525,3.3797340011548305,0.021642421002105627,True,320.000004834948,1.879356035891513
s__Comamonas_denitrificans,4,-1.0519587424899148,0.1111890945460746,-9.460988478991556,0.0,69.49584450286719,5.440092820663267e-15,95.68319512992431,-1.7011268945907907,4.8994426733651935,0.0,True,4,-1.2964064738352492,0.4632558555363803,-2.7984675387086178,0.005134573021208455,32.77450938545408,3.593400286217019e-07,90.8465449025716,-2.6923773787714946,4.787522517125106,7.479899895896601,0.00880358927189234,True,320.000004834948,2.289495665453848
s__GGB41936_SGB59041,4,-2.383707541869508,0.1132261998394454,-21.052614547247916,0.0,42.97183255929123,2.495125217549798e-09,93.01868265482815,-2.552492548295395,2.825022535145754,0.0,True,4,-3.3126486859595676,0.2012356791760291,-16.461537534116193,0.0,223.92200807176448,0.0,98.66024781314103,-4.751501114159729,3.268987157216377,8.020488271376106,0.0,True,320.000004834948,320.000004834948
s__Escherichia_coli,4,-1.4162725426691765,0.1093105948243413,-12.956406878446517,0.0,29.023661272707457,2.2139372839458105e-06,89.66360593926493,-1.5427312361115226,3.7004999107041714,0.0,True,4,-2.8361263408980895,0.2149408402006866,-13.194916044107982,0.0,27.81833289071827,3.9653092408498125e-06,89.21574484069474,-3.125945551224954,3.886019735347031,7.011965286571985,0.0,True,320.000004834948,320.000004834948
s__Prevotella_marseillensis,4,1.6254043881646434,0.1106433357555626,14.69048611979259,0.0,40.4703492139928,8.469210333039712e-09,92.58716552175753,-2.0840753447861817,1.845513883201792,0.0,True,4,0.38068771666215456,0.1731998240521659,2.197968264375924,0.027951367558232354,9.357551027625712,0.024896077197638422,67.94032978133609,-0.47797364426517674,0.8086423957878399,1.2866160400530167,0.04326166618472359,True,320.000004834948,1.5535969388163946
s__GGB4684_SGB6478,4,1.2434907231955294,0.1103312730548916,11.270519126312193,0.0,26.451224610572154,7.672335511355044e-06,88.65837009753815,-1.545462157626852,1.4259644139375969,0.0,True,4,-0.033711858758951295,0.383822188329678,-0.08783196955251327,0.9300102279190916,2.380247064241848,0.4973222170506766,0.0,-0.6241159648912882,0.7023906297485961,1.3265065946398842,0.944301165227541,False,320.000004834948,0.03151227520477738
s__GGB6601_SGB9333,4,1.2239571593597558,0.1110188236054314,11.0247714721765,0.0,29.56642299119852,1.7024695918577135e-06,89.85335493274566,-2.5410018858062937,1.3799472231661056,0.0,True,4,0.06753045145977461,0.20318799749646718,0.33235453024703765,0.7396215685126308,3.6423912140010075,0.3027585786052891,17.63652436706185,-1.1288195828471013,0.7627012625339968,1.891520845381098,0.7776437299294369,False,320.000004834948,0.1309904326271997
s__Bacteroides_uniformis,4,-2.0998909785599422,0.1100387840708835,-19.08318958892947,0.0,35.88527309506807,7.91849942283207e-08,91.6400246082778,-2.3273506029838247,1.16448029968415,0.0,True,4,-1.280325286446273,0.5177420116050161,-2.472902058840513,0.013402086649771938,8.92719289098689,0.030274723405912418,66.394811486275,-2.363896801495506,1.954684976776102,4.318581778271608,0.021886677627669382,True,320.000004834948,1.8728275785060464
s__Arcobacter_caeni,4,-0.9841133987324512,0.0928883698870293,-10.594581430692866,0.0,94.03001864309306,0.0,96.8095295063303,-3.3164753676693137,2.2137445160398928,0.0,True,4,-1.0983313371695853,0.20905608528634118,-5.253764011055772,1.4902180200948578e-07,8.594618892715387,0.035195638310110966,65.09443830554564,-1.368424242350855,2.5985175162110017,3.9669417585618567,4.156159997602217e-07,True,320.000004834948,6.826750189307482
s__Acinetobacter_towneri,4,0.9101036460495676,0.1095274630581008,8.30936479891611,0.0,11.41968882078335,0.0096600265828202,73.7295818907068,-0.6141304690902469,1.0058378225159004,0.0,True,4,-0.5903480658308546,0.20821521752855046,-2.8352781935830706,0.00457857965334707,5.978435987839733,0.11266408740737877,49.81965172660434,-1.4366552286101655,2.00069630428656,3.4373515328967255,0.007881763371192653,True,320.000004834948,2.339269226009646
s__Aeromonas_caviae,4,-1.1618538944207797,0.111010752141114,-10.466138387602856,0.0,14.34474155209003,0.002471549319017,79.08641303082314,-1.2618143056596196,2.4407481652666214,0.0,True,4,-2.986751180821988,0.21653340831271028,-13.793488977500516,0.0,23.096540760001762,3.855445549372227e-05,87.01104190807935,-3.2376994295697825,3.0787958311667074,6.31649526073649,0.0,True,320.000004834948,320.000004834948
s__Trichococcus_flocculiformis,4,-1.575388430713294,0.1120970469045398,-14.05379065922112,0.0,26.13317647389605,8.944255056375638e-06,88.52033925919169,-1.716807268956143,1.1535861440173507,0.0,True,4,-1.22636659506775,0.5942305543095129,-2.0637891912050366,0.03903770833967557,9.788446629829995,0.020452723306000342,69.3516232610638,-2.699027367840064,2.449939934304992,5.148967302145056,0.05872748067212139,False,320.000004834948,1.4085156849767941
s__Arcobacter_ellisii,4,1.1097836807871355,0.1038559819933145,10.685794496253235,0.0,22.005993058930585,6.50440927133511e-05,86.36735005793103,-0.9275696151453174,1.3288501496593517,0.0,True,4,-0.2026504656818824,0.19370126129666645,-1.046201064078306,0.2954682117397389,5.444117042175692,0.1420195062804106,44.894645417081676,-0.942283213414324,1.7617348555905807,2.7040180690049045,0.356972143297378,False,320.000004834948,0.5294892363009387
s__Gemmiger_SGB15295,4,1.0570630002374657,0.1111479889443278,9.51041049214962,0.0,20.14914504462996,0.0001580798629016,85.11103079880034,-2.1327958922027195,1.186800448477705,0.0,True,4,-0.2535918125468985,0.20684423681264072,-1.226003762321895,0.2201972592171626,1.9458941696468357,0.5837121648029036,0.0,-0.9390848163002877,0.907077984360567,1.8461628006608546,0.27254963352671857,False,320.000004834948,0.6571880909694904
s__GGB44385_SGB103154,4,1.4550087629525637,0.1128365254364978,12.894838416230863,0.0,16.597882138895137,0.0008548926136583,81.92540485047871,-0.500739786903162,1.5710570879444368,0.0,True,4,-0.18421538323051964,0.49277888446360835,-0.37382970139038885,0.7085310204670332,1.9161026186298553,0.5900011698374708,0.0,-1.0516831642277884,1.1323866973941965,2.184069861621985,0.7472863290559816,False,320.000004834948,0.1496411309878087
s__Bifidobacterium_pseudocatenulatum,4,1.1635776136504414,0.1086917019521153,10.705303098143236,0.0,39.76797346178288,1.1932647980827936e-08,92.45624119397732,-0.8818641976214474,1.412668239725135,0.0,True,4,-0.6813478656535799,0.20136693201787795,-3.3836134802564692,0.0007153863692919149,4.647171240396628,0.1995326465175269,35.44459963252925,-1.1121213060926243,2.207439726463449,3.319561032556073,0.0013565494287455957,True,320.000004834948,3.145459338995131
s__GGB75638_SGB102999,4,1.1924487061808244,0.1109944303644309,10.743320203235664,0.0,25.20977486262753,1.3957063379810286e-05,88.09985405919916,-0.928183462472054,2.375949334156197,0.0,True,4,-1.3243563089482513,0.2150930323380427,-6.1571325419173855,7.407385815838552e-10,6.598659476874607,0.08585177573808078,54.536220416985024,-1.4501074402163558,2.252143907860381,3.7022513480767367,2.5149977928084254e-09,True,320.000004834948,9.130335034405244
s__Raoultella_ornithinolytica,4,1.1660989893894256,0.1094462647215832,10.65453437224035,0.0,17.196971064169443,0.0006437835496184,82.55506746620853,-0.7303365250013993,1.3280905022628064,0.0,True,4,-0.814469305205652,0.21292232314984605,-3.8251945270785987,0.00013066886770829456,4.98904385892678,0.17260116696015382,39.8682375856013,-0.9298281084115787,1.7591354819644227,2.6889635903760016,0.0002744365705658313,True,320.000004834948,3.883827872197808
s__Macellibacteroides_fermentans,4,-1.4072375837756743,0.1114058978720036,-12.631625530207351,0.0,72.8731892672662,9.992007221626409e-16,95.88325963202004,-1.6559661760359226,3.172313794332999,0.0,True,4,1.4907077560436703,0.25197181095256227,5.9161687587518275,3.295271167047531e-09,162.31686003163938,0.0,98.15176316285614,-2.7911182002851516,4.024510910627132,6.815629110912283,1.0522817592913864e-08,True,320.000004834948,8.48210884161419
s__Klebsiella_grimontii,4,1.6176163353710569,0.1117335488041032,14.477445249744475,0.0,30.887674207127997,8.97621129647419e-07,90.28738784318152,-2.075186905553672,1.7888628119851688,0.0,True,4,0.13217476942183598,0.207254925144965,0.6377400649436243,0.5236429003816543,3.2545106373897856,0.35402426388207253,7.82024291043371,-1.0104509003869144,1.0431649993148167,2.053615899701731,0.5856891294633346,False,320.000004834948,0.2809647803111256
s__GGB24874_SGB36777,4,1.225052164121766,0.1112808930388014,11.00864785201368,0.0,19.40152307200742,0.0002258063785419,84.5372964335547,-0.8895256901954292,1.899355612909584,0.0,True,4,-0.6598440983467578,0.5286781139343206,-1.2481017862387478,0.21199378423733828,5.524345921421249,0.1371896915006866,45.69492854589037,-1.9130884921917586,1.5912995082784869,3.5043880004702457,0.26429994290257414,False,320.000004834948,0.6736768726136982
s__Cloacibacterium_caeni,4,-2.5628763936608263,0.1118658497704308,-22.910266170777906,0.0,67.49349579601234,1.4654943925052066e-14,95.55512725394016,-2.8128065432215004,1.2389127899444263,0.0,True,4,-1.6977939322484097,0.4975200077834597,-3.4125138802203843,0.0006436664893361144,24.986843669358713,1.5538606609188932e-05,87.99368163623286,-3.433274419409649,2.897580665508861,6.33085508491851,0.0012314243081062856,True,320.000004834948,3.191339100588674
s__GGB2734_SGB3677,4,1.0493349063154036,0.1097313511466297,9.56276301485815,0.0,16.030367322987832,0.0011178431861716,81.2855192925121,-0.9135679523383716,1.3756593656503648,0.0,True,4,-0.6682682477674522,0.18114510846167572,-3.6891321738827716,0.0002250203006226581,12.969890309871163,0.004702173876770521,76.86950368642091,-1.490485126823791,2.4479635738859162,3.9384487007097073,0.00045373811792221434,True,320.000004834948,3.6477782994411196
s__Dechloromonas_agitata,4,0.7338106814735464,0.0717299767277794,10.230181507773413,0.0,93.44134368389116,0.0,96.78942973021782,-1.2040161841594843,1.58389538971608,0.0,True,4,-0.2513303492236875,0.20091250397739643,-1.2509442879272628,0.2109548042329359,2.761722379701455,0.42983991797099763,0.0,-0.6605188204020386,0.9983225076334867,1.6588413280355252,0.2633868849361802,False,320.000004834948,0.6758105796535366
s__Dialister_invisus,4,-1.0018940361580275,0.1016609480380388,-9.85524978365483,0.0,26.40088066175128,7.860934627679228e-06,88.63674269644231,-1.811349958268506,0.5797488031961031,0.0,True,4,-0.763823980807483,0.4564359689940883,-1.6734526476754858,0.09423822096260959,3.815344929954525,0.28210629622260786,21.37014987958751,-1.4099069235311432,1.2269012808752031,2.6368082044063463,0.12910786572070437,False,320.000004834948,1.0257729211288598
s__Acidovorax_sp_BoFeN1,4,-2.188253227725511,0.1126680572579343,-19.42212620845921,0.0,70.47804408009688,3.3306690738754696e-15,95.74335519783926,-4.242896425798765,2.7024888549659907,0.0,True,4,-0.8365689774097363,0.6108409020014163,-1.369536608744967,0.17083159949634608,12.398287962740152,0.006136189236371714,75.8031108083977,-2.5779877419483506,2.357038817372123,4.935026559320473,0.22166819330417112,False,320.000004834948,0.7674317927947425
s__Phocaeicola_dorei,4,-1.5776580055171043,0.1104949741479833,-14.278097421916977,0.0,26.500787391007982,7.4910719259912995e-06,88.67958164511771,-1.7253607761008225,0.7991899731926069,0.0,True,4,-1.0269321388008754,0.48938105653634956,-2.0984305074436373,0.03586713269667108,6.142067100958936,0.10489925255674015,51.15650886439157,-1.891182892552943,1.5206450464446761,3.411827938997619,0.05443439396897607,False,320.000004834948,1.445303340463332
s__Phocaeicola_vulgatus,4,-2.246017114409701,0.112252891459943,-20.008545750566984,0.0,37.47772359403038,3.645849022682057e-08,91.99524487533748,-2.407897832321236,1.173692335104239,0.0,True,4,-1.3972085296145509,0.5465611187152021,-2.556362832575725,0.010577276374437838,9.180091826667862,0.026989861332036735,67.32058832695878,-2.574031319758656,1.7038141691786253,4.277845488937281,0.01747814417057637,True,320.000004834948,1.975626147785777
s__GGB44854_SGB62331,4,0.9518585918025928,0.1076604583535514,8.841301684567773,0.0,13.90269177719735,0.0030406429690743,78.42144493974553,-1.5662478662990107,1.068208102485753,0.0,True,4,-0.0230089352517214,0.5325725407395993,-0.04320338262233387,0.965539408665476,1.164528542105295,0.7615237890030981,0.0,-0.7421749202299095,0.9056295831238319,1.6478045033537414,0.9711924496998171,False,320.000004834948,0.015229995715062453
s__Rhodoferax_sp_TS_BS_61_7,4,1.2171098734642027,0.1127720807419891,10.792652449579464,0.0,21.137952399205123,9.855464292474192e-05,85.8075184230578,-0.8787788104645318,2.6510297787587818,0.0,True,4,-0.9278093442065347,0.2070956565378555,-4.480100450764105,7.460791847435644e-06,7.438209735583442,0.059167545253263065,59.66771432044482,-1.3754390147885935,2.982669803170971,4.358108817959565,1.8206875559509143e-05,True,320.000004834948,5.12721507645205
s__Bacteroides_ovatus,4,-1.00779012840621,0.1075394879079198,-9.37134952017928,0.0,16.500780501233905,0.0008950645303433,81.81904183395649,-1.4109103515845398,0.9764661458224516,0.0,True,4,-1.046871412240273,0.3151536496737745,-3.3217810211746635,0.0008944486068864776,5.201331973974929,0.15763447474087722,42.32246634110995,-1.3795562927373486,0.9685485542279861,2.3481048469653345,0.0016775793740512759,True,320.000004834948,3.048444608016475
s__Akkermansia_muciniphila,4,-1.0566400023346123,0.1110831674512089,-9.512152260140764,0.0,13.411358535647532,0.0038264299315315,77.63090150765883,-1.1745198186454036,0.6114456910425952,0.0,True,4,-1.387736926099849,0.4106739108165217,-3.3791699193666416,0.0007270505614995759,6.944908201144552,0.07367462013691839,56.80288474503398,-1.9642517300889712,1.046029860544381,3.010281590633352,0.001373744478778707,True,320.000004834948,3.138435385816741
s__Aeromonas_media,4,-3.2738805302729963,0.1131776994400067,-28.92690473893592,0.0,72.52709997610934,1.2212453270876722e-15,95.86361511629693,-3.4941038791053587,1.9695158498163576,0.0,True,4,-2.4124222825360206,0.4638936524852594,-5.200377865943483,1.9888377367216492e-07,35.80448634620487,8.236095316860315e-08,91.62116174215697,-4.008874636318519,3.834934405128659,7.843809041447178,5.528840180724585e-07,True,320.000004834948,6.701400648208417
s__Zoogloea_ramigera,4,-1.0087609054550466,0.1101197403797027,-9.160581944497409,0.0,29.42859946127679,1.819933095226212e-06,89.80583495335037,-3.0320182298192284,2.06501630300643,0.0,True,4,-0.8617330944487119,0.4953535957280091,-1.7396322584117794,0.08192361115248259,6.6858485933332386,0.08261430239474854,55.12910652820593,-1.678840258128566,2.31197050981477,3.9908107679433362,0.1140557244408145,False,320.000004834948,1.086590912459175
s__GGB9758_SGB15368,4,0.8773557311867618,0.1108200243626945,7.916942233430038,2.4424906541753444e-15,27.08068110875352,5.662460539235248e-06,88.92199207267987,-2.2295728524782863,1.793839235308067,6.173013489263468e-15,True,4,-0.5009060567265272,0.3662654203167423,-1.3676040077530365,0.17143606129779165,5.2823805103708965,0.15224978764182084,43.20742335562346,-1.1701903042859203,1.8203244750494125,2.990514779335333,0.2220566650795604,False,14.612167089368796,0.7658978196627082
s__Ruminococcus_bromii,4,-0.8564788614189236,0.1117872017660963,-7.661689781009286,1.8429702208777602e-14,36.09091544164569,7.164159343542309e-08,91.68765889341152,-4.880088834528089,2.6046418402235,4.551151652320269e-14,True,4,-1.706370624709502,0.4550994188570632,-3.7494458441517717,0.00017722576262491074,25.96817742683212,9.684851977942444e-06,88.44739871154688,-3.6675939171062106,3.9077807844594235,7.575374701565634,0.00036246888117809123,True,13.734481682150948,3.75147314614773
s__Bacteroides_faecis,4,0.7801861387411557,0.1034241069933384,7.543561761586276,4.5741188614556456e-14,13.104958462602294,0.0044150379234614,77.10790149727586,-0.8125914610464291,0.9562662951541216,1.1167754352308689e-13,True,4,-0.33496829054238264,0.20091529816505055,-1.667211474694219,0.09547236185919417,4.098006438563445,0.2510738273736608,26.79367285104488,-0.7421181241169101,1.6276080200006733,2.3697261441175836,0.13059038031377038,False,13.33969255415787,1.0201223334346028
s__Klebsiella_huaxiensis,4,0.7907009494770233,0.1055406821143519,7.491906757057996,6.794564910705958e-14,12.039374939359414,0.0072494885261242,75.08176283976066,-0.7135708673473884,0.9370798690890484,1.6403296631443116e-13,True,4,-1.0061139790959193,0.21341352274997416,-4.714387195954016,2.424392669064801e-06,4.9835661618807725,0.17300447343606074,39.80214363467354,-1.1495600654879836,0.8892415253584953,2.0388015908464787,6.216577023064669e-06,True,13.167838348045443,5.615397037889844
s__Citrobacter_portucalensis,4,0.8233673819133717,0.1107187968029394,7.4365636702034,1.0325074129013957e-13,22.37467164880077,5.450923852756695e-05,86.5919820094397,-1.3717836499913751,1.5639852889255632,2.447004747791952e-13,True,4,-0.6069956022148875,0.20565403102367896,-2.95153758568923,0.0031619606109212217,2.1034965196994926,0.5512057175380325,0.0,-0.6778255462914637,1.5333230939767513,2.211148640268215,0.005565828206519118,True,12.986106821637069,2.5000435444500178
s__Acidaminococcus_intestini,4,0.7523157512038502,0.1039127618903985,7.23987831251518,4.4919623576333844e-13,15.26603575681776,0.0016028546288097,80.34853286217275,-1.3679796896086058,0.9200172097455028,1.0568362346868359e-12,True,4,-0.5760969570824122,0.20902119735093602,-2.756165232922164,0.005848344490223978,4.026349646387711,0.2586328654919594,25.490822619156116,-0.7381383403356981,1.3502204397908444,2.0883587801265424,0.009958153795361167,True,12.347563891756216,2.2329670536635775
s__Psychrobacter_faecalis,4,0.7685050852605381,0.1069826255865073,7.183456949643813,6.796785356755208e-13,9.264183544374555,0.0259770186081147,67.61722189947677,-0.5121264246649282,0.8865835705984205,1.5705429020787929e-12,True,4,-0.09149886785127066,0.4039743289975488,-0.22649673824156744,0.8208150958295537,1.780142682428674,0.6192656148250393,0.0,-0.6704029971373519,1.2262086871053643,1.8966116842427163,0.8484719221631609,False,12.167696444929687,0.08575466493305371
s__GGB44099_SGB61482,4,0.7859335566178366,0.1110839060432066,7.075134325148269,1.4930279235159105e-12,7.610854701279482,0.0547775005835817,60.582613678123934,-1.0935027322512991,1.1479813836450656,3.4013699525168804e-12,True,4,-0.42215345604161947,0.5157762518738449,-0.8184817631829918,0.41308215120702396,2.114174927132818,0.5490504063678381,0.0,-0.9767446653742744,1.0855118537255148,2.0622565190997895,0.4814621002535055,False,11.825932069759588,0.3839635699707999
s__Laribacter_hongkongensis,4,0.7498921019956698,0.1103855249771116,6.793391634919158,1.095279422713702e-11,12.632917464531214,0.0055015928336961,76.25251642446851,-0.719282764146197,1.516636720481009,2.4605756475547396e-11,True,4,-0.9518275353214023,0.21158952766793288,-4.4984624041280235,6.844669740990739e-06,5.643989413598745,0.13027566156824422,46.846108662575844,-1.0631224885100368,2.2635303359901067,3.3266528245001434,1.679877516431727e-05,True,10.960475071452164,5.164647501967616
s__Phocaeicola_coprocola,4,0.708520882291436,0.1057747922265514,6.698390678696923,2.1072699141200246e-11,14.490247227010958,0.0023083952934388,79.29641949512245,-1.6911843392777703,0.840373581549637,4.685235857167202e-11,True,4,-0.63632844247492,0.20884414828795977,-3.0469057796990975,0.002312101711441139,5.785521169997329,0.12252434339545093,48.14641737796312,-1.2817071744436723,1.399083803682773,2.6807909781264456,0.004111998695917057,True,10.676279833302546,2.6359930648250294
s__Aliarcobacter_butzleri,4,-0.726582641857292,0.1118839833834523,-6.494071983182124,8.354672509369719e-11,5.602996357291066,0.1326064461327485,46.45722023188253,-0.8011911547976678,0.3439757978219233,1.8448713698164535e-10,True,4,-2.04171119660423,0.21604606028832476,-9.45035143838985,0.0,12.99940097010893,0.004637901053558435,76.92201350740501,-2.243019246648641,1.3334227810422072,3.576442027690848,0.0,True,10.078070569129192,320.000004834948
s__Bacteroides_caccae,4,-0.6998650375077891,0.1089460379524298,-6.423960436389417,1.3277379196097172e-10,10.167650971374352,0.0171935019589207,70.49465989296746,-0.8274857411776699,0.793633331135672,2.912021810127075e-10,True,4,-1.6625433034406527,0.21454395037033722,-7.749196845545338,9.325873406851315e-15,9.979462620773104,0.018741519841129817,69.93826106673075,-1.8613944765333512,0.7340076485892424,2.5954021251225936,4.7401924594587454e-14,True,9.87688764130834,14.03031048412912
s__GGB75672_SGB103056,4,0.7113265742231462,0.1121860713795162,6.340596167386833,2.2887780559699422e-10,8.246025446605104,0.0411915497446989,63.618836499769685,-1.0567058748899314,1.7374245234504022,4.952640141179104e-10,True,4,-0.4890212692171115,0.5704277818410688,-0.8572886608691885,0.39128537360697724,2.5375379663121684,0.46854531307135416,0.0,-1.1382931281052775,1.5100940805034495,2.6483872086087272,0.46043032318958005,False,9.64039631905147,0.40750638588542143
s__Uruburuella_suis,4,0.6969009992034894,0.1107730562893657,6.2912500796494895,3.149194238716291e-10,19.982876497260296,0.0001711350799151,84.98714636798506,-1.868215019376412,1.831179322340256,6.746783683607417e-10,True,4,-1.298138477292569,0.3534499946190484,-3.672764173307498,0.00023994089639201022,14.119682434102197,0.0027466889212809376,78.75306322219878,-2.386912517627298,2.3204903062112656,4.707402823838564,0.000480441095572813,True,9.501800551747994,3.6198957230048134
s__Acidovorax_sp_210_6,4,0.6922807780950765,0.1102038440950046,6.281820600543428,3.34630767540034e-10,15.648287582887088,0.0013386642131556,80.82857319620845,-0.8447507808178993,1.8695404191706544,7.121911401263223e-10,True,4,-0.5083305864069859,0.5378812312160447,-0.9450610225936857,0.3446277229961856,3.372592973494559,0.33766617704859536,11.047670929246225,-1.26959580731014,1.854599722071227,3.124195529381367,0.4100210720965699,False,9.475434130443114,0.4626497893952865
s__Acinetobacter_bouvetii,4,0.6928666213977076,0.1103535701833916,6.278606303776705,3.4162139783688867e-10,6.118056913075652,0.1060056564468532,50.96482359311939,-0.692577137122443,1.0018652042471887,7.223171385636175e-10,True,4,-0.23379978046105088,0.4440423750537145,-0.5265258308574013,0.598522909540387,6.58368349571075,0.08642001683108125,54.432803430564505,-1.6586270753904864,1.9704525035703324,3.629079578960819,0.6532797703877921,False,9.466454934612301,0.22291922153734775
s__Acetoanaerobium_noterae,4,-0.6814086020974611,0.1090517418494793,-6.24848893324407,4.1444248033428716e-10,8.873590418625268,0.0310196506677952,66.19181347717904,-0.7291983249418161,2.4188614611113333,8.677808568811774e-10,True,4,-2.055738311199626,0.21303530154131559,-9.649754272302802,0.0,16.7455218117548,0.0007972192282873491,82.08476251905091,-2.292327745207238,2.748834122393842,5.04116186760108,0.0,True,9.382535735817774,320.000004834948
s__Mediterraneibacter_faecis,4,-0.6581140113353372,0.1083655822539056,-6.073090714294737,1.2547152206110468e-09,6.126670392358906,0.1056074630242038,51.03376209463535,-0.8556518734825256,0.5407931218668739,2.593612612572994e-09,True,4,-0.6814218922431471,0.48809100511631126,-1.3960959843559613,0.16268559291631401,3.401961516959167,0.3337017430115532,11.815580951029075,-1.334978123717204,1.4586225706835594,2.793600694400763,0.2117377641138087,False,8.901454833666264,0.7886509055387803
s__Fusicatenibacter_saccharivorans,4,-0.6182378190375623,0.1037894094660696,-5.956656100251476,2.574511936970225e-09,11.92424559494336,0.0076472198636549,74.84117568601413,-1.2838485680528966,0.8052347954202443,5.2712317190497966e-09,True,4,-0.3765210889524677,0.47954186985835584,-0.7851683296469654,0.43235488148761947,1.9807804784610037,0.5764053561594884,0.0,-0.9423149160929255,1.1579671364504296,2.100282052543355,0.49785253865563406,False,8.589305090184277,0.36415963327406775
s__Aliarcobacter_cryaerophilus,4,1.1574872792605992,0.1958887872190932,5.9089001248754425,3.4439942009356624e-09,208.72687047608147,0.0,98.56271500015434,-5.430283673003137,2.6738946376947705,6.985154382461987e-09,True,4,0.8262021180234607,0.43528573065764437,1.898068463616316,0.057687063833734564,98.30872804235545,0.0,96.94838895819355,-6.4323627505504675,3.6545525771831713,10.086915327733639,0.08370470917766552,False,8.462937588491252,1.2389215652758352
s__Moraxellaceae_bacterium_AER2_44_116,4,0.6250695631785048,0.1117669408304179,5.592615835544001,2.2367382834787012e-08,7.820144406098674,0.0498787653906404,61.63753705544877,-1.3159745226305202,1.3938862608218685,4.3070525875319037e-08,True,4,-0.39182046765909506,0.5244008860171666,-0.7471773563065043,0.4549565105538309,2.617297791393109,0.4544650875901076,0.0,-0.9461399207008603,1.6605813599294483,2.6067212806303086,0.5190008533409572,False,7.650384828907597,0.3420301157147155
s__GGB44548_SGB61987,4,0.6155353692202932,0.1124999638308856,5.471427263261971,4.464255654035298e-08,18.4650549455532,0.0003526404106025,83.75309464907676,-1.8866836429666176,2.922561648671807,8.495215906355407e-08,True,4,-0.5749001110399304,0.5934986371873051,-0.9686628999933069,0.3327134089177237,3.8580588473012165,0.2772047550198318,22.240688420329423,-1.264429649935952,2.9333862255060987,4.197815875442051,0.3969455809171176,False,7.350250942664205,0.47792969597029
s__Candidatus_Cibionibacter_quicibialis,4,-0.594666578961669,0.1095274168896177,-5.429385589920166,5.654839019264558e-08,6.681930446116411,0.0827572303978225,55.10279515489984,-0.6399283519112986,1.929672091562452,1.063570013216328e-07,True,4,-0.6084112160425853,0.5266233540896361,-1.1553061810073622,0.24796506569295573,3.1715830202828625,0.3659194778055058,5.410011946260187,-1.2975346399201344,1.5741000654420643,2.8716347053621987,0.3029900304839957,False,7.247579753964029,0.6056095000022452
s__Sulfurospirillum_sp_UCH001,4,0.5823702392423549,0.1078255603107755,5.40104069539582,6.625539161753126e-08,15.957807144983004,0.001156795832493,81.2004245148233,-1.9154192236763088,0.6732851260697862,1.2389375253336046e-07,True,4,-0.8091406645921556,0.20858575304865576,-3.8791751246951724,0.00010481127987471694,6.109931800572457,0.10638259030768682,50.899615610784366,-1.169466441314218,1.6361094907242093,2.805575932038427,0.00022396241147358672,True,7.178778774682227,3.979591975713638
s__Gemmiger_formicilis,4,-0.5758951061374081,0.1108956041455637,-5.193128353234606,2.0678951262453893e-07,6.1080647631555935,0.1064693855614506,50.884607214771606,-0.631905956370894,1.569579714578596,3.833605004815951e-07,True,4,-0.8699102878988921,0.4475087131161911,-1.9438957553280727,0.051908023232844824,4.628388454636666,0.20112026033764718,35.18262286315586,-1.3523934855878017,1.5609870041768052,2.9133804897646067,0.07596080401535554,False,6.684471490359451,1.2847655096573485
s__Acinetobacter_sp_WCHAc010034,4,0.5555704707134508,0.1106582533324071,5.020596783184068,5.151118862567472e-07,9.164097081141543,0.0271868437874931,67.26355064293689,-0.6807430300521944,1.5139663307122997,9.361724449666164e-07,True,4,-1.2071085183937187,0.2102550633981347,-5.741162656843905,9.402871814501168e-09,12.074643903402917,0.007131787325103889,75.15454680071741,-1.4204051610184132,2.1185133388617077,3.538918499880121,2.874401027991638e-08,True,6.288098428616496,8.026739484409845
s__Streptococcus_suis,4,0.5183144155314116,0.1083931149180431,4.7818020168837565,1.737307413929301e-06,5.793145296587572,0.1221195095029155,48.21465980203988,-0.586928779222682,0.5881269950897473,3.131024782206846e-06,True,4,-1.2879871311686557,0.21297589590331686,-6.047572311907794,1.4704466533288496e-09,7.470049593774109,0.058333020457957185,59.83962405684239,-1.4695338960339177,1.058225504466342,2.5277594005002597,4.802713593952402e-09,True,5.760123326998829,8.832550726740159
s__Rhizobacter_SGB88459,4,0.5194850736420231,0.1088683801648167,4.771680012649866,1.8269559318717652e-06,2.7097968144678783,0.4385649949301572,0.0,-0.6094961344513878,0.5780288860624218,3.2743503820527208e-06,True,4,-0.24470106836928882,0.5840470570376292,-0.4189749189225401,0.6752344624986804,1.0120815265078043,0.7983286165239616,0.0,-0.8481295262232594,0.5953147492572681,1.4434442754805277,0.7196357360873032,False,5.738271928167845,0.17054540037075347
s__Moraxella_osloensis,4,0.5105997188818314,0.1098748886132243,4.647101128622908,3.3663215863732887e-06,5.391954523418407,0.1452456623906677,44.36154854477423,-1.6652105374679715,0.5552018563330806,5.969363847128567e-06,True,4,-0.22044696528933447,0.4216068756394526,-0.5228732689783149,0.601062447710579,2.3846113474671875,0.4965056439587874,0.0,-1.024519960867891,1.3183999828864659,2.3429199437543566,0.6543886471272338,False,5.472844398010785,0.22108040439126478
s__GGB44695_SGB62151,4,-0.4866883414504119,0.1064166463891009,-4.573423030743599,4.798199924938018e-06,14.99222290371076,0.0018233071059277,79.98962515920529,-2.8037023019286025,1.6599127446355038,8.435965628899178e-06,True,4,-0.3865349717445852,0.5924374695362209,-0.6524485563804349,0.5141118490913335,2.7268244596638205,0.43568798928173036,0.0,-1.843044878530003,2.0256632501840626,3.868708128714066,0.5772837625744516,False,5.318921660393101,0.2889423865323445
s__Blautia_obeum,4,-0.4592892906545562,0.1013846062360112,-4.5301679190368,5.893682476054707e-06,13.640620078722344,0.0034374780842664,78.0068649175295,-1.1237661040154725,1.4330137412641348,1.0333909382133863e-05,True,4,-0.5357499207802292,0.45055701322915065,-1.1890835233936308,0.2344068013723093,2.8790830103716,0.41064635138345895,0.0,-0.9702722397219843,1.7430037511851888,2.713275990907173,0.28765063196973384,False,5.2296132656038266,0.6300297913074867
s__Flavobacterium_sp_9R,4,-0.4641709944637996,0.1038060476645657,-4.471521697499758,7.766497823746832e-06,21.47365531580442,8.39302326022251e-05,86.02939296603114,-2.0910903644575614,1.3498797079146572,1.3435625914342782e-05,True,4,-0.5284914033362077,0.428819905672322,-1.2324320684405183,0.21778772789892598,2.777911113771459,0.4271490611878207,0.0,-1.0304024510191978,1.1868379033935468,2.217240354412745,0.2704607800682193,False,5.1097747751115135,0.6619665959114492
s__Holdemanella_porci,4,0.4899636498739392,0.1114113805819059,4.397788155167276,1.09359641331519e-05,11.291841572754878,0.0102480531052759,73.43214584910184,-1.6752823422182028,1.376418275823745,1.8669046950261943e-05,True,4,-0.2403710072675842,0.3829446105697652,-0.6276913178382313,0.5302061740405297,2.6987289448232312,0.44044334009003616,0.0,-1.0372823954564447,1.3921944480650965,2.4294768435215413,0.5907225726340014,False,4.961142922800124,0.27555521938655153
s__Citrobacter_braakii,4,0.4627004268151502,0.1089722969976543,4.246037199941836,2.1758452127151884e-05,3.372188927385687,0.337721005321032,11.037012913574475,-0.4380714695065884,0.5175393044933104,3.666072532882102e-05,True,4,-1.156980435702512,0.21318898426526384,-5.4270179094381366,5.7303380485151933e-08,6.29309198953667,0.09818950253289194,52.328680321406274,-1.3115414285521845,1.1978310496022448,2.5093724781544293,1.6407867945581836e-07,True,4.662372003116643,7.241819757042341
s__Aeromonas_salmonicida,4,-0.9089165893347312,0.214409163378895,-4.239168583147406,2.2434913752311655e-05,17.41145728356235,0.0005815526055072,82.76996605659072,-1.478643841435766,0.8713622138477974,3.760463522732032e-05,True,4,-1.515038341921123,0.21349380668326548,-7.0964041789221515,1.2805312366026556e-12,8.946554829207995,0.030009973689453573,66.46753910001378,-1.7100632619257619,1.207996822729342,2.918060084655104,5.339690933212044e-12,True,4.649075595708225,11.892609823116125
s__Desulfovibrio_desulfuricans,4,0.4594606335093166,0.1093771578170631,4.2007000609558665,2.660909176488424e-05,11.980511262034351,0.0074502197248684,74.95933241591408,-1.004602658731908,1.3636569675507753,4.437134631927861e-05,True,4,-1.3430047579398006,0.20594134177298207,-6.521297503345647,6.970179988741165e-11,11.161737877879423,0.010882687202065089,73.1224650424244,-1.786734787629511,1.8785471390668673,3.6652819266963785,2.6260458817230967e-10,True,4.574969948756789,10.156756007108902
s__Bacteroides_thetaiotaomicron,4,-0.4336985085976469,0.1046792557754179,-4.143117997782837,3.4261554677561534e-05,7.221321343677062,0.0651682715053664,58.45635643085211,-0.9865272143404789,0.4654512366760512,5.68390407086726e-05,True,4,-1.5271295898347481,0.2133913496815923,-7.156473737634747,8.277822871605167e-13,9.346161769135003,0.02502553405804442,67.90126177884835,-1.730077425632287,0.9006779729441028,2.63075539857639,3.5553249233544193e-12,True,4.4651929340568195,12.082083870845079
s__GGB6612_SGB9346,4,0.4531154779262905,0.1119649856921265,4.046939095515411,5.18917358880433e-05,11.407556952147416,0.0097143657964797,73.70164345806518,-2.1051693893019707,0.5285932772128025,8.542990615665144e-05,True,4,-0.2700989787316752,0.20937681441740644,-1.2900137939495782,0.19704586882082253,0.6587793812353121,0.8828538943395396,0.0,-0.30656414045264485,0.7109448871817727,1.0175090276344176,0.24779021882998645,False,4.284901800995404,0.7054326659347804
s__Megamonas_funiformis,4,0.4470408427061337,0.1109179692920373,4.030373487357258,5.568829595525848e-05,5.025097481069678,0.1699685810960645,40.299665602479045,-0.4887675748102331,1.2926640420352733,9.098567546225312e-05,True,4,-0.9743770896012025,0.21031549416876666,-4.63293060481468,3.605254152994064e-06,6.073224843844581,0.10810151902084597,50.602849768675995,-1.2601692844168673,2.390932691625574,3.6511019760424412,9.081857235841351e-06,True,4.254236071184596,5.443064114203287
s__Bifidobacterium_longum,4,-0.4213060470822507,0.1067446107223224,-3.946860119975568,7.918278653740174e-05,5.524301000072613,0.1371923516793401,45.69448695933536,-0.668009947987837,1.5839591520670528,0.0001287217660545,True,4,-0.71026423918012,0.49676615425784504,-1.4297758273029597,0.15278136899088102,4.361749174827949,0.22495844223903272,31.220254082621885,-1.4254873980431935,2.092993072728687,3.5184804707718804,0.20005974994385184,False,4.101369218970236,0.8159296028138915
s__Pseudomonas_alcaligenes,4,0.4202751244353334,0.1110473972000428,3.784646331496109,0.0001539273178405,6.941684286496236,0.0737799032842053,56.782822782131625,-1.0080689042825983,0.7678647084386435,0.0002459036410934,True,4,-0.9182277707993113,0.21225400485741336,-4.326079837297546,1.5178642748914228e-05,3.751718605483243,0.2895522350386882,20.036646788610025,-1.0448857098576796,1.1058727333197242,2.150758443177404,3.5721792113198146e-05,True,3.812684298072617,4.818767060654638
s__GGB51647_SGB4348,4,0.396986216626705,0.1061582491626399,3.739570120627193,0.0001843352234118,4.895180575103111,0.1796354230215651,38.71523319777006,-0.4479866132195567,0.5235279494433273,0.0002887769722699,True,4,-0.4094175998246107,0.4895356829904036,-0.8363386246404361,0.4029644298899473,2.212837956163545,0.5294241229274605,0.0,-1.084451007277528,0.5768319270585422,1.6612829343360702,0.4715891625006331,False,3.7343916703601354,0.3947332878149653
s__Phascolarctobacterium_faecium,4,-0.405086765359515,0.1082560129575722,-3.74193316650482,0.000182610085609,2.635792517107133,0.4512491803921177,0.0,-0.717316648211997,0.520792651322875,0.0002887769722699,True,4,-1.6386605258624467,0.21419071899506126,-7.650473996028887,1.9984014443252818e-14,9.71250447528498,0.021174890039431293,69.11198334441977,-1.8346169656826075,1.2965681346370677,3.131185100319675,9.753561594746688e-14,True,3.7384752399267183,13.699317265087696
s__Azonexus_hydrophilus,4,-0.3842610478825939,0.1049763506144992,-3.660453479600386,0.0002517692636756,13.763208352364334,0.0032458432538037,78.2027567759327,-0.9143276006573838,2.581681161055643,0.0003925173821642,True,4,-1.6453340925256887,0.21188982491127015,-7.765045316426497,8.215650382226158e-15,13.097544004960223,0.004430339828151331,77.09494238871152,-1.8540401039627108,2.767823747851831,4.621863851814542,4.225894418163036e-14,True,3.598997290236322,14.085358050460027
s__Candidatus_Megaira_endosymbiont_of_Carteria_cerasiformis,4,-0.3996182978291767,0.1120597199122678,-3.5661190135227887,0.0003623068861433,140.224776587647,0.0,97.86057780015442,-1.7149355587489692,5.995283686172574,0.0005581251317494,True,4,0.8144359543045157,0.16333031713132576,4.986434659584162,6.150369327162508e-07,794.6603431942959,0.0,99.62248021740447,-3.4025601073068303,5.901447167380585,9.304007274687415,1.6561652827688384e-06,True,3.440923411519931,6.211098804235523
s__Candidatus_Gastranaerophilales_bacterium,4,0.3800926332799352,0.1089617012913829,3.488314047735912,0.0004860767933243,2.229265106186177,0.5262070843511983,0.0,-0.222809109762585,0.4773502145515841,0.0007365144854352,True,4,-1.1630711374664915,0.21338612156542985,-5.450547247093869,5.021505966595896e-08,6.398667333833533,0.09374563087800403,53.11523722858308,-1.3160008202762312,1.3821373276796152,2.6981381479558464,1.4621944492562288e-07,True,3.3132951128727623,7.299166016938771
s__Bifidobacterium_adolescentis,4,-0.3730662854872685,0.1073958335401456,-3.473750081261884,0.000513238835502,7.496995855407221,0.0576356915570768,59.98397147523771,-0.6587140790309784,2.016162051753145,0.0007722454106274,True,4,-0.6380796852969066,0.4972623895389197,-1.2831850924590495,0.19942723749127778,4.237891204994609,0.23689553153663978,29.210075132077012,-1.500563283505064,1.7486012640561999,3.249164547561264,0.2497201122521977,False,3.289680489074002,0.7002155266445954
s__GGB6613_SGB9347,4,0.3679948293718922,0.1126001533866566,3.2681556667888203,0.0010825080884864,15.374917288095029,0.0015227333971997,80.4876999089749,-3.461525494251732,0.7143100529064088,0.0016063824157126,True,4,-0.2411799977156521,0.207286989529214,-1.1635076483257112,0.24462359681299795,4.243383647313926,0.23635409384049577,29.30170238321466,-1.4308469429136643,0.897905292025027,2.3287522349386913,0.2997598711303356,False,2.965568849919736,0.6115016524861953
s__Bacteroides_stercoris,4,-0.3449879020430395,0.1119721138214739,-3.081016248323053,0.0020629539100625,28.49327877869293,2.861440035140106e-06,89.47120117940453,-4.3250227283652185,1.488538685910307,0.0030266013147629,True,4,-0.5595085994150251,0.3759719108722319,-1.4881659593053087,0.13670713207343188,10.105253524960366,0.01769230742038741,70.31247170009259,-2.163255385911322,2.147747882933823,4.311003268845145,0.18010954977159202,False,2.6855104748039347,0.8642088274999343
s__Dorea_formicigenerans,4,0.3425813648005919,0.1115339841665531,3.0715424304131087,0.0021295589516701,8.608427217958184,0.0349765887408546,65.15042848080715,-1.883201823724718,1.033827763945477,0.0031102136382179,True,4,-0.7179905392565181,0.2104515577003652,-3.4116665474093195,0.0006456704442778793,2.703184238462264,0.43968643758947523,0.0,-0.8067664582386538,1.525259812789898,2.3320262710285515,0.0012325131369659962,True,2.6717103330353367,3.1899890930750403
s__Segatella_sinensis,4,0.3359961968352801,0.1110000307909625,3.0269919246061736,0.002470005569209,7.675294467877003,0.0532213949930268,60.91355175289054,-1.8949518697666532,0.4403901987369637,0.0035912215804005,True,4,-0.4907726246412749,0.21101132565362404,-2.3258117692074984,0.02002859451048833,1.9568259131705648,0.5814158279326715,0.0,-0.573490812302,0.9497524158680422,1.5232432281700423,0.03174273558027578,True,2.607302067520087,1.6983495258814518
s__Parabacteroides_merdae,4,-0.3303944319447261,0.1108860427755968,-2.9795853804013404,0.0028863877810672,18.46131535824277,0.0003532679736987,83.74980362024674,-3.4488029833075364,0.8068002512569268,0.0041685109248894,True,4,-0.556315098375659,0.3386946862539834,-1.6425267975963591,0.10048087727995592,5.0336053882422735,0.16935286685737772,40.40057238083188,-1.681394907815128,1.3720432910792413,3.0534381988943693,0.13649608129540242,False,2.539645322631196,0.9979165818455263
s__Acinetobacter_parvus,4,0.3309306153280373,0.1115326430050479,2.9671189206290003,0.003006046659286,5.838185439547821,0.1197538099288153,48.61417077165751,-0.8013071353322524,1.0509579633590842,0.0043220270856846,True,4,-0.5790956192837189,0.4491703785353704,-1.2892560305779768,0.19730909159454102,2.970486177176607,0.3961980471691203,0.0,-0.9485986417231524,1.6317610145001968,2.580359656223349,0.24779021882998645,False,2.5220042826602307,0.70485290289595
s__GGB4599_SGB6362,4,-0.2277323326995944,0.0806533004069937,-2.823595953921397,0.0047488208775317,59.80378861891548,6.473710456589288e-13,94.98359540544038,-0.9043884470159818,2.1100972964555123,0.0067825322467174,True,4,-0.7086272504557257,0.43054158530094644,-1.6458973410440685,0.09978489648950228,7.88635663414285,0.048419696588986705,61.95962040301436,-1.7567456354623863,2.735302356329065,4.492047991791451,0.13584029490409263,False,2.323414211417493,1.0009351888494722
s__Nitrosomonas_oligotropha,4,-0.9555361888397802,0.3447361676143059,-2.77178978768727,0.0055749025477029,40.802900051224114,7.199889906495116e-09,92.647581431139,-3.374221691299821,2.820782768616166,0.0078420374180776,True,4,-2.311216835584733,0.23590289679933135,-9.797322826225184,0.0,23.893327407769412,2.6294235504487062e-05,87.44419331472231,-2.742379772797423,2.165614000839125,4.907993773636548,0.0,True,2.253762719914742,320.000004834948
s__Acidovorax_sp_1608163,4,0.272072724028908,0.1111790155423914,2.447158959823397,0.0143987319591361,27.36472252466132,4.936755093054579e-06,89.03698001214383,-2.095135855973684,4.0715823280412975,0.019863495900983,True,4,0.571492470510417,0.16173176913027854,3.5335820141191125,0.0004099688722323247,382.1094364199243,0.0,99.21488460789985,-2.309825305130243,4.100859190504009,6.410684495634252,0.0007967494598361243,True,1.8416757528629768,3.387249116770356
s__Azospira_oryzae,4,0.2589876241464692,0.1090624745414713,2.3746721797329884,0.0175645420818781,15.500533054011449,0.0014352252927894,80.64582689158797,-2.675195097947368,0.3712723213082308,0.0241279378492042,True,4,-0.7938796698936063,0.20646877875206357,-3.845034947617579,0.0001205352587161368,5.686236483314321,0.12791435557469666,47.241026489081264,-1.2363501782412554,1.0957553385393584,2.3321055167806137,0.0002550241064954717,True,1.7553631680413737,3.9188858956117296
s__Collinsella_aerofaciens,4,-0.2474005926676668,0.111771880209857,-2.2134421663405903,0.0268671763052887,16.450153987125326,0.0009167473046876,81.76308864738931,-2.2402214383216976,2.5443036628305107,0.0367506618805958,True,4,-0.66483498218778,0.48295871665414347,-1.376587603167502,0.1686397858117341,14.860913120513935,0.0019394496326190502,79.81281516370072,-1.7013407242104681,3.8553231586881163,5.556663882898585,0.21915518307455312,False,1.5707779747827324,0.7730399580617187
s__Enterococcus_aquimarinus,4,-0.2233364693565036,0.1097352865964919,-2.035229289350972,0.0418278072590374,3.728124678736,0.2923578551736291,19.53058820401003,-0.7113785691962946,1.8029941277612456,0.0562631835688092,False,4,-0.847988135098261,0.4328938734762596,-1.9588822735897775,0.05012657544913535,4.417010645864559,0.21981327898524927,32.080761389860804,-1.3967825537955874,1.422519080486423,2.8193016342820103,0.07347905855086563,False,1.3785349018611812,1.2999319645340806
s__GGB24768_SGB36661,4,-0.2204611990401622,0.1107009784757273,-1.991501810334055,0.0464257463982631,3.0875485521075325,0.3783228922769344,2.8355360451829235,-1.453028080207445,0.8223045938156077,0.0620608634704054,False,4,-1.6235422327314963,0.21490699994666942,-7.554627039297878,4.196643033083092e-14,9.931468360998124,0.019157752839537023,69.79298638475956,-1.7990234670854914,1.9009565668788213,3.6999800339643127,2.0027313141213197e-13,True,1.3332411052717323,13.377097970353779
s__Acinetobacter_junii,4,0.5482627522574587,0.2847635658178363,1.9253261936191064,0.0541885626807929,19.09104412888145,0.0002618001868416,84.28582543863318,-1.4978255768704811,1.9724004009700835,0.0716973416246892,False,4,-0.02571343245629499,0.48099571259748775,-0.053458756040540414,0.9573663915439867,1.9027186557119913,0.5928411868846539,0.0,-0.7687549759394958,0.840615106627257,1.6093700825667527,0.9641005044974029,False,1.2660923682361573,0.01892182254363092
s__Nitrospira_sp_ND1,4,-0.773911712086339,0.4051656148052475,-1.9101120228535144,0.0561187913231999,33.5901179812984,2.417910465180029e-07,91.0688018372836,-2.1576205355276823,6.234979022752381,0.0739487942690639,False,4,-2.3211796946867986,0.6470864628144576,-3.5871244850201145,0.00033434472832505335,28.323563161560735,3.106158167454076e-06,89.40811230957183,-4.486993728785422,6.674684589158144,11.161678317943565,0.000657213092977622,True,1.2508916913022217,3.4758055200112286
s__GGB43468_SGB60787,4,-0.681335538844407,0.3632685132525038,-1.8755700370068085,0.0607143439834565,39.34419377525903,1.4673799175746184e-08,92.37498672069243,-2.8149445057651405,5.032447909334842,0.0790385926706164,False,4,-0.906695433058346,0.5860417816290955,-1.5471515197054524,0.1218267131349351,10.666362806559919,0.013673805385045812,71.87419878353501,-2.3828247167832473,2.3093810974622837,4.692205814245531,0.1632591990372999,False,1.2167086931597797,0.9142574728272923
s__GGB57993_SGB79614,4,0.2030398263069939,0.1092959620248845,1.8577065661471168,0.063210695562025,2.3610373814392087,0.500928707721485,0.0,-0.7903220835657059,0.6032555741565249,0.0813067992616903,False,4,-1.2493790055313405,0.21143543934725648,-5.909033080681382,3.4412159788388408e-09,10.570212198432012,0.014292093759388003,71.61835596408348,-1.4597220334231522,1.5653057927597211,3.0250278261828734,1.0948164910453941e-08,True,1.1992094307276517,8.463288069176702
s__Bacteroides_xylanisolvens,4,-0.2065511897290229,0.1118110285274578,-1.8473239397694965,0.0647002053395471,18.131237554445413,0.0004132690766225,83.45397002829263,-3.869108452921963,1.0635063461516174,0.0828931343657168,False,4,-0.8181785557489571,0.21082732253888903,-3.8807994423874383,0.00010411367145901629,7.3864279435880205,0.06054954587697037,59.38496898755741,-1.868389562687853,1.7884928015070556,3.6568823641949084,0.00022302654310048627,True,1.1890943410053227,3.9824922383149937
s__GGB2275_SGB136518,4,-0.7296797346643096,0.3962480166211561,-1.8414722700352089,0.065552380602704,26.66569372505215,6.918160335489532e-06,88.74958952528009,-2.955664535116044,1.6639883750973317,0.08348895718494,False,4,-0.6181125540887205,0.4644766377791079,-1.330772107385684,0.18326400839791157,5.6853007446108785,0.1279662129205208,47.23234293553048,-1.608669325996459,2.43396242111445,4.042631747110909,0.23218847081682306,False,1.1834115318328677,0.7369228186656027
s__GGB75167_SGB103639,4,0.5285499049336065,0.3043613376507214,1.7365868773390631,0.0824601174567423,11.302248632500238,0.0101988945886565,73.45660940980068,-1.2373759520372292,1.7418239970144072,0.1031947698153042,False,4,-0.28957103559704106,0.40208688984488844,-0.720170298784792,0.47142014859594283,3.1947180034953204,0.36256676655745146,6.094998158907319,-1.229829353169393,1.5187259105815047,2.7485552637508976,0.5370688430290648,False,1.083756050922258,0.3265918595778471
s__Flavobacterium_sasangense,4,0.1753746481057219,0.110586672077774,1.5858570007639203,0.112771751865518,27.11942254467517,5.55753634667866e-06,88.93781755471396,-1.9958581610844968,1.226725221673338,0.1403140835711349,False,4,-0.44255573300007656,0.3325459861141811,-1.330810629144455,0.1832513296264171,5.650709390028735,0.1298973114020716,46.90932070770066,-1.3258051874073258,2.2605050047570194,3.586310192164345,0.23218847081682306,False,0.9477996729174349,0.7369528655418357
s__GGB56729_SGB91086,4,-0.4290713246815448,0.2930374790457391,-1.4642199560233475,0.1431338593184874,8.391865957772836,0.0385706043316541,64.25109725184187,-0.965636366903868,2.6534563690093016,0.1770699942238267,False,4,-0.13832240637477028,0.6418284678161368,-0.2155130432986578,0.8293673438991327,0.6007586902593692,0.8962586665842907,0.0,-0.7077746484339227,0.9629085090511571,1.6706831574850798,0.8532054471968324,False,0.8442576186807023,0.0812530688557925
s__Desulfovibrio_sp_86,4,0.1530479628974506,0.1071709584776873,1.4280730999463322,0.1532708192219236,0.6475867839186933,0.8854571631060468,0.0,-0.1412156968363423,0.1832134614628974,0.188888038164923,False,4,-1.368862520586187,0.2116899910418795,-6.466354473581982,1.0039546971540858e-10,9.455920683689316,0.023804943598769945,68.27384555821462,-1.587694160141131,0.9861975456325234,2.5738917057736543,3.7333207136595655e-10,True,0.8145405213179145,9.998285884023563
s__Pseudomonas_chengduensis,4,0.1578220537335456,0.1111248215788613,1.4202232362779994,0.1555427009641754,9.938944321925709,0.0190923249233888,69.81570775699105,-1.3185279368145324,1.86437384028178,0.1909603937833425,False,4,-1.1337436053706171,0.2113016649069253,-5.365521402162218,8.0715708117296e-08,5.1915818846335275,0.15829422001918791,42.21414461592819,-1.2641432348097763,2.077470058649485,3.3416132934592615,2.2807497787091206e-07,True,0.8081503638889785,7.093041938824292
s__Acinetobacter_bohemicus,4,-0.615262651264066,0.4582097159022811,-1.3427533941582297,0.1793518391099904,21.744880979090127,7.37098029253147e-05,86.20364948014753,-3.6103087174866015,2.1017126724696444,0.2177122699890503,False,4,0.0760496952215346,0.7292484456930659,0.10428502888238342,0.9169431583507208,5.334728885238574,0.14886469391271895,43.764714861121995,-2.2309216708032475,1.9808643703812665,4.211786041184514,0.9343465872162149,False,0.7462941656218293,0.03765758557289718
s__GGB46571_SGB64436,4,0.3716905263321517,0.2814642242580191,1.320560463099644,0.1866479630942108,5.5240575558543625,0.1372067689524038,45.692093725189046,-1.370513451603881,0.9810152433340008,0.2251512649131312,False,4,-0.32333236123130626,0.48693500608438356,-0.6640154377713281,0.5066804304912562,1.8291058633635635,0.6086217487706322,0.0,-0.7071836998566075,0.9680155836372251,1.6751992834938325,0.5711791204619279,False,0.728976745206047,0.2952658691330231
s__GGB46510_SGB64371,4,-0.4718739625186545,0.3865584907948491,-1.2207052069878943,0.2221976555665306,25.378923182517028,1.2865094160541268e-05,88.1791674988534,-1.8428325249887223,5.705216908881334,0.2647548492661976,False,4,-1.4256907002781074,0.6389810760254041,-2.231193933232267,0.025668285669759205,10.87616816174478,0.012414677484421821,72.41675601750963,-3.093373465499762,3.2905313186555247,6.383904784155287,0.039871713183224515,True,0.6532605276628847,1.5906031359653223
s__Streptococcus_thermophilus,4,-0.1281457617925663,0.1070963104513102,-1.1965469328733402,0.2314831950707074,2.3126588892259528,0.5101001386889361,0.0,-0.413599014180245,0.9138198048129356,0.2748066554325646,False,4,-1.3245884398685697,0.2130948218865661,-6.21595789208651,5.101248312655571e-10,7.7574980322735465,0.05129858684988298,61.32773753188091,-1.4946624890677886,1.3238102290338218,2.8184727181016105,1.7669243147464255e-09,True,0.635480531872681,9.29232353587062
s__Methanothrix_soehngenii,4,-0.3033849920826186,0.2706258595211306,-1.1210495280068762,0.2622667808519483,1.7182815029229903,0.6328770768666792,0.0,-0.7067561414194761,0.1537163477136015,0.3068473909786809,False,4,-1.4994779917802339,0.4128621793906702,-3.631909306861831,0.00028133200097291144,7.941992423318063,0.04722588385347637,62.2261034750945,-2.1341276231605426,1.808356441274244,3.9424840644347867,0.0005607057745608606,True,0.5812567143899017,3.5507808648646804
s__GGB46509_SGB64370,4,-0.4219924248666171,0.3840516501039586,-1.098790813038789,0.2718593203252972,37.10426754494112,4.373480100294813e-08,91.91467667063804,-2.298516489102272,5.217181990988289,0.3163542810260203,False,4,-0.5271171196288653,0.6467758708521644,-0.8149919367498331,0.41507692556408493,6.503210738474229,0.08953596636743211,53.86894073336066,-1.869232884488105,1.9304425776548477,3.799675462142953,0.482174865293522,False,0.5656557732141951,0.3818714087046557
s__Phocaeicola_massiliensis,4,-0.1918748774169563,0.2079039913993454,-0.9229013648343094,0.3560586093078588,8.447025327380137,0.0376223561525341,64.48453883196233,-1.2277330222030547,0.7882251442163677,0.4077343720746631,False,4,-0.7526505058908802,0.3717539831377972,-2.0245929836127594,0.04290917532185623,3.892355735227741,0.2733248249456839,22.925852515264246,-1.1941132602254467,0.6837830382363277,1.8778962984617744,0.06388038405801474,False,0.44847850875756523,1.3674498321606132
s__Shewanella_xiamenensis,4,-0.278485057814094,0.3531546251054447,-0.7885640963386621,0.4303668224376973,16.672538300882582,0.0008252291430773,82.00633913168943,-2.772359380144425,3.0411764234941554,0.4867960386664163,False,4,-0.33671452130259605,0.2762473281484177,-1.2188878841271238,0.22288674884879556,5.236600502071935,0.15526959647736827,42.71092479151298,-1.067115445042777,1.5634006512885814,2.6305160963313585,0.27548160756995016,False,0.366161216402111,0.6519157505996857
s__GGB67138_SGB90854,4,-0.2170720777810935,0.3132599568338297,-0.6929455011584531,0.4883437534496373,45.14611445453753,8.614197133383071e-10,93.35490986046868,-2.842526444919248,2.141383994385683,0.5438182590050178,False,4,-2.738575552674288,0.2411224658570839,-11.357612584708194,0.0,24.21611782991241,2.2514638447379554e-05,87.61155681075222,-3.1095446992949896,2.291467353468108,5.401012052763098,0.0,True,0.31127436309971057,320.000004834948
s__Bacteroides_cellulosilyticus,4,-0.0693242273723202,0.1107497173425854,-0.6259539891905779,0.531345120782817,10.132327853069953,0.0174741513971796,70.39179896758826,-2.42718477906779,0.5803701793872885,0.588664885524799,False,4,-1.07844014350505,0.2118827859189231,-5.089795939901011,3.584490384511696e-07,6.032876026212508,0.11002164425053684,50.27247390854431,-1.2155779079460773,1.1950590670497432,2.4106369749958203,9.774848381890624e-07,True,0.2746233030909054,6.44557258028258
s__Caedimonas_varicaedens,4,0.060355818986862,0.1139483487315431,0.5296769953995344,0.5963359004939202,8.846430914318859,0.0314039102424258,66.08801867039745,-1.0455256017310348,4.00655985082933,0.6528415018943593,False,4,-2.26275618981173,0.21012296541460926,-10.768723853420388,0.0,79.75120243204216,0.0,96.23830123118663,-2.9086902787198445,3.676575110246006,6.58526538896585,0.0,True,0.22450904455819679,320.000004834948
s__Methanobrevibacter_smithii,4,0.1087445124635799,0.212319727947992,0.5121733788685761,0.6085296726089404,12.898843280308409,0.0048605485317289,76.7421005526918,-0.9996361563522388,1.392452693374852,0.6639438417841221,False,4,-0.353484151698793,0.4660652371460664,-0.7584435043114144,0.4481855222329072,1.4967787613725085,0.6830139898714236,0.0,-0.8356885197478587,0.6375232599377445,1.4732117796856032,0.5133218181307564,False,0.2157182402175852,0.3485421766182539
s__Citrobacter_freundii,4,-0.0537818080061551,0.1090416670152647,-0.4932225403214559,0.6218553529561173,4.809737480842357,0.1862711405952291,37.62653342413623,-0.7310196808717677,1.6952411837495696,0.6773407632367137,False,4,-1.4857527233397902,0.213387789878277,-6.962688559581172,3.3384406350478457e-12,8.34066230873909,0.03947170735350347,64.03163335294498,-1.650447988477213,1.613766249886208,3.264214238363421,1.3591092443156868e-11,True,0.20631062289517715,11.476456342090486
s__GGB75646_SGB103098,4,-0.1350740381982559,0.3060937421671452,-0.4412832397092835,0.6590079581890889,23.51867087210953,3.1480567923791725e-05,87.24417712075024,-3.1269654254393955,1.9468144440257291,0.7118166092626719,False,4,-0.20530612310378216,0.6720065929301428,-0.3055120667917679,0.7599761810442318,2.5225545356762256,0.47122876023734983,0.0,-0.906378639376152,1.8206659998976986,2.7270446392738505,0.7923443950835598,False,0.18110934082823807,0.1192000190391552
s__Acidovorax_sp_KKS102,4,-0.0455605710751969,0.1110506531290053,-0.4102683756598005,0.6816090878365211,9.562572554831396,0.0226749265426798,68.62768901571074,-1.832419736763693,0.5747981651549968,0.7337788349920619,False,4,-1.145209274014777,0.21235429588262061,-5.392917855769654,6.932264873249494e-08,5.74115003135881,0.12490589895368887,47.74566099799411,-1.2910782659965399,1.4415583622802375,2.7326366282767776,1.9652856521852527e-07,True,0.1664646277910302,7.159124851787174
s__Phocaeicola_paurosaccharolyticus,4,0.0318509123768674,0.1122482219206328,0.2837542709530688,0.7765987010910853,21.673841429307256,7.626031027097024e-05,86.15842969145555,-0.7502574524115657,3.77320741735248,0.8250564197141743,False,4,1.9147989659828102,0.12422398851534303,15.41408377614853,0.0,572.796054714413,0.0,99.47625337582052,-2.4503861523821544,3.9640393024947884,6.414425454876943,0.0,True,0.10980334017349669,320.000004834948
s__GGB57008_SGB103561,4,0.0395939029075672,0.1577185677951365,0.2510414814252973,0.8017820383009555,12.27489388161142,0.0064984343655893,75.55987017945472,-1.4837155229720695,1.3650674303626236,0.8435007785052329,False,4,-0.026989875880680754,0.48425877646809395,-0.05573440728845318,0.9555533890396104,0.8070600110915822,0.8477776372816195,0.0,-0.4552041507603626,0.5841549048692745,1.039359055629637,0.9634041797946307,False,0.09594367713782458,0.019745042865859395
s__GGB75744_SGB102634,4,-0.0663805956078954,0.4113686427393822,-0.1613652298966065,0.8718057502755392,12.00833729170508,0.0073546549658373,75.01735729831398,-1.5524453042523212,2.116091483828428,0.8939117597912423,False,4,-0.1963443197474674,0.6429052796489926,-0.3054016290777168,0.7600602811977337,1.5341260493451205,0.6744167466607436,0.0,-0.8857470805054908,1.125338305135092,2.011085385640583,0.7923443950835598,False,0.059580270779793706,0.11915196199113348
s__Acinetobacter_johnsonii,4,-0.0559741248951724,0.4819846053710462,-0.1161325989905464,0.9075474533417172,0.1186844602011088,0.9895046018155704,0.0,-0.1544058148750249,0.4528599454880138,0.923244028792596,False,4,0.19144182395360987,0.8571165842644507,0.22335564084073692,0.8232587257136414,1.0880612268295184,0.7799569047812527,0.0,-1.3073280341165905,1.0601997775714391,2.3675278116880296,0.8490612893581237,False,0.04213065754732379,0.08446365750739687
s__Pseudomonas_fluvialis,4,0.01239972880346,0.1088383785772629,0.1139279082025063,0.9092949420522822,16.75386736051256,0.00079407713756,82.09368657728099,-1.2538173322608368,2.6762577177033835,0.9235695879243746,False,4,-1.6291900120146334,0.21143342153332026,-7.705451674573056,1.3100631690576847e-14,13.147669697777616,0.004327903922990317,77.18226827293131,-1.8345214923593363,2.25033047743658,4.084851969795916,6.467495759888225e-14,True,0.04129522466647419,13.882707762884879
s__Blautia_massiliensis,4,0.0002501534401919,0.1115306373444215,0.0022429123167248,0.9982104163917138,17.49669253469515,0.0005585168473287,82.85390227866704,-3.753774987906239,1.541124037129644,0.9982104163917138,False,4,-0.5940097759598428,0.42098396088120366,-1.411003342541748,0.15824362843805106,8.660068543963787,0.0341691200155273,65.35824185720736,-2.2397724362135305,2.067345969319775,4.307118405533306,0.20626900884413638,False,0.0007779025546093065,0.8006737675027279
