,Bacteroides fragilis,Faecalibacterium prausnitzii,Scatocola faecipullorum,Ruminococcus_E bromii_B,Bacteroides thetaiotaomicron,Prevotella copri,Akkermansia muciniphila,Phocaeicola_A sp900765575,Bifidobacterium longum,Lactobacillus acidophilus,Escherichia coli,Streptococcus thermophilus,Enterococcus faecalis,Veillonella parvula_A,Phocaeicola dorei,Ruminococcus_D bicirculans,Brachyspira sp934725525,Bifidobacterium bifidum,Turicibacter sanguinis,Alistipes putredinis,Bacteroides uniformis,Roseburia intestinalis,Clostridium paraputrificum,Dialister invisus,Parabacteroides distasonis,Merdibacter merdipullorum,Clostridium_A leptum,Phascolarctobacterium faecium,Eubacterium_R faecale,Bacteroides ovatus
MB-2860,0.0,0.0,0.0,0.0,0.0,0.15951713014236912,0.0,0.0,0.0,0.0,0.18314129014756964,0.0,0.0,0.2809904349363787,0.0,0.0,0.0,0.0,0.0,0.0016492446775900342,0.22726847862271432,0.0,0.1474334214733781,0.0,0.0,0.0,0.0,0.0,0.0,0.0
MB-5397,0.0,0.3110826933262317,0.0,0.0,0.0,0.19909874293932428,0.0,0.0,0.0,0.0,0.0,0.0,0.0,0.2134117350554481,0.0,0.03945441767947545,0.0,0.0,0.0,0.0,0.0,0.0,0.0,0.23695241099952058,0.0,0.0,0.0,0.0,0.0,0.0
MB-9404,0.0,0.0,0.0,0.26704742161752076,0.0,0.0,0.0,0.0,0.0,0.0,0.0,0.0,0.0,0.0,0.09743810721262329,0.0,0.0,0.0,0.0,0.05938775545790209,0.2465237298445798,0.0,0.0,0.0,0.0,0.0,0.0,0.0,0.0,0.3296029858673741
MB-3546,0.0,0.0,0.0,0.0,0.0,0.0,0.0,0.0,0.0,0.0,0.0,0.0,0.057254734730416194,0.21816878457348585,0.0,0.0,0.0,0.34947871167783096,0.0839419138539732,0.0,0.0,0.0,0.0,0.0,0.0,0.0,0.29115585516429376,0.0,0.0,0.0
MB-5530,0.0,0.0,0.0,0.2933327981241475,0.0,0.0,0.0,0.0,0.0,0.0,0.2915214412347689,0.0,0.0,0.0,0.0,0.061612925428423934,0.0,0.0,0.0,0.0,0.3535328352126596,0.0,0.0,0.0,0.0,0.0,0.0,0.0,0.0,0.0
MB-9768,0.0,0.0,0.0,0.0,0.0,0.0,0.0,0.0,0.0,0.0,0.0,0.0,0.0,0.0,0.0,0.0,0.0,0.0,0.0,0.0,0.0,0.0,0.0,0.0,0.0,0.360749778204836,0.0,0.0,0.639250221795164,0.0
MB-4205,0.21142855291556809,0.0,0.0,0.0,0.0,0.0,0.0,0.06180088372583741,0.0,0.0,0.0,0.0,0.22249844557309917,0.0,0.1454711577436436,0.12114032609212375,0.0,0.0,0.0,0.0,0.0,0.08134955822409276,0.0,0.0,0.1389167868868194,0.0,0.0,0.0,0.0,0.017394288838815927
MB-9507,0.0,0.0,0.0,0.0,0.06836718525954602,0.0,0.04733151319329213,0.0,0.10936654411198941,0.0,0.0,0.18297295808200922,0.0,0.0,0.0,0.0,0.0,0.0,0.0,0.209446552070895,0.0,0.24760162373500305,0.1349136235472652,0.0,0.0,0.0,0.0,0.0,0.0,0.0
MB-1477,0.0,0.0,0.0,0.08930390500355857,0.06107383029496192,0.0,0.0,0.11436716232096684,0.0,0.0,0.0,0.0,0.0,0.0,0.26668834025958055,0.0,0.0,0.0,0.0,0.0,0.0,0.0,0.0,0.04706211348037811,0.0,0.0,0.0,0.0,0.0,0.421504648640554
MB-5498,0.0,0.19313878539340373,0.0,0.0,0.0,0.0,0.0,0.0,0.0,0.25205651899450904,0.0,0.16924273617235183,0.05786678994504608,0.0,0.0,0.0,0.0,0.0,0.0,0.0,0.0,0.0,0.0,0.0,0.0,0.0,0.0,0.0,0.0,0.32769516949468924
MB-4774,0.0,0.48899283128683546,0.0,0.0,0.0,0.0,0.0,0.0,0.0,0.0,0.0,0.0,0.0,0.0,0.0,0.0,0.0,0.0,0.0,0.5110071687131645,0.0,0.0,0.0,0.0,0.0,0.0,0.0,0.0,0.0,0.0
MB-2933,0.0,0.0,0.0,0.6067884363971484,0.0,0.0,0.0,0.0,0.0,0.0,0.0,0.0,0.0,0.0,0.0,0.0,0.0,0.0,0.0,0.0,0.09945158818746776,0.18362313412831147,0.0,0.0,0.11013684128707239,0.0,0.0,0.0,0.0,0.0
MB-7124,0.0,0.0,0.0,0.0,0.0,0.0,0.0,0.0,0.0,0.9595764379564082,0.0,0.0,0.0,0.0,0.0,0.0,0.0,0.0,0.0,0.0,0.0,0.0,0.0,0.04042356204359163,0.0,0.0,0.0,0.0,0.0,0.0
MB-6449,0.0,0.0,0.0,0.0,0.0,0.0,0.0,0.589309843083429,0.0,0.0,0.0,0.13611088932010115,0.0,0.0,0.0,0.0,0.0,0.0,0.0,0.0,0.0,0.0,0.0,0.0,0.2745792675964699,0.0,0.0,0.0,0.0,0.0
MB-7133,0.0,0.0,0.0,0.07322619476281768,0.28924375257077534,0.0,0.0,0.0,0.2563391916098015,0.0,0.0,0.0,0.0,0.0,0.0,0.0,0.0,0.0,0.0,0.0,0.0,0.0,0.3148078770592146,0.0,0.0,0.06638298399739079,0.0,0.0,0.0,0.0
MB-2552,0.0,0.0,0.0,0.0,0.0,0.0,0.0,0.035288446277826874,0.0,0.0,0.0,0.0,0.0,0.22944451204806757,0.0,0.0,0.0,0.7352670416741056,0.0,0.0,0.0,0.0,0.0,0.0,0.0,0.0,0.0,0.0,0.0,0.0
MB-8609,0.0,0.19988557539018265,0.0,0.0,0.0,0.0,0.0,0.07254337548674977,0.0,0.0,0.1325343335708046,0.17220257712700524,0.0,0.0,0.0,0.0,0.0,0.0,0.0,0.0,0.0,0.0,0.0,0.09487400488103832,0.0,0.094710632087475,0.0,0.23324950145674442,0.0,0.0
MB-9445,0.0,0.0,0.0,0.0,0.0,0.0,0.0,0.0,0.15372618973108243,0.0,0.0,0.0,0.0,0.09386881731749183,0.0,0.0,0.0,0.08002009495152773,0.0,0.0,0.0,0.0,0.0,0.0,0.0,0.5360870157181274,0.0,0.13629788228177056,0.0,0.0
MB-5262,0.0,0.0,0.0,0.0,0.0,0.0,0.0,0.13818637906643164,0.3422844454291873,0.0,0.0,0.0,0.09289181924896302,0.0,0.136751842357807,0.0,0.0,0.0,0.03374552788421339,0.0,0.0,0.0,0.0,0.0,0.0,0.0,0.0,0.017183667306749483,0.23895631870664819,0.0
MB-1589,0.0,0.0,0.0,0.22184732964717652,0.0,0.0,0.0694974587095474,0.0,0.19825293520393053,0.0,0.0,0.0,0.356274897225099,0.0,0.15412737921424652,0.0,0.0,0.0,0.0,0.0,0.0,0.0,0.0,0.0,0.0,0.0,0.0,0.0,0.0,0.0
MB-5652,0.0,0.0,0.0,0.19844839920827595,0.05567075018118895,0.0,0.0,0.0,0.0,0.0,0.2734942056866714,0.0,0.0,0.0,0.0,0.0,0.0,0.0,0.0,0.0,0.0,0.0,0.21783239390641398,0.0,0.0,0.0,0.0,0.0,0.2545542510174498,0.0
MB-3428,0.0,0.0,0.0,0.0,0.0,0.0,0.0,0.0,0.0,0.0,0.25304024910493517,0.0,0.27181220826157054,0.0,0.2791438252739005,0.0,0.0,0.0,0.0,0.0,0.0,0.0,0.0,0.0,0.13666712898542255,0.0,0.0,0.0,0.05933658837417124,0.0
MB-8546,0.0,0.20572325562379598,0.0,0.0,0.0,0.0,0.0,0.0,0.0,0.0,0.0,0.0,0.08546102856954065,0.0,0.0,0.0,0.0,0.0,0.0,0.0,0.0,0.1541364462636992,0.22813618270214833,0.0,0.0,0.0,0.32654308684081584,0.0,0.0,0.0
MB-7924,0.0,0.0,0.0,0.35362012878730675,0.0,0.0,0.2001473531532095,0.26184139843799903,0.0,0.10342314655506676,0.0,0.0,0.0,0.0,0.0,0.08096797306641793,0.0,0.0,0.0,0.0,0.0,0.0,0.0,0.0,0.0,0.0,0.0,0.0,0.0,0.0
MB-9986,0.0,0.0,0.0,0.0,0.0,0.0,0.0,0.0,0.0,0.0,0.0,0.0,0.0,0.0,0.0,1.0,0.0,0.0,0.0,0.0,0.0,0.0,0.0,0.0,0.0,0.0,0.0,0.0,0.0,0.0
MB-2694,0.0,0.0,0.0,0.0,0.0,0.0,0.0,0.0,0.0,0.05560873458726446,0.0,0.0,0.35335706970281794,0.0,0.0,0.0,0.0,0.0,0.2220842275379398,0.0,0.0,0.0,0.0,0.3689499681719777,0.0,0.0,0.0,0.0,0.0,0.0
MB-6143,0.1754539884311246,0.0922604241000677,0.0,0.0,0.0,0.0,0.0,0.0,0.0,0.0,0.0,0.34502551930586955,0.0,0.0,0.0,0.0,0.0,0.0,0.0,0.3872600681629381,0.0,0.0,0.0,0.0,0.0,0.0,0.0,0.0,0.0,0.0
MB-4822,0.0,0.0,0.0,0.0,0.0,0.0,0.0,0.0,0.24911250443990715,0.0,0.0,0.13534997289218803,0.0,0.0,0.2410590512314377,0.0,0.0,0.0,0.0,0.0,0.0,0.0,0.0,0.2585768328689055,0.0,0.0,0.0,0.1159016385675616,0.0,0.0
MB-7322,0.0,0.0,0.0,0.0,0.0,0.0,0.0,0.0,0.0,0.0,0.0,0.0,0.0,0.31426685834857687,0.0,0.0,0.37924728848719774,0.3064858531642254,0.0,0.0,0.0,0.0,0.0,0.0,0.0,0.0,0.0,0.0,0.0,0.0
MB-5955,0.0,0.0,0.0,0.0,0.0,0.0,0.0,0.0,0.0,0.0,0.0,0.0,0.0,0.0,0.7748391436946017,0.22516085630539823,0.0,0.0,0.0,0.0,0.0,0.0,0.0,0.0,0.0,0.0,0.0,0.0,0.0,0.0
MB-9521,0.0,0.2398247577634159,0.0,0.0,0.0,0.0,0.0,0.0,0.0,0.4534669851297275,0.0,0.0,0.0,0.0,0.0,0.0,0.0,0.0,0.0,0.0,0.0,0.0,0.0,0.0,0.0,0.0,0.0,0.0,0.0,0.3067082571068565
MB-2697,0.29015623595029355,0.0,0.0,0.0,0.0,0.0,0.0,0.0,0.0,0.0,0.0,0.0,0.0,0.0,0.0,0.0,0.0,0.0,0.0,0.0,0.0,0.0,0.0,0.0,0.0,0.0,0.0,0.3126115228885465,0.39723224116115996,0.0
MB-1530,0.0,0.0,0.0,0.0,0.0,0.0,0.0,0.0,0.0,0.10562865778630225,0.2674815622086903,0.0,0.0,0.0,0.0,0.0,0.06162400282570577,0.0,0.0,0.07717557725943465,0.0,0.0,0.0,0.0,0.0,0.0,0.046161107987907464,0.0,0.4419290919319596,0.0
MB-2421,0.0,0.0,0.0,0.0,0.0,0.0,0.0,0.0,0.0,0.0,0.0,0.0,0.0,0.4108288239114074,0.0,0.0,0.27753167022936537,0.0,0.0,0.0,0.05314912585895601,0.0,0.0,0.2454415401552056,0.0,0.0,0.013048839845065628,0.0,0.0,0.0
MB-7773,0.0,0.0,0.0,0.0,0.0,0.0,0.0,0.0,0.0,0.0,0.0,0.0,0.0,0.0,0.0,0.0,0.0,0.0,0.0,0.0,0.0,0.0,0.0,1.0,0.0,0.0,0.0,0.0,0.0,0.0
MB-7631,0.0,0.0,0.10276895340169502,0.0,0.0,0.39423749650687573,0.0,0.0,0.0,0.0,0.0,0.0,0.0,0.0,0.0,0.0,0.0,0.0,0.0,0.0,0.0,0.0,0.0,0.5029935500914292,0.0,0.0,0.0,0.0,0.0,0.0
MB-2845,0.0,0.0,0.5530849776335923,0.0,0.0,0.0,0.44691502236640773,0.0,0.0,0.0,0.0,0.0,0.0,0.0,0.0,0.0,0.0,0.0,0.0,0.0,0.0,0.0,0.0,0.0,0.0,0.0,0.0,0.0,0.0,0.0
MB-5486,0.0,0.0,0.0,0.0,0.0,0.0,0.09563968519160856,0.0,0.0,0.0,0.0,0.1688747480058568,0.0,0.31964425160092763,0.0,0.0,0.0,0.0,0.0,0.0,0.0,0.0,0.0,0.0,0.0,0.0,0.415841315201607,0.0,0.0,0.0
MB-5241,0.0,0.0,0.0,0.0,0.0,0.0,0.0,0.0,0.0,0.0,0.0,1.0,0.0,0.0,0.0,0.0,0.0,0.0,0.0,0.0,0.0,0.0,0.0,0.0,0.0,0.0,0.0,0.0,0.0,0.0
MB-9714,0.0,0.0,0.0,0.0,0.0,0.1859755166445974,0.0,0.0,0.0,0.0,0.0,0.0,0.0,0.0,0.0,0.0,0.07717646795211607,0.0,0.14978438834688249,0.0,0.0,0.11527161913731884,0.0,0.2628512233849974,0.0,0.0,0.0,0.0,0.20894078453408796,0.0
MB-2712,0.0,0.0,0.0,0.0,0.0,0.0,0.0,0.0,0.0,0.14439475061732046,0.2059274963822735,0.0,0.0,0.0,0.0,0.0,0.0,0.0,0.0,0.17754931472592028,0.0,0.0,0.0,0.0,0.0,0.2523305771001789,0.21979786117430677,0.0,0.0,0.0
MB-5841,0.0,0.0,0.0,0.0,0.0,0.0,0.0,0.0,1.0,0.0,0.0,0.0,0.0,0.0,0.0,0.0,0.0,0.0,0.0,0.0,0.0,0.0,0.0,0.0,0.0,0.0,0.0,0.0,0.0,0.0
MB-7505,0.0,0.0,0.0,0.0,0.0,0.0,0.0,0.0,0.30474925152334703,0.5328468412680472,0.0,0.0,0.0,0.0,0.0,0.0,0.0,0.0,0.0,0.0,0.0,0.0,0.0,0.0,0.0,0.0,0.0,0.16240390720860567,0.0,0.0
MB-6681,0.0,0.0,0.0,0.0,0.11044713022723682,0.0,0.0,0.0,0.0,0.0,0.16160830820845118,0.0,0.041914870084017154,0.0,0.0,0.0,0.09071195780903644,0.0,0.0,0.11086293250942658,0.0,0.0,0.2053751886140485,0.21267547808195011,0.0,0.0664041344658333,0.0,0.0,0.0,0.0
MB-8359,0.0,0.0,0.0,0.0,0.0,0.0,0.0,0.3224942085408283,0.0,0.0,0.0,0.0,0.0,0.0,0.503838769286553,0.0,0.0,0.0,0.0,0.0,0.0,0.0,0.0,0.0,0.0,0.0,0.0,0.0,0.0,0.17366702217261876
MB-2126,0.0,0.0,0.0,0.0,0.0,0.0,0.0,0.0,0.0,0.0,0.0,0.0,0.0,0.0,0.0,0.0,0.0,0.0,0.0,0.0,0.0,0.4873377245709021,0.0,0.5126622754290979,0.0,0.0,0.0,0.0,0.0,0.0
MB-4454,0.0,0.0,0.0,0.0,0.0,0.0,0.13008178799478887,0.0,0.0,0.3159885266398974,0.0,0.0,0.0,0.0,0.0,0.0,0.0,0.0,0.0,0.0,0.0,0.0,0.06960200513863415,0.0,0.0,0.0,0.0,0.0,0.4843276802266795,0.0
MB-5477,0.0,0.0,0.0,0.0,0.38262066841126263,0.0,0.0,0.0,0.0,0.0,0.0,0.0,0.0,0.0,0.0,0.0,0.07244379491923336,0.0,0.0,0.3016268788318771,0.0,0.0,0.0,0.0,0.0,0.0,0.0,0.0,0.24330865783762692,0.0
MB-8978,0.0,0.1424655002876119,0.40698222143404067,0.0,0.0,0.020740420935772108,0.1976774512508496,0.12514010814668122,0.0,0.10699429794504448,0.0,0.0,0.0,0.0,0.0,0.0,0.0,0.0,0.0,0.0,0.0,0.0,0.0,0.0,0.0,0.0,0.0,0.0,0.0,0.0
MB-8077,0.5237242635128364,0.0,0.0,0.0,0.0,0.0,0.0,0.0,0.0,0.0,0.23746272051079084,0.23881301597637264,0.0,0.0,0.0,0.0,0.0,0.0,0.0,0.0,0.0,0.0,0.0,0.0,0.0,0.0,0.0,0.0,0.0,0.0
MB-4799,0.17680080950185614,0.0,0.0,0.0,0.0,0.0,0.0,0.011502908396318656,0.0,0.1706238495050069,0.0,0.1529032171409668,0.0,0.0,0.0,0.15645213117989681,0.0,0.06263274242069783,0.12846227898800835,0.0,0.0,0.0,0.14062206286724843,0.0,0.0,0.0,0.0,0.0,0.0,0.0
MB-9568,0.0,0.0,0.0,0.0,0.2899887686032923,0.0,0.0,0.0,0.0,0.0,0.0,0.0,0.3039030585617637,0.0,0.0,0.10684600656042414,0.06550622844835544,0.10816209420176523,0.0,0.0,0.0,0.0,0.0,0.0,0.12559384362439935,0.0,0.0,0.0,0.0,0.0
MB-6828,0.0,0.0,0.0,0.0,0.0,0.25213589802037073,0.0,0.0,0.0,0.22076331338672642,0.0,0.0,0.0,0.0,0.0,0.0,0.0,0.0,0.3051489299206151,0.0,0.0,0.0,0.0,0.0,0.0,0.0,0.0,0.0,0.19289691538441348,0.02905494328787433
MB-8434,0.0,0.0,0.0,0.31120807674683526,0.0,0.0,0.0,0.0,0.13540933836772734,0.0,0.03357588350876061,0.0,0.0,0.0,0.0,0.0,0.0,0.0,0.0,0.0,0.0,0.0,0.0,0.519806701376677,0.0,0.0,0.0,0.0,0.0,0.0
MB-9008,0.0,0.0,0.0,0.2892837519024822,0.0,0.0,0.0,0.13748997515740558,0.0,0.0,0.0,0.0,0.0,0.03677053623104054,0.0,0.06883580916348288,0.0,0.035052625542121255,0.0,0.0,0.0,0.0,0.12259306101044024,0.0,0.0,0.0,0.0,0.0,0.30997424099302734,0.0
MB-2919,0.0,0.0,0.0,0.0,0.0,0.0,0.10198184791394414,0.0,0.008755215856836389,0.0,0.0,0.0,0.21129402114410836,0.14575394551117615,0.0,0.0,0.0,0.21580471517493952,0.0,0.0,0.0,0.0,0.0,0.0,0.0,0.2990356199867442,0.0,0.0,0.0,0.01737463441225124
MB-8355,0.09963608123060197,0.0,0.0,0.09887553864012995,0.0,0.0,0.0,0.0,0.17308809344548734,0.0,0.0,0.0,0.05481838679025112,0.0,0.0,0.0,0.11922422295421904,0.22090040589343715,0.0,0.0,0.0,0.0,0.0,0.0,0.14467683115376173,0.0,0.08878043989211161,0.0,0.0,0.0
MB-2168,0.0,0.0,0.0,0.0,0.0,0.1987458324318352,0.0,0.0,0.0,0.0,0.0,0.0,0.0,0.0,0.37265318366045486,0.0,0.0,0.0,0.05227022232012158,0.0,0.0,0.0,0.0,0.0,0.0,0.0,0.0,0.37633076158758844,0.0,0.0
MB-2386,0.0,0.0,0.0,0.0,0.18845799669093902,0.0,0.1065111016194391,0.0,0.0,0.16810086089153856,0.0,0.0,0.0,0.0,0.20565718119968301,0.0,0.24690450509229778,0.0,0.0,0.0,0.0,0.0,0.0,0.0,0.0,0.0,0.0,0.0,0.08436835450610265,0.0
MB-7258,0.0,0.0,0.03096064209964906,0.0,0.013744090341575818,0.4527142990350648,0.0,0.0,0.0,0.0,0.0,0.0,0.0,0.0,0.15413225337673464,0.0,0.0,0.0,0.0,0.0,0.21681559726154076,0.0,0.0,0.0,0.0,0.0,0.0,0.0,0.13163311788543486,0.0
MB-8898,0.1834802994446297,0.14790070346050596,0.0,0.0,0.0,0.0,0.0,0.0,0.0,0.0,0.0,0.0,0.0,0.0,0.0,0.0,0.0,0.0,0.0,0.23914340076989934,0.0,0.0,0.0,0.0,0.0,0.0,0.0,0.0,0.429475596324965,0.0
MB-9833,0.0,0.0,0.0,0.0,0.0,0.0,0.0,0.0,0.0,0.3062360320509661,0.07764642203554543,0.0,0.0,0.0,0.0,0.0,0.0,0.08692970198163984,0.0,0.0,0.0,0.0,0.0,0.0,0.0,0.0,0.3122296783271555,0.21695816560469305,0.0,0.0
MB-2766,0.0,0.0,0.0,0.0,0.0,0.0,0.0,0.0,0.0,0.0,0.0,0.0,0.0,0.0,0.0,0.0,0.0,0.0,0.0,0.0,0.0,0.0,0.0,0.0,0.0,0.44939835917376,0.0,0.55060164082624,0.0,0.0
MB-6938,0.0,0.0,0.0,0.0,0.05558621547494549,0.0,0.384001294847844,0.0,0.0,0.0,0.0,0.0,0.0,0.0,0.0,0.0,0.0,0.006054011755289226,0.0,0.0,0.1896860157683223,0.0,0.0,0.0,0.0,0.0,0.0,0.0,0.0,0.364672462153599
MB-7677,0.0,0.0,0.0,0.0,0.1560133453745917,0.0,0.0,0.05797996802630881,0.0,0.0,0.0,0.0,0.0,0.0,0.0,0.0,0.17301155270178306,0.0,0.0,0.0,0.0,0.0,0.0,0.08040633197857237,0.0,0.0,0.29027762590103784,0.24231117601770616,0.0,0.0
MB-8629,0.0,0.0,0.0,0.0,0.0,0.0,0.0,0.09149693565163507,0.14493792667452204,0.0,0.0,0.0,0.0,0.0,0.0,0.18969474268538894,0.0,0.0,0.0,0.0,0.0,0.0,0.09729355793548203,0.0,0.0,0.0,0.0,0.21165594019305958,0.0,0.2649208968599122
MB-2501,0.028732172719768998,0.0,0.0,0.0,0.08720477055427639,0.21820765514809792,0.0,0.20856018158081874,0.0,0.0,0.0,0.0,0.0,0.0,0.0,0.1704773818731149,0.0,0.0,0.0,0.0,0.0,0.15135007566596284,0.1354677624579603,0.0,0.0,0.0,0.0,0.0,0.0,0.0
MB-7497,0.11962943838301203,0.0,0.0,0.0,0.0,0.0,0.0,0.0,0.28515042837670895,0.0,0.0,0.0,0.0,0.0,0.0,0.0,0.0,0.3396047212371605,0.0,0.12340233357482629,0.0,0.0,0.0,0.0,0.0,0.0,0.0,0.13221307842829222,0.0,0.0
MB-6365,0.0,0.0,0.0,0.0,0.0,0.0,0.0,0.0,0.0,0.0,0.0,0.48593139000325875,0.0,0.11900757610214341,0.0,0.0,0.0,0.024972333879259973,0.0,0.0,0.0,0.0,0.370088700015338,0.0,0.0,0.0,0.0,0.0,0.0,0.0
MB-4427,0.0,0.0,0.3941499701090264,0.0,0.0,0.0,0.0,0.0,0.0,0.0,0.3104562956392978,0.0,0.0,0.0,0.0,0.0,0.0,0.0,0.0,0.0,0.0,0.020136077995291046,0.0,0.0,0.0,0.0,0.2752576562563847,0.0,0.0,0.0
MB-2369,0.0,0.0,0.0,0.05618543284323309,0.0,0.14889892176647343,0.0,0.0,0.0,0.149794654728746,0.12584150034807445,0.0,0.07418512017812641,0.0,0.0,0.0,0.0,0.0,0.0,0.13918006593239793,0.0,0.03879982444287826,0.1214389588760039,0.0,0.14567552088406652,0.0,0.0,0.0,0.0,0.0
MB-5299,0.0,0.0,0.0,0.0,0.0,0.0,0.2053061560750078,0.3635561516268518,0.0,0.0,0.0,0.3627449543022307,0.0,0.0,0.0,0.0,0.0,0.0,0.0,0.0,0.0,0.0,0.0,0.0,0.06839273799590977,0.0,0.0,0.0,0.0,0.0
MB-4444,0.0,0.06724852686461552,0.0,0.0,0.0,0.0,0.0,0.0,0.0,0.0,0.14990923522394273,0.0,0.0,0.0,0.0,0.0,0.0,0.0,0.0,0.06816130581266418,0.0,0.0,0.0,0.0,0.18486754395690663,0.0,0.10565477425295274,0.0,0.42415861388891823,0.0
MB-7799,0.0,0.0,0.0,0.0,0.0,0.0,0.0,0.056893002761436995,0.0,0.0,0.0,0.0,0.0,0.1727567138541392,0.0,0.0,0.0,0.08782638449648328,0.0,0.0,0.3158968696582809,0.0,0.0,0.0,0.0,0.0,0.0,0.0,0.17560492455956145,0.19102210467009811
MB-8134,0.0,0.0,0.0,0.0,0.0,0.0,0.0,0.0,0.0,0.3616510380826306,0.0,0.41394152895843045,0.0,0.0,0.0,0.0,0.0,0.0,0.0,0.0,0.0,0.0,0.0,0.0,0.0,0.22440743295893908,0.0,0.0,0.0,0.0
MB-4569,0.0,0.0,0.0,0.0,0.0,0.0,0.0,0.0,0.0,0.0,0.0,0.0,0.0,0.0,0.23347813088326178,0.0,0.0,0.0,0.7665218691167381,0.0,0.0,0.0,0.0,0.0,0.0,0.0,0.0,0.0,0.0,0.0
MB-9888,0.0,0.0,0.0,0.0,0.0,0.0,0.0,0.0,0.2789768494285536,0.0,0.0,0.020934646177984566,0.0,0.0,0.0,0.25906589976068517,0.0,0.0,0.24145579392645983,0.0,0.1928446263675432,0.006722184338773675,0.0,0.0,0.0,0.0,0.0,0.0,0.0,0.0
MB-7310,0.0,0.0,0.0,0.0,0.3663682753225606,0.0,0.0,0.0,0.0,0.0,0.14724811524763945,0.28999787108642655,0.0,0.0,0.0,0.06388811074292286,0.0,0.0,0.0,0.13249762760045047,0.0,0.0,0.0,0.0,0.0,0.0,0.0,0.0,0.0,0.0
MB-8398,0.0,0.0,0.0,0.0,0.0,0.0,0.0,0.0,0.0,0.0,0.17761016727180948,0.0,0.0,0.38646008498324347,0.0,0.0,0.09078661489559392,0.0,0.0,0.0,0.0,0.3451431328493532,0.0,0.0,0.0,0.0,0.0,0.0,0.0,0.0
MB-9864,0.0,0.0,0.0,0.0,0.0,0.0,0.0,0.0,0.0,0.0,0.0,0.0,0.0,0.24477996280949263,0.0,0.4090597933125176,0.0,0.0,0.0,0.0,0.0,0.0,0.0,0.3038898340873957,0.0,0.0,0.04227040979059405,0.0,0.0,0.0
MB-6341,0.0,0.0,0.0,0.24124991701886864,0.0,0.0,0.0,0.0,0.0,0.0,0.08067697776124261,0.0,0.0,0.0,0.0,0.0,0.0,0.0,0.05979751435194933,0.21350895210520324,0.0,0.0,0.0,0.19758249280117807,0.0,0.0,0.0,0.20718414596155812,0.0,0.0
MB-4580,0.0,0.0,0.0,0.0,0.0,0.0,0.0,0.0,0.0,0.0,0.43836200603835795,0.0,0.0,0.0,0.0,0.0,0.0,0.18975896649239404,0.0,0.0,0.0,0.37187902746924795,0.0,0.0,0.0,0.0,0.0,0.0,0.0,0.0
MB-2142,0.2759235106413754,0.0,0.0,0.0,0.0,0.0,0.0,0.0,0.0,0.299699323687525,0.0,0.0,0.12162062398970865,0.0,0.0,0.0,0.3027565416813908,0.0,0.0,0.0,0.0,0.0,0.0,0.0,0.0,0.0,0.0,0.0,0.0,0.0
MB-7565,0.0,0.0,0.0,0.22470743122240658,0.0,0.0,0.0,0.0,0.0,0.0,0.0,0.0,0.0,0.0,0.0,0.0,0.07252348545972304,0.0,0.30141857732109095,0.0,0.0,0.0,0.0,0.0,0.0,0.0,0.0,0.0,0.0,0.4013505059967794
MB-6987,0.0,0.0,0.0,0.13458885940845292,0.0,0.1660467401827854,0.0,0.0,0.17074845251129858,0.0,0.0,0.0,0.19426250380048177,0.0,0.0,0.12325947287244703,0.0,0.0,0.0,0.0,0.0,0.0,0.0,0.0,0.2110939712245343,0.0,0.0,0.0,0.0,0.0
MB-5775,0.0,0.5932471046609745,0.0,0.0,0.0,0.0,0.0,0.0,0.0,0.0,0.0,0.0,0.0,0.0,0.0,0.0,0.0,0.0,0.10545185344031288,0.05808164564581641,0.21672218509629762,0.0,0.0,0.02649721115659853,0.0,0.0,0.0,0.0,0.0,0.0
MB-2596,0.0,0.0,0.0,0.19265867398318495,0.0,0.0,0.0,0.0,0.0,0.0,0.0,0.0,0.13843416763801503,0.05212648696444713,0.0,0.0,0.0,0.0,0.16944280061825856,0.0,0.0,0.0,0.0,0.0,0.0,0.0,0.0,0.23729119986517164,0.21004667093092258,0.0
MB-9953,0.0,0.0,0.0,0.0,0.0,0.0,0.0,0.0,0.0,0.0,0.4184154822875764,0.0,0.0,0.0,0.0,0.2818841426869733,0.2543823326524479,0.04531804237300236,0.0,0.0,0.0,0.0,0.0,0.0,0.0,0.0,0.0,0.0,0.0,0.0
MB-8658,0.0,0.0,0.006960217086902414,0.0,0.0,0.0,0.0,0.0,0.0,0.0,0.09552096929510495,0.28688290180558557,0.0,0.0,0.0,0.165987279629401,0.0,0.0,0.0,0.0,0.0,0.0,0.0,0.0,0.0,0.0,0.0,0.21905000006786896,0.0,0.22559863211513706
MB-7225,0.0,0.0,0.0,0.0,0.0,0.04906070933573878,0.23410418355109927,0.2522229996549417,0.0,0.0,0.0,0.0,0.0,0.0,0.0,0.1240978939705931,0.0,0.0,0.0,0.0,0.0,0.0,0.3373498528932827,0.0,0.0,0.0031643605943443708,0.0,0.0,0.0,0.0
MB-1486,0.0,0.0,0.0,0.0,0.0,0.0,0.14652714143258438,0.0,0.0,0.0,0.0,0.09174707021611003,0.0,0.0,0.0,0.0,0.0,0.0,0.0,0.0,0.0,0.0,0.0,0.0,0.0,0.0,0.0,0.7617257883513057,0.0,0.0
MB-1505,0.0,0.0,0.06442611954577102,0.0,0.1425188248074588,0.0,0.0,0.18748462799064652,0.09490266546490607,0.0,0.09747777140572615,0.0,0.0,0.0,0.0,0.0,0.0,0.0,0.0,0.07672702682189918,0.0,0.0,0.06748810705531347,0.0,0.08208111734428807,0.0,0.18689373956399075,0.0,0.0,0.0
MB-8183,0.0,0.0,0.2136307418021619,0.0,0.0,0.0,0.0,0.786369258197838,0.0,0.0,0.0,0.0,0.0,0.0,0.0,0.0,0.0,0.0,0.0,0.0,0.0,0.0,0.0,0.0,0.0,0.0,0.0,0.0,0.0,0.0
MB-5883,0.0,0.0,0.0,0.0,0.0,0.0,0.0,0.0,0.0,0.0,0.0,0.0,0.0,0.0,0.0,0.0,0.0,0.5059909978625059,0.0,0.0,0.0,0.0,0.1497879005983901,0.0,0.08003706440145474,0.0,0.0,0.0,0.1763330972730092,0.08785093986463995
MB-1098,0.0,0.103848599477956,0.19152677533515358,0.0,0.0,0.0,0.0,0.0,0.0,0.0,0.0,0.0,0.0,0.0,0.2815138417928147,0.0,0.0,0.0,0.0,0.0,0.0,0.1982163363612345,0.22489444703284134,0.0,0.0,0.0,0.0,0.0,0.0,0.0
MB-9403,0.0,0.0,0.0,0.0,0.10958408735817597,0.0,0.2593484390568732,0.0,0.0,0.0,0.0,0.1944218406291136,0.0,0.0,0.20905133887081503,0.0,0.0,0.0,0.0,0.0,0.0,0.0,0.0,0.0,0.0,0.0,0.22759429408502202,0.0,0.0,0.0
MB-2211,0.0,0.0,0.06763996037514007,0.0,0.0,0.0,0.0,0.0,0.27119535991838223,0.0,0.2177063121455163,0.0,0.0,0.0,0.0,0.13043044813613744,0.0,0.0,0.0,0.0,0.0,0.0,0.0,0.31302791942482394,0.0,0.0,0.0,0.0,0.0,0.0
MB-6671,0.0,0.0,0.0,0.0,0.0,0.0,0.0,0.0,0.0,0.0,0.0,0.0,0.0,0.0,0.0,0.0,0.0,0.0,0.034848906793286505,0.0,0.0,0.0,0.0,0.5164571129226446,0.0,0.0,0.0,0.4486939802840689,0.0,0.0
MB-6868,0.0,0.0,0.0,0.0,0.0,0.0,0.0,0.0,0.0,0.0,0.0,0.0,0.0,0.0,0.0,0.0,0.3243560620133704,0.0,0.0,0.0,0.19570203226323957,0.47994190572338996,0.0,0.0,0.0,0.0,0.0,0.0,0.0,0.0
MB-8396,0.0,0.0,0.0,0.0,0.06124079707970904,0.13750262147236228,0.0,0.2771703635791696,0.0,0.0,0.0,0.0,0.06912303204619899,0.0,0.0,0.0,0.0,0.0,0.0,0.0,0.0,0.1375115633794328,0.0,0.0,0.0,0.0,0.31745162244312725,0.0,0.0,0.0
MB-3073,0.0,0.0,0.0,0.0,0.0,0.0,0.0,0.0,0.0,0.0,0.0,0.0,0.0,0.0,0.0,0.0,0.0,0.0,0.5859773004540716,0.0,0.0,0.0,0.0,0.0,0.0,0.0,0.0,0.0,0.0,0.4140226995459285
MB-2966,0.0,0.0,0.0,0.0,0.0,0.0,0.0,0.0,0.48109148325835827,0.0,0.0,0.0,0.0,0.0,0.0,0.5189085167416416,0.0,0.0,0.0,0.0,0.0,0.0,0.0,0.0,0.0,0.0,0.0,0.0,0.0,0.0
MB-5143,0.0,0.0,0.0,0.0,0.0,0.0,0.0,0.0,0.0,0.0,0.0,0.0,0.0,0.0,0.0,0.0,0.4685669903504023,0.0,0.0,0.0,0.0009928516831368332,0.0,0.059352113350649084,0.0,0.0,0.0,0.03978169039413507,0.0,0.0,0.43130635422167685
MB-3109,0.0,0.0,0.0,0.0,0.0,0.0,0.0,0.0,0.0,0.0,0.0,0.0,0.0,0.0,0.0,0.0,0.0,0.0,0.0,0.0,0.0,0.0,0.0,0.0,0.0,0.0,0.0,0.0,0.0,1.0
MB-7031,0.0,0.0,0.0,1.0,0.0,0.0,0.0,0.0,0.0,0.0,0.0,0.0,0.0,0.0,0.0,0.0,0.0,0.0,0.0,0.0,0.0,0.0,0.0,0.0,0.0,0.0,0.0,0.0,0.0,0.0
MB-7558,0.0,0.0,0.0,0.0,0.0,0.0,0.25540103549936666,0.0,0.30936558303511447,0.3546915771456626,0.0,0.0,0.0,0.0,0.0,0.0,0.0,0.0,0.0,0.08054180431985629,0.0,0.0,0.0,0.0,0.0,0.0,0.0,0.0,0.0,0.0
MB-6338,0.0,0.0,0.0,0.0,0.0,0.0,0.0,0.0,0.0,0.0,0.2983200503473093,0.0,0.0,0.0,0.0,0.0,0.0,0.0,0.0,0.0,0.0,0.0,0.34896322789309303,0.3527167217595978,0.0,0.0,0.0,0.0,0.0,0.0
MB-9155,0.0,0.0,0.0,0.0,0.261385711538098,0.0,0.0,0.0,0.0,0.0,0.0,0.0,0.0,0.0,0.0,0.3694005502562449,0.0,0.0,0.0,0.0,0.1360949001790935,0.0,0.1458651389099409,0.0,0.0,0.08725369911662285,0.0,0.0,0.0,0.0
MB-4261,0.0,0.06048891313917856,0.0,0.20990149427692328,0.0,0.0,0.0,0.0,0.0,0.0,0.0,0.0,0.0,0.0,0.08605955541538735,0.0,0.0,0.0,0.0,0.0,0.0,0.0,0.0,0.0,0.0,0.0,0.0,0.0,0.42240175061544694,0.2211482865530639
MB-7907,0.0,0.0,0.0,0.0,0.0,0.0,0.0,0.0,0.0,0.0,0.4149701768930669,0.0,0.0,0.0,0.0,0.0,0.0,0.0,0.0,0.0,0.0,0.0,0.0,0.0,0.1181907576482323,0.26801819492559825,0.0,0.0,0.19882087053310266,0.0
MB-5723,0.0,0.0,0.0,0.0,0.1224390236824751,0.1845599815943598,0.0,0.12411886993977726,0.0,0.15256611940912623,0.0,0.0,0.0,0.03202795090452955,0.0,0.0,0.0,0.12967923841617787,0.010903314050045448,0.16741572757891632,0.0,0.0,0.0,0.0,0.0,0.0,0.0,0.0,0.0,0.07628977442459244
MB-2553,0.0,0.0,0.0,0.39123281530297915,0.0,0.3690680010128053,0.0,0.0,0.0,0.0,0.0,0.0,0.0,0.0,0.0,0.0,0.0,0.0,0.0,0.0,0.0,0.0,0.0,0.0,0.23969918368421567,0.0,0.0,0.0,0.0,0.0
MB-6356,0.0,0.0,0.0,0.0,0.0,0.16707695178851195,0.0,0.0,0.12425414540452942,0.0,0.0,0.0,0.0,0.0,0.0,0.0,0.21845508452799248,0.0,0.0,0.018198858994127896,0.0,0.07207522437169597,0.0,0.0,0.0,0.2057152548159169,0.1942244800972254,0.0,0.0,0.0
MB-8934,1.0,0.0,0.0,0.0,0.0,0.0,0.0,0.0,0.0,0.0,0.0,0.0,0.0,0.0,0.0,0.0,0.0,0.0,0.0,0.0,0.0,0.0,0.0,0.0,0.0,0.0,0.0,0.0,0.0,0.0
MB-9669,0.0,0.0,0.0,0.0,0.0,0.0,0.0,0.0,0.0,0.0,0.0,0.3970740391199696,0.0,0.0,0.0,0.0,0.0,0.0,0.0,0.0,0.0,0.0,0.0,0.0,0.2044828311196252,0.3984431297604053,0.0,0.0,0.0,0.0
MB-7022,0.0,0.0,0.0,0.0,0.30545435868130827,0.0,0.21425421483819382,0.0,0.0,0.0,0.0,0.0,0.0,0.0,0.0,0.3065464216143951,0.0,0.1737450048661027,0.0,0.0,0.0,0.0,0.0,0.0,0.0,0.0,0.0,0.0,0.0,0.0
MB-2994,0.0,0.0,0.0,0.0,0.0,0.0,0.0,0.0,0.0,0.0,0.0,0.0,0.30083766795674294,0.0,0.0,0.0,0.0,0.0,0.0,0.0,0.0,0.0,0.0,0.0,0.4435915109714643,0.0,0.25557082107179274,0.0,0.0,0.0
MB-7364,0.26087159401827936,0.23611949095007737,0.16647970437513335,0.0,0.0,0.0,0.0,0.0,0.0,0.0,0.0,0.0,0.0,0.0,0.0,0.0,0.0,0.0,0.0,0.0,0.0,0.0,0.29218603012349886,0.044343180533011,0.0,0.0,0.0,0.0,0.0,0.0
MB-8906,0.0,0.33130633914738905,0.0,0.0,0.034600062932886325,0.0,0.0,0.0,0.0,0.3457386708891064,0.0,0.0,0.2883549270306182,0.0,0.0,0.0,0.0,0.0,0.0,0.0,0.0,0.0,0.0,0.0,0.0,0.0,0.0,0.0,0.0,0.0
MB-5070,0.16051543380704025,0.0,0.0,0.0,0.0,0.0,0.0,0.0,0.0,0.0,0.0,0.0,0.0,0.0,0.30183562832556915,0.0,0.0,0.0,0.0,0.0,0.0,0.3312748764733264,0.0,0.0,0.0,0.20637406139406433,0.0,0.0,0.0,0.0
MB-9204,0.0,0.0,0.0,0.0,0.0,0.0,0.0,0.0,0.0,0.0,0.0,0.0,0.0,0.17078337251739192,0.0,0.0,0.2640760635544792,0.0,0.0,0.398553784034975,0.16658677989315396,0.0,0.0,0.0,0.0,0.0,0.0,0.0,0.0,0.0
MB-6021,0.0,0.0,0.0,0.0,0.0,0.0,0.0,0.0,0.0,0.0,0.0,0.0,0.0,0.0,0.0,0.0,0.0,0.3166247596670815,0.0039604955209823255,0.0,0.0,0.29422669073625124,0.0,0.0,0.0,0.0,0.0,0.38518805407568496,0.0,0.0
MB-7403,0.0,0.0,0.0,0.0,0.29616396177399323,0.5524872563025778,0.0,0.0,0.0,0.0,0.0,0.0,0.0,0.0,0.0,0.0,0.0,0.0,0.0,0.0,0.15134878192342904,0.0,0.0,0.0,0.0,0.0,0.0,0.0,0.0,0.0
MB-7303,0.0,0.0,0.07219156657768844,0.0,0.0,0.0,0.0,0.04699303985081315,0.0,0.0,0.0,0.0,0.0,0.0,0.0,0.16408580091890018,0.0,0.0,0.0,0.0,0.0,0.15768963279594017,0.1322409103959163,0.0,0.0,0.1407073385170935,0.0,0.15025375291145604,0.13583795803219226,0.0
MB-1073,0.047363621322214645,0.0,0.0,0.0,0.0,0.0,0.0,0.0,0.28448998949512966,0.1842025494073212,0.0,0.0,0.19491573032039075,0.0,0.0,0.0,0.0,0.0,0.0,0.0,0.0,0.0,0.0,0.0,0.0,0.0,0.2890281094549436,0.0,0.0,0.0
MB-2770,0.0,0.0,0.0,1.0,0.0,0.0,0.0,0.0,0.0,0.0,0.0,0.0,0.0,0.0,0.0,0.0,0.0,0.0,0.0,0.0,0.0,0.0,0.0,0.0,0.0,0.0,0.0,0.0,0.0,0.0
MB-9157,0.0,0.0,0.0,0.0,0.0,0.2174824927871975,0.0,0.2688144277909843,0.0,0.0,0.2872130268163254,0.0,0.0,0.0,0.0,0.0,0.0,0.0,0.1360065747149745,0.0,0.0904834778905183,0.0,0.0,0.0,0.0,0.0,0.0,0.0,0.0,0.0
MB-1300,0.24593494271402974,0.29726392685850817,0.0,0.0,0.0,0.0,0.0,0.011259958353618956,0.0,0.0,0.0,0.0,0.4455411720738432,0.0,0.0,0.0,0.0,0.0,0.0,0.0,0.0,0.0,0.0,0.0,0.0,0.0,0.0,0.0,0.0,0.0
MB-7430,0.0,0.0,0.0,0.0,0.0,0.0,0.0,0.0,0.0,0.0,0.0,0.0,0.0,0.0,0.0,0.0,0.467465578959499,0.06919448402062253,0.0,0.0,0.0,0.0,0.0,0.46333993701987847,0.0,0.0,0.0,0.0,0.0,0.0
MB-4304,0.0,0.0,0.0,0.0,0.0,0.0,0.0,0.0,0.33659209903177295,0.0,0.0,0.6634079009682272,0.0,0.0,0.0,0.0,0.0,0.0,0.0,0.0,0.0,0.0,0.0,0.0,0.0,0.0,0.0,0.0,0.0,0.0
MB-1086,0.04465744126697079,0.1083964586025962,0.0,0.0,0.0,0.180495770710475,0.0,0.1333192447345887,0.0,0.0,0.2730232491245347,0.0,0.0,0.0,0.0,0.0,0.0,0.0,0.0,0.0,0.0,0.0,0.0,0.0,0.0,0.0,0.0,0.0,0.26010783556083467,0.0
MB-2021,0.0,0.0,0.0,0.12340409985252554,0.0,0.0,0.0,0.0,0.10938848145968023,0.0,0.0,0.0,0.0,0.0,0.0,0.0,0.0,0.0,0.0,0.0,0.0,0.1849532375855667,0.10176876740570089,0.0,0.1780379426264481,0.3024474710700784,0.0,0.0,0.0,0.0
MB-6194,0.011185330461670216,0.0,0.0,0.0,0.0,0.0,0.0,0.0,0.0,0.0,0.0,0.0,0.0,0.0,0.0,0.0,0.0,0.37821826970308287,0.0,0.2870526402529527,0.0,0.23913668521504125,0.0,0.0,0.08440707436725305,0.0,0.0,0.0,0.0,0.0
MB-4084,0.0,0.0,0.0,0.0,0.0,0.0,0.0,0.0,0.5354533616066594,0.0,0.0,0.0,0.0,0.4309680491009154,0.0,0.0,0.0,0.03357858929242517,0.0,0.0,0.0,0.0,0.0,0.0,0.0,0.0,0.0,0.0,0.0,0.0
MB-9244,0.0,0.5086429721716259,0.0,0.3576461041283106,0.0,0.0,0.0,0.0,0.0,0.0,0.0,0.12005961098395039,0.0,0.0,0.0,0.0,0.0,0.0,0.0,0.0,0.0,0.0,0.0,0.013651312716113,0.0,0.0,0.0,0.0,0.0,0.0
MB-8279,0.0,0.0,0.0,0.0,0.0,0.0,0.0,0.3852019517388448,0.0,0.0,0.0,0.0,0.0,0.0,0.2781457993744946,0.0,0.0,0.2597746362705543,0.0,0.0,0.0,0.0,0.0,0.0,0.0,0.0,0.07687761261610639,0.0,0.0,0.0
MB-7442,0.0,0.3483898811609898,0.0,0.0,0.0,0.0,0.0,0.12196542783843084,0.0,0.3495023613060144,0.0,0.0,0.0,0.0,0.0,0.0,0.0,0.0,0.0,0.0,0.0,0.18014232969456498,0.0,0.0,0.0,0.0,0.0,0.0,0.0,0.0
MB-8019,0.0,0.0,0.0,0.0,0.0,0.0,0.0,0.0,0.0,0.11430240077563435,0.0,0.0,0.0,0.0,0.0,0.0,0.0,0.25046820556297444,0.0,0.0,0.0,0.3140216053568131,0.0,0.0,0.0,0.0,0.2992620728602542,0.0,0.0,0.021945715444323898
MB-1146,0.0,0.0,0.3456694860753208,0.0,0.0,0.0,0.3058234915164201,0.0,0.270376979399952,0.0,0.0,0.0,0.0,0.0,0.0,0.0,0.0,0.0,0.004494044566974159,0.0,0.0,0.07363599844133291,0.0,0.0,0.0,0.0,0.0,0.0,0.0,0.0
MB-2428,0.0,0.0,0.19730999179011813,0.0,0.0,0.0,0.0,0.21041611618788833,0.0,0.0,0.0,0.0,0.0,0.03484030810860966,0.0,0.0,0.0,0.15744730851290975,0.0,0.0,0.0,0.0,0.0,0.0,0.0917105732157972,0.20895377882882596,0.0,0.09932192335585087,0.0,0.0
MB-1137,0.0,0.0,0.0,0.1878479584671618,0.0,0.0,0.0,0.07442493118650699,0.0,0.0,0.0,0.11906067326853713,0.0,0.0,0.0,0.0,0.0,0.0,0.0,0.08835828159499198,0.14594558616490705,0.0,0.1418315163262549,0.039717038306453276,0.20281401468518676,0.0,0.0,0.0,0.0,0.0
MB-9250,0.0,0.0,0.0,0.0,0.0,0.0,0.0,0.0,0.0,0.0,0.0,0.0,0.0,0.0,0.0,0.2728098487974317,0.0,0.7271901512025682,0.0,0.0,0.0,0.0,0.0,0.0,0.0,0.0,0.0,0.0,0.0,0.0
MB-3908,0.0,0.0,0.0,0.0,0.0,0.0,0.0,0.0,0.0,0.597322093533418,0.0,0.0,0.0,0.0,0.0,0.0,0.0,0.40267790646658197,0.0,0.0,0.0,0.0,0.0,0.0,0.0,0.0,0.0,0.0,0.0,0.0
MB-2826,0.0,0.0,0.0,0.0,0.21243640301663175,0.0,0.0,0.2772457753230149,0.0,0.192020829495604,0.0,0.0,0.0,0.0,0.0,0.09382725102967225,0.10859413821541532,0.0,0.0,0.0,0.0,0.009504061924665554,0.0,0.0,0.10637154099499618,0.0,0.0,0.0,0.0,0.0
MB-6409,0.0,0.11357275572429999,0.03523371451339098,0.0,0.0,0.00849008917662588,0.0,0.0,0.0,0.0,0.0,0.0,0.0,0.0,0.0,0.28773255153624255,0.0,0.0,0.0,0.0631667739802588,0.2483339130322961,0.0,0.0,0.0,0.0,0.0,0.24347020203688566,0.0,0.0,0.0
MB-6025,0.0,0.0,0.0,0.0,0.0,0.22481063704341,0.0,0.0,0.0,0.0,0.0,0.0,0.0,0.0,0.2148965304369084,0.0,0.0,0.25421274281907624,0.0,0.03568615830306067,0.0,0.0,0.0,0.0,0.2498005447961717,0.0,0.0,0.0,0.020593386601373005,0.0
MB-5139,0.0,0.0,0.0,0.0,0.7414229062383128,0.0,0.0,0.0,0.0,0.0,0.2585770937616873,0.0,0.0,0.0,0.0,0.0,0.0,0.0,0.0,0.0,0.0,0.0,0.0,0.0,0.0,0.0,0.0,0.0,0.0,0.0
MB-1248,0.18151565059813518,0.0,0.0,0.0,0.0,0.0,0.0,0.0,0.0,0.0,0.0,0.0,0.21291839047250186,0.0,0.0,0.0,0.0,0.0,0.0,0.0,0.0,0.0,0.0,0.017007859057761587,0.0,0.31716608702580434,0.0,0.0,0.271392012845797,0.0
MB-3181,0.0,0.0,0.0,0.0,0.0,0.0,0.0,0.0,0.0,0.0,0.0,0.0,0.0,0.0,0.3836283224313901,0.22558862470557486,0.10771383859267161,0.0,0.24781872691752305,0.0,0.0,0.0,0.0,0.0,0.0,0.0,0.0,0.035250487352840316,0.0,0.0
MB-8956,0.0,0.0,0.0,0.11091579205109574,0.0,0.27152821371590447,0.0,0.0,0.0,0.0,0.0,0.0,0.0,0.0,0.0,0.0,0.0,0.0,0.0,0.319078964416073,0.11321919288580788,0.0,0.18525783693111894,0.0,0.0,0.0,0.0,0.0,0.0,0.0
MB-5689,0.0,0.34512879439487615,0.0,0.0,0.0,0.0,0.0,0.18181908319069798,0.0,0.0,0.2156092817239046,0.0,0.0,0.0,0.02225459147194267,0.0,0.0,0.024819862739892284,0.0,0.21036838647868636,0.0,0.0,0.0,0.0,0.0,0.0,0.0,0.0,0.0,0.0
MB-7455,0.0,0.02525878553300176,0.0,0.15818166334853945,0.2601236357071744,0.0,0.0,0.0,0.0,0.0,0.0,0.0,0.0,0.15739831630030504,0.11217062010982694,0.0,0.0,0.0,0.0,0.0,0.0,0.0,0.0,0.0,0.0,0.0,0.20100767370729813,0.0,0.0,0.08585930529385441
MB-2893,0.19952198454569345,0.0,0.0,0.0,0.0,0.0,0.0,0.0,0.0,0.05868647507514201,0.0,0.14770700626822267,0.37184114366195636,0.0,0.0,0.0,0.0,0.0,0.0,0.0,0.0,0.0,0.0,0.2222433904489856,0.0,0.0,0.0,0.0,0.0,0.0
MB-5562,0.0,0.3327359364214789,0.0,0.0,0.0,0.0,0.07738191415923786,0.0,0.0,0.0,0.0,0.0,0.0,0.0,0.0,0.0,0.0,0.0,0.0,0.0,0.0,0.0,0.0,0.16414668977738,0.0,0.0,0.4257354596419032,0.0,0.0,0.0
MB-4678,0.0,0.0,0.0,0.0,0.0,0.0,0.0,0.0,0.13527402183223503,0.07747053863021927,0.0,0.0,0.15795828072843254,0.0,0.0,0.0,0.0,0.0,0.0,0.0,0.0,0.09840605993088432,0.130825206323232,0.0916563864526563,0.0,0.19700596887644506,0.0,0.11140353722589529,0.0,0.0
MB-7963,0.0,0.0,0.0,0.0,0.0,0.12355001948087495,0.0,0.0,0.0,0.3409512700714374,0.0,0.0,0.0,0.0,0.0,0.0,0.0,0.0,0.0,0.0,0.0,0.0,0.014365458585517236,0.0,0.0,0.0,0.0,0.0,0.22538965729390695,0.2957435945682636
MB-5029,0.0,0.0,0.0,0.0,0.08378702753538378,0.0,0.0,0.21096417515549826,0.0,0.0,0.21232725566166724,0.0,0.0,0.0,0.1939917659548834,0.0,0.0,0.0,0.0,0.0,0.0,0.10180612975420325,0.19712364593836396,0.0,0.0,0.0,0.0,0.0,0.0,0.0
MB-7390,0.0,0.0,0.0,0.1619293135308311,0.0,0.0,0.14660322341222076,0.0,0.0,0.15816537114951565,0.0,0.010796159401810427,0.21518473419906792,0.0,0.0,0.0,0.0,0.0,0.0,0.14495922736870712,0.0,0.0,0.07963674766135095,0.0,0.0,0.0,0.0,0.08272522327649615,0.0,0.0
MB-1599,0.0,0.0,0.0,0.0,0.4313637766544644,0.0,0.0,0.0,0.0,0.0,0.0,0.0,0.0,0.0,0.0,0.0,0.0,0.0,0.06489245840211377,0.0,0.0,0.0,0.0,0.0,0.4297686870396204,0.0,0.0,0.0,0.0,0.07397507790380156
MB-8390,0.0,0.0,0.0,0.0,0.0,0.3835581141121953,0.0,0.0,0.0,0.0,0.0,0.0,0.0,0.0,0.0,0.0,0.0,0.6164418858878048,0.0,0.0,0.0,0.0,0.0,0.0,0.0,0.0,0.0,0.0,0.0,0.0
MB-3303,0.3218093405311178,0.0,0.0,0.0,0.0,0.0,0.3248045981185878,0.0,0.08086613367641624,0.0,0.0,0.227093711364019,0.0,0.0,0.0,0.0,0.0,0.0,0.0,0.0,0.0,0.0,0.0,0.0,0.0,0.0,0.0,0.0,0.0,0.045426216309859296
MB-9929,0.1739390924142594,0.0,0.0,0.0,0.1090991956741941,0.0,0.0,0.0,0.0,0.0,0.0,0.0,0.14908863823840127,0.0,0.0,0.0,0.0,0.0,0.24139967227120904,0.0,0.0,0.0,0.0,0.0,0.22681043796886935,0.0,0.09966296343306685,0.0,0.0,0.0
MB-2963,0.0,0.34381670065084396,0.3251213474336801,0.0,0.0,0.07000478230810495,0.0,0.0,0.0,0.0,0.0,0.0,0.0,0.0,0.0,0.05138546501052346,0.0,0.0,0.0,0.0,0.0,0.0,0.0,0.20967170459684745,0.0,0.0,0.0,0.0,0.0,0.0
MB-6544,0.0,0.1649637216590791,0.37914923153958424,0.0,0.0,0.0,0.0,0.0,0.06839986104963579,0.0,0.0,0.0,0.0,0.0,0.0,0.0,0.0,0.0,0.0,0.38748718575170094,0.0,0.0,0.0,0.0,0.0,0.0,0.0,0.0,0.0,0.0
MB-4073,0.0,0.1494407498901724,0.0,0.5602657172391055,0.0,0.0,0.0,0.0,0.0,0.2330235460993227,0.0,0.0,0.0,0.0,0.0,0.0,0.0,0.0,0.0,0.0,0.0,0.05726998677139947,0.0,0.0,0.0,0.0,0.0,0.0,0.0,0.0
MB-2333,0.0,0.0,0.0,0.0,0.0,0.0,0.0,0.0,0.0,0.28609396360394995,0.0,0.23424797846389453,0.0005423618061768274,0.0,0.0,0.0,0.0,0.0,0.0,0.0,0.0,0.0,0.0,0.0,0.0,0.0,0.0,0.35076772900300685,0.12834796712297183,0.0
MB-2167,0.0,0.0,0.0013133281065678883,0.0,0.0,0.0,0.0,0.0,0.0,0.0,0.0,0.1994520624464693,0.7992346094469628,0.0,0.0,0.0,0.0,0.0,0.0,0.0,0.0,0.0,0.0,0.0,0.0,0.0,0.0,0.0,0.0,0.0
MB-7917,0.0,0.0482893941864229,0.0,0.0,0.3372950795057458,0.0,0.0,0.0,0.023878155507890925,0.0,0.0,0.049324880894748964,0.0,0.0,0.0,0.0,0.0,0.0,0.0,0.0,0.0,0.0,0.0,0.0,0.0,0.0,0.0,0.0952423798602997,0.23964812864242535,0.20632198140246638
MB-8037,0.40578070854306264,0.0,0.0,0.0,0.0,0.0,0.0,0.0,0.0,0.0,0.0,0.0,0.23772181698462969,0.0,0.0,0.013269036610255807,0.0,0.34322843786205176,0.0,0.0,0.0,0.0,0.0,0.0,0.0,0.0,0.0,0.0,0.0,0.0
MB-4408,0.0,0.0,0.0,0.0,0.0,0.1713423051886251,0.1206763058166788,0.0,0.34633400763121835,0.0,0.0,0.0,0.0,0.0,0.0,0.0,0.0,0.0,0.0,0.0,0.0,0.0,0.0,0.0,0.36164738136347774,0.0,0.0,0.0,0.0,0.0
MB-3320,0.0,0.0,0.04120979671656622,0.0,0.0,0.2685163491018158,0.0,0.0,0.0,0.4236855647012483,0.23215531837247935,0.0,0.008243107471785058,0.0,0.0,0.0,0.0,0.0,0.0,0.0,0.0,0.0,0.0,0.0,0.0,0.0,0.0,0.017561807852937518,0.008628055783167795,0.0
MB-8171,0.0,0.0,0.11325183392867019,0.0,0.0,0.0,0.0,0.0,0.0,0.5172333752396682,0.0,0.0,0.0,0.0,0.0,0.0,0.0,0.3695147908316617,0.0,0.0,0.0,0.0,0.0,0.0,0.0,0.0,0.0,0.0,0.0,0.0
MB-5822,0.06786850171985818,0.1281336387254562,0.0,0.0,0.0,0.0,0.03907394358479453,0.0,0.0,0.2656290322390206,0.05212021614538142,0.0,0.0,0.0,0.0,0.0,0.30636467816679425,0.14080998941869494,0.0,0.0,0.0,0.0,0.0,0.0,0.0,0.0,0.0,0.0,0.0,0.0
MB-3005,0.0,0.0,0.0,0.16599581927890877,0.0,0.0,0.0,0.0,0.17759212245238776,0.003990547627497797,0.0,0.19658524307670242,0.0,0.18962900922383547,0.0,0.11740912153758153,0.0,0.0,0.0,0.0,0.0,0.0,0.14879813680308618,0.0,0.0,0.0,0.0,0.0,0.0,0.0
MB-7068,0.3125697702234304,0.31904897112187336,0.0,0.0,0.0,0.0,0.0,0.0,0.0,0.0,0.0,0.0,0.0,0.0,0.0,0.0,0.0,0.0,0.0,0.36838125865469634,0.0,0.0,0.0,0.0,0.0,0.0,0.0,0.0,0.0,0.0
MB-5402,0.0,0.0,0.0,0.0,0.0,0.0,0.0,0.0,0.43768512969833384,0.0,0.0,0.0,0.0,0.0,0.0,0.0,0.0,0.3914457451746343,0.0,0.0,0.0,0.1708691251270319,0.0,0.0,0.0,0.0,0.0,0.0,0.0,0.0
MB-1855,0.0,0.0,0.0,0.5557588074378232,0.0,0.0,0.0,0.0,0.0,0.0,0.008983359319087983,0.3237761455157421,0.0,0.0,0.0,0.0,0.0,0.0,0.0,0.0,0.1114816877273468,0.0,0.0,0.0,0.0,0.0,0.0,0.0,0.0,0.0
MB-6956,0.0,0.09980567045573337,0.30991331982657055,0.0,0.1447039151879532,0.0,0.0,0.0,0.0,0.0,0.0,0.0,0.0,0.2216518374237582,0.0,0.0,0.0,0.0,0.0,0.0,0.0,0.15681353899855685,0.0,0.06711171810742772,0.0,0.0,0.0,0.0,0.0,0.0
MB-5771,0.0,0.0,0.0,0.6209360901335221,0.0,0.0,0.0,0.0,0.0,0.0,0.0,0.0,0.0,0.0,0.0,0.0,0.37906390986647776,0.0,0.0,0.0,0.0,0.0,0.0,0.0,0.0,0.0,0.0,0.0,0.0,0.0
MB-5482,0.0,0.0,0.03912048155884282,0.0,0.0,0.0,0.0,0.24479884468842328,0.0,0.0,0.0,0.0,0.0,0.0,0.149022567995306,0.0,0.0,0.0,0.0,0.06460190546559277,0.0,0.0720596564556752,0.0,0.21759861928490504,0.21279792455125493,0.0,0.0,0.0,0.0,0.0
MB-8991,0.0,0.0,0.06902411405331789,0.09930009094769564,0.0,0.26098026662231855,0.0,0.1268751749792667,0.0,0.140020986606465,0.0,0.0,0.0,0.0,0.0,0.0,0.04153144906310789,0.0,0.0,0.0,0.0,0.0,0.2622679177278282,0.0,0.0,0.0,0.0,0.0,0.0,0.0
MB-7380,0.0,0.0,0.24777282677980922,0.0,0.0,0.0,0.0,0.0,0.021298847999466956,0.0,0.0,0.0,0.0,0.0,0.0,0.0,0.0,0.0,0.0,0.0,0.0,0.7309283252207238,0.0,0.0,0.0,0.0,0.0,0.0,0.0,0.0
MB-4130,0.39245776651142933,0.0,0.0,0.0,0.0,0.0,0.0,0.0,0.0,0.0,0.0,0.22019055651652444,0.0,0.0,0.0,0.0,0.0,0.0,0.3873516769720462,0.0,0.0,0.0,0.0,0.0,0.0,0.0,0.0,0.0,0.0,0.0
MB-8612,0.08126259322240988,0.0,0.0,0.0,0.0,0.0,0.0,0.0,0.0,0.11598287732463962,0.0,0.0,0.0,0.0,0.0,0.0,0.0,0.0,0.0,0.0,0.0,0.0,0.0,0.0,0.4657281140967376,0.0,0.0,0.0,0.0,0.33702641535621297
MB-4393,0.0,0.0,0.0,0.19363475152082427,0.0,0.0,0.1252577953310068,0.0,0.0,0.0,0.0,0.0745832059702965,0.0,0.0,0.0,0.0,0.0,0.0,0.0,0.0,0.05584544820965618,0.0,0.4843332575883235,0.0,0.0,0.06634554137989261,0.0,0.0,0.0,0.0
MB-9696,0.0,0.0,0.0,0.0,0.004938506862375959,0.0,0.0,0.0,0.0,0.2764341074022591,0.1872820312533024,0.16461393851502895,0.0,0.13665690537404393,0.0,0.0,0.0,0.0,0.0,0.0,0.0,0.0,0.0,0.0,0.0,0.0,0.0,0.0,0.0,0.23007451059298975
MB-8895,0.0,0.0,0.0,0.0,0.0,0.0,0.0,0.0,0.0,0.0,0.0,0.09033492291846387,0.0,0.0,0.33030066552019194,0.0,0.15589045083284683,0.0,0.2621029693885555,0.0,0.0,0.0,0.0,0.0,0.0,0.0,0.0,0.0,0.16137099133994193,0.0
MB-9121,0.22410640869634382,0.0,0.0,0.0,0.31054021845104207,0.0,0.0,0.0,0.0,0.0,0.0,0.0,0.0,0.0,0.0,0.32942473120208493,0.0,0.0,0.0,0.0,0.0,0.0,0.0,0.0,0.0,0.135928641650529,0.0,0.0,0.0,0.0
MB-4960,0.0,0.0,0.0,0.29939836685614774,0.0,0.4194329076941564,0.0,0.0,0.0,0.0,0.0,0.0,0.0,0.0,0.0,0.0,0.0,0.0,0.0,0.0,0.0,0.14747644796039378,0.0,0.0,0.0,0.0,0.0,0.0,0.0,0.1336922774893021
MB-7067,0.0,0.0,0.0,0.0,0.0,0.0,0.0,0.0,0.0,0.13597609104630665,0.0,0.0,0.05974832179208261,0.0,0.0,0.0,0.15211500003536443,0.02299695183622361,0.3192128181684094,0.0,0.0,0.0,0.0,0.0,0.0,0.0,0.0,0.3099508171216134,0.0,0.0
MB-1545,0.0,0.0,0.0,0.0,0.0,0.12740884205346384,0.0,0.0,0.0,0.0,0.11242340776009647,0.0,0.0,0.30863655829935216,0.0,0.0,0.0,0.0,0.4515311918870875,0.0,0.0,0.0,0.0,0.0,0.0,0.0,0.0,0.0,0.0,0.0
MB-4114,0.0,0.0,0.0,0.0,0.0,0.0,0.0,0.0,0.0,0.11663174229497075,0.0,0.0,0.0,0.0,0.0,0.0,0.0,0.0,0.0,0.0,0.0,0.0,0.0,0.0,0.0,0.0,0.0,0.0,0.8833682577050292,0.0
MB-6243,0.0,0.0,0.0,0.0,0.35238038081453055,0.0,0.1587368201630878,0.13530528576183115,0.0,0.0,0.0,0.0,0.0,0.35357751326055065,0.0,0.0,0.0,0.0,0.0,0.0,0.0,0.0,0.0,0.0,0.0,0.0,0.0,0.0,0.0,0.0
MB-1845,0.0,0.0,0.0,0.0,0.0,0.2909716544515116,0.0,0.0,0.0,0.0,0.36249207950630197,0.0,0.0,0.0,0.0,0.0,0.0,0.0,0.0,0.21025054324599962,0.0,0.09540121392318313,0.026181169254803016,0.0,0.0,0.0,0.0,0.0,0.0,0.014703339618200608
MB-3454,0.0,0.0,0.0,0.0,0.0,0.0,0.0,0.0,0.0,0.22664222326266584,0.0,0.0,0.0,0.18717192120364792,0.0,0.255426201976013,0.0,0.0,0.0,0.0,0.0,0.0,0.0,0.0,0.0,0.0,0.0,0.3307596535576732,0.0,0.0
MB-5981,0.0,0.0,0.0,0.0,0.0,0.0,0.0,0.0,0.0,0.0,0.0,0.0,0.0,0.12366729739350876,0.0,0.0,0.0,0.0,0.0,0.0,0.0,0.2867441837513379,0.0,0.0,0.0,0.1516202571488049,0.0,0.0,0.27046667253933837,0.16750158916701
MB-8360,0.0,0.0,0.0,0.0,0.0,0.0,0.0,0.0,0.0,0.5597678440045138,0.0,0.0,0.0,0.0,0.0,0.0,0.0,0.0,0.0,0.0,0.0,0.4402321559954861,0.0,0.0,0.0,0.0,0.0,0.0,0.0,0.0
MB-1100,0.0,0.0,0.0,0.0,0.0,0.3280498199271197,0.11312783551049023,0.0,0.0,0.0,0.2534802577741418,0.0,0.0,0.0,0.0,0.0,0.0,0.0,0.0,0.0,0.10217834406592695,0.0,0.16233807737201114,0.0,0.0,0.04082566535031026,0.0,0.0,0.0,0.0
MB-2131,0.0,0.0,0.0,0.0,0.2993970494707119,0.26105329146113804,0.0,0.0,0.0,0.0,0.0,0.0,0.0,0.0,0.0,0.0,0.0,0.0,0.17344251489073753,0.0,0.0,0.05807095252856513,0.17503044121799438,0.0,0.0,0.0,0.0330057504308529,0.0,0.0,0.0
MB-6347,0.251540742162709,0.0,0.10835054624910968,0.0,0.0,0.0,0.20092260084529392,0.0,0.0,0.0,0.049167367005423956,0.0,0.0,0.0,0.0,0.0,0.11323919107902107,0.0,0.0,0.0,0.16455283951387203,0.0,0.11222671314457032,0.0,0.0,0.0,0.0,0.0,0.0,0.0
MB-9895,0.0,0.15126053648591709,0.0,0.0,0.0,0.0,0.0,0.0,0.0,0.0,0.0,0.06494948948684398,0.0,0.0,0.0,0.0625122102320095,0.0,0.0,0.17211529384059254,0.0,0.2186404676371625,0.0,0.0,0.08108730874055142,0.11330471431031064,0.0,0.0,0.0,0.06205113793485705,0.0740788413317553
MB-7746,0.0,0.24581414870441512,0.0,0.0,0.0,0.25593252703472996,0.0,0.0,0.1530974466632279,0.0,0.0,0.0,0.0,0.0,0.0,0.0,0.01799821803377321,0.0,0.0,0.0,0.0,0.0,0.0,0.13554238828882756,0.0,0.0,0.09579990892404551,0.0,0.0,0.09581536235098063
MB-5123,0.0,0.0,0.0,0.0,0.0,0.0,0.0,0.0,0.0,0.0,0.0,0.12914637792618397,0.0,0.4534408904400527,0.0,0.0,0.0,0.0,0.0,0.0,0.0,0.0,0.0,0.0,0.0,0.0,0.0,0.41741273163376336,0.0,0.0
MB-3950,0.0,0.0,0.0,0.0,0.0,0.07694473580075141,0.0,0.0,0.15667387935233124,0.0,0.0,0.0,0.07804932991342282,0.05352197670181525,0.0,0.21682718789109143,0.0,0.0,0.1345305375748362,0.0,0.0,0.10730266016927974,0.0,0.0,0.0,0.17614969259647187,0.0,0.0,0.0,0.0
MB-6760,0.4402244435438808,0.0,0.05451636384636322,0.0,0.0,0.0,0.0,0.0,0.5052591926097559,0.0,0.0,0.0,0.0,0.0,0.0,0.0,0.0,0.0,0.0,0.0,0.0,0.0,0.0,0.0,0.0,0.0,0.0,0.0,0.0,0.0
MB-3465,0.0,0.0,0.0,0.0,0.0,0.0,0.0,0.0,0.0,0.0,0.18548476194984845,0.0,0.14909867623479686,0.15311675034894515,0.0,0.1585879683112561,0.0,0.1642417581456035,0.0,0.020127936205687032,0.0,0.0,0.0,0.0,0.03953553952615861,0.0,0.0,0.1298066092777045,0.0,0.0
MB-7047,0.0,0.0,0.0,0.0,0.0,0.22137553119232015,0.0,0.0,0.0,0.19008179232064312,0.0,0.04336917652215028,0.0,0.0,0.23245694439690742,0.0,0.20619276658665175,0.0,0.0,0.0,0.0,0.0,0.0,0.0,0.0,0.0,0.0,0.03743260213641431,0.06909118684491306,0.0
MB-1531,0.0,0.0,0.24871652818336537,0.0,0.0,0.0,0.0,0.1690809090939233,0.0,0.0,0.0,0.0,0.0,0.0,0.0,0.03134584001240737,0.0,0.0,0.5508567227103041,0.0,0.0,0.0,0.0,0.0,0.0,0.0,0.0,0.0,0.0,0.0
MB-1776,0.0,0.0,0.0,0.3107166255486378,0.0,0.0,0.0,0.0,0.0,0.0,0.0,0.0,0.2986461664648743,0.0,0.0,0.0,0.0,0.0,0.0,0.1635679259843854,0.21192140492806136,0.0,0.0,0.0,0.0,0.0,0.0,0.0,0.0,0.015147877074041149
MB-4397,0.0,0.0,0.0,0.0,0.0,0.0,0.0,0.0,0.0,0.4179660006647627,0.0,0.0,0.0,0.0,0.0,0.0,0.0,0.0,0.0,0.0,0.0,0.0,0.2725527024856967,0.0,0.3094812968495407,0.0,0.0,0.0,0.0,0.0
MB-3419,0.0,0.0,0.0,0.0749846785575108,0.0,0.0,0.0,0.0586876623572825,0.0,0.2857311879092798,0.0,0.0,0.0,0.2911621148985675,0.0,0.1481605314371059,0.0,0.0,0.0,0.0,0.0,0.0,0.09004987431753417,0.0,0.0,0.0,0.0,0.0,0.0,0.05122395052271918
MB-2394,0.0,0.0,0.0,0.0,0.0,0.0,0.0,0.0,0.0,0.0,0.0,0.0,0.7331818508751182,0.0,0.0,0.0,0.0,0.0,0.0,0.0,0.0,0.0,0.0,0.0,0.2668181491248817,0.0,0.0,0.0,0.0,0.0
MB-9360,0.0,0.0,0.0,0.0,0.24037594613347,0.0,0.75962405386653,0.0,0.0,0.0,0.0,0.0,0.0,0.0,0.0,0.0,0.0,0.0,0.0,0.0,0.0,0.0,0.0,0.0,0.0,0.0,0.0,0.0,0.0,0.0
MB-9468,0.08286312545173084,0.0,0.3009021932411687,0.0,0.0,0.0,0.0,0.0,0.0,0.026609698310169464,0.0,0.22424081759181094,0.0,0.0,0.0,0.1189757536978027,0.0,0.013521925966368373,0.0,0.0,0.16713999439616573,0.0,0.0,0.06574649134478323,0.0,0.0,0.0,0.0,0.0,0.0
MB-7247,0.11253851042088692,0.0,0.0,0.0,0.0,0.0,0.0,0.0,0.0,0.0,0.0,0.0,0.0,0.09437421722124671,0.22451566411557108,0.0,0.0,0.11254910774942857,0.0,0.0,0.16331940065919132,0.2927030998336754,0.0,0.0,0.0,0.0,0.0,0.0,0.0,0.0
MB-4055,0.0,0.0,0.7818358880879176,0.0,0.0,0.21816411191208246,0.0,0.0,0.0,0.0,0.0,0.0,0.0,0.0,0.0,0.0,0.0,0.0,0.0,0.0,0.0,0.0,0.0,0.0,0.0,0.0,0.0,0.0,0.0,0.0
MB-7161,0.0,0.0,0.0,0.0,0.0,0.0,0.0,0.1650847896471239,0.0,0.0,0.0,0.0,0.0,0.0,0.0,0.0,0.0,0.0,0.0,0.0,0.0,0.0,0.0,0.0,0.0,0.49312923780569734,0.34178597254717885,0.0,0.0,0.0
MB-3919,0.0,0.0,0.1846254023199138,0.19585776509984001,0.13006638052226963,0.0,0.0,0.0,0.17999241000653518,0.0,0.0,0.0,0.06846072097124603,0.0,0.0,0.0,0.0,0.12031864994850609,0.0,0.0,0.0,0.0,0.0,0.0,0.0,0.0,0.0,0.0,0.0,0.12067867113168905
MB-9942,0.0,0.0,0.0,0.0,0.010882442111577809,0.0,0.0,0.0,0.0,0.08260829126774095,0.2233067533210739,0.0,0.0,0.0,0.0,0.0,0.0,0.0,0.0,0.0,0.304330824739481,0.0,0.09451970457935877,0.0,0.0,0.0,0.28435198398076766,0.0,0.0,0.0
MB-1468,0.0,0.0,0.0,0.0,0.0,0.0,0.0,0.0,0.0,0.0,0.0,0.0,0.25450465218448604,0.0,0.0,0.22572466270820274,0.0,0.0,0.0,0.0,0.0,0.24449011275752633,0.0,0.0,0.0,0.0,0.0,0.10451250990412361,0.17076806244566126,0.0
MB-3824,0.0,0.0,0.4366943231044066,0.0,0.0,0.0,0.0,0.0,0.0,0.0,0.0,0.0,0.0,0.0,0.0,0.0,0.0,0.5633056768955934,0.0,0.0,0.0,0.0,0.0,0.0,0.0,0.0,0.0,0.0,0.0,0.0
MB-4659,0.0,0.0,0.2320797395776291,0.0,0.0,0.0,0.0,0.0,0.0,0.0,0.0,0.0,0.0,0.2509630559440023,0.11616320000650411,0.0,0.0,0.0008199744775002291,0.0,0.0,0.0,0.14956817751216622,0.02762125887180603,0.2114327979590071,0.0,0.011351795651384873,0.0,0.0,0.0,0.0
MB-1123,0.0,0.2908518061095684,0.0,0.005594314000284222,0.0,0.0,0.0,0.0,0.0,0.0,0.0,0.0,0.0,0.016997921307489873,0.0,0.16675760686410818,0.2726165690023067,0.0,0.0,0.0,0.0,0.0,0.0,0.0,0.0,0.0,0.0,0.24718178271624267,0.0,0.0
MB-6538,0.0,0.0,0.0,0.0,0.0,0.0,0.0,0.0,0.0,0.0,0.0,0.21422889442645873,0.0,0.22443685667758534,0.0,0.24452045931696156,0.0,0.08041591682633802,0.0,0.0,0.0,0.0,0.0,0.0,0.23639787275265634,0.0,0.0,0.0,0.0,0.0
MB-3550,0.09696774800530976,0.0,0.0,0.22411753310063998,0.0,0.0,0.0,0.013881910075910995,0.0,0.0,0.3624817789662741,0.0,0.0,0.0,0.0,0.07067674395634083,0.0,0.0,0.1939458262739382,0.0,0.0,0.0,0.0,0.037928459621586114,0.0,0.0,0.0,0.0,0.0,0.0
MB-3558,0.0,0.0,0.0,0.0,0.24470423817085085,0.0,0.0,0.0,0.16338709575539243,0.0,0.0,0.0,0.0,0.0,0.05054168909194757,0.15832436512603648,0.0,0.0,0.0,0.0,0.1310783556376031,0.0,0.0,0.2519642562181696,0.0,0.0,0.0,0.0,0.0,0.0
MB-9112,0.0,0.0,0.0,0.0,0.0,0.0,0.0,0.0,0.0,0.0,0.0,0.0,0.0,0.0,0.0,0.0,0.0,0.0,0.0,0.0,0.0,0.0,0.0,1.0,0.0,0.0,0.0,0.0,0.0,0.0
MB-4633,0.0,0.0,0.0,0.17832427394535963,0.0,0.0,0.0,0.0,0.03914956799289134,0.0,0.0,0.0,0.0,0.1868983551423278,0.03760392589344347,0.0,0.0,0.0,0.0,0.0,0.0,0.0,0.0,0.0,0.0,0.21833650125134094,0.12622403286465794,0.0,0.0,0.21346334290997893
MB-4934,0.0,0.0,0.0,0.0,0.0,0.0,0.0,0.0,0.0,0.2439182965822508,0.0,0.2847172014881206,0.0,0.13938233051751128,0.10247947864974186,0.0,0.0,0.0,0.0,0.0,0.22950269276237548,0.0,0.0,0.0,0.0,0.0,0.0,0.0,0.0,0.0
MB-1150,0.0,0.07995260610126569,0.0,0.0,0.0,0.0,0.1761361098921841,0.0,0.1358973398290679,0.0,0.03331441606999938,0.0,0.0,0.0,0.0,0.0,0.08573186947105833,0.0,0.17903933024985402,0.16778298714470763,0.0,0.11139084391500617,0.0,0.030754497326856693,0.0,0.0,0.0,0.0,0.0,0.0
MB-1138,0.0,0.0,0.0,0.0,0.0,0.0,0.0,0.0,0.9828583321698184,0.0,0.0,0.0,0.017141667830181576,0.0,0.0,0.0,0.0,0.0,0.0,0.0,0.0,0.0,0.0,0.0,0.0,0.0,0.0,0.0,0.0,0.0
MB-5787,0.0,0.0,0.0,0.0,0.0,0.0,0.0,0.0,0.4480689589925892,0.0013106757151596334,0.0,0.0,0.0,0.0,0.0,0.0,0.0,0.0,0.15139562662656883,0.0,0.09386401229159443,0.0,0.0,0.0,0.0,0.0,0.0,0.0,0.30536072637408784,0.0
MB-6295,0.4502715717638764,0.16113341699575356,0.0,0.0,0.0,0.0,0.0,0.0,0.0,0.0,0.0,0.0,0.0,0.0,0.0,0.0,0.0,0.0,0.0,0.0,0.0,0.0,0.0,0.3611153725037153,0.0,0.0,0.0,0.0,0.027479638736654856,0.0
MB-3452,0.056908167478087766,0.009983801021867102,0.08100608663827367,0.13298122791892597,0.09281515835627488,0.14738656388084048,0.0,0.0,0.13075004257845763,0.0,0.14246715710660818,0.0,0.1582916176971147,0.0,0.0,0.0,0.0,0.0,0.0,0.0,0.0,0.0,0.0469541608748497,0.0,0.0,0.0,0.0,0.0,0.000456016448699805,0.0
MB-1989,0.0,0.0,0.018919888002768108,0.0,0.0,0.0,0.1588874555562291,0.0,0.0,0.0,0.0,0.0,0.0,0.0,0.0,0.0,0.0,0.0,0.0,0.26154455403850285,0.29412136945435574,0.0,0.0,0.0,0.0,0.0,0.0,0.17692275888577208,0.08960397406237211,0.0
MB-9567,0.0,0.0,0.0,0.0,0.0,0.0,0.2239468196656451,0.11381422004111727,0.3285464408183686,0.0,0.0,0.0,0.0,0.0,0.0,0.0,0.0,0.0,0.0,0.0,0.0,0.0,0.0,0.0,0.3336925194748689,0.0,0.0,0.0,0.0,0.0
MB-2556,0.0,0.0,0.0,0.0,0.13560116234772213,0.0,0.49959367049666925,0.0,0.0,0.0,0.0,0.0,0.0,0.0,0.0,0.0,0.0,0.0,0.0,0.0,0.0,0.0,0.0,0.0,0.0,0.0,0.3648051671556087,0.0,0.0,0.0
MB-7078,0.0,0.0,0.0,0.0,0.0,0.0,0.0,0.0,0.0,0.0,0.0,0.0,0.4357681842358075,0.0,0.0,0.0,0.0,0.0,0.0,0.0,0.0,0.0,0.10321836413248253,0.46101345163171,0.0,0.0,0.0,0.0,0.0,0.0
MB-6594,0.0,0.0,0.0,0.0,0.16073854137927035,0.20227944790211785,0.04791952102617507,0.0,0.0,0.0,0.0,0.0,0.15755588179518612,0.0,0.0,0.0,0.16664562750445322,0.0,0.0,0.0,0.0,0.0,0.0,0.0,0.043993167854311184,0.0,0.0,0.0,0.0,0.22086781253848628
MB-6134,0.0,0.0,0.8817198130094797,0.0,0.0,0.0,0.0,0.0,0.0,0.0,0.0,0.0,0.0,0.0,0.0,0.0,0.0,0.11828018699052043,0.0,0.0,0.0,0.0,0.0,0.0,0.0,0.0,0.0,0.0,0.0,0.0
MB-4256,0.0,0.0,0.0,0.0,0.0,0.0,0.142941161288336,0.0,0.19928707570775825,0.14217174885895364,0.0,0.0,0.24481036999052588,0.0,0.0,0.0,0.0,0.1768743016334697,0.0,0.0,0.0,0.0,0.0939153425209567,0.0,0.0,0.0,0.0,0.0,0.0,0.0
MB-2708,0.0,0.0,0.0,0.0,0.0,0.0,0.0,0.0,0.0,0.0,0.0,0.0,0.45268969175188944,0.5006364472941007,0.0,0.0,0.0,0.0,0.0,0.0,0.0,0.0,0.0,0.0,0.0466738609540098,0.0,0.0,0.0,0.0,0.0
MB-6468,0.0,0.0,0.0,0.0,0.0,0.0,0.0,0.0,0.0,0.0,0.0,0.0,0.0,0.4201264965865599,0.0,0.0,0.0,0.0,0.0,0.0,0.0,0.0,0.0,0.0,0.0,0.0,0.0,0.4721667017855066,0.0,0.10770680162793349
MB-3743,0.0,0.18691652490371258,0.0,0.12122106978507431,0.0,0.19228852453797968,0.0,0.0,0.0,0.0,0.0,0.0,0.29931502442826374,0.0,0.013901337278542486,0.18635751906642717,0.0,0.0,0.0,0.0,0.0,0.0,0.0,0.0,0.0,0.0,0.0,0.0,0.0,0.0
MB-4868,0.0,0.0,0.0,0.0,0.0,0.0,0.087878111926478,0.0,0.0,0.0,0.1348740649913255,0.0,0.0,0.0,0.12747858051747765,0.11846950483193093,0.0,0.14377481084627114,0.0,0.0,0.16077784470991457,0.0,0.22674708217660217,0.0,0.0,0.0,0.0,0.0,0.0,0.0
MB-1902,0.0,0.0,0.0,0.0,0.0,0.0,0.0,0.0,0.0,0.16602241321597472,0.0,0.0,0.0,0.09116341893406862,0.0,0.0,0.0,0.0,0.0,0.0,0.16444216899530018,0.15592635777188993,0.08542547250747295,0.0,0.14550435860959807,0.0,0.0,0.16666566412731457,0.0,0.024850145838380872
MB-3747,0.0,0.0,0.0,0.0,0.24279968643512764,0.0,0.0,0.0,0.0,0.0,0.0,0.0,0.0,0.0,0.0,0.0,0.0,0.0,0.13884158545031072,0.0804065525580026,0.0,0.0,0.07057414794307174,0.0,0.0,0.23151581547125596,0.23586221214223144,0.0,0.0,0.0
MB-7292,0.0,0.0,0.0,0.0,0.0,0.0,0.0,0.0,0.0,0.6790808910973251,0.32091910890267494,0.0,0.0,0.0,0.0,0.0,0.0,0.0,0.0,0.0,0.0,0.0,0.0,0.0,0.0,0.0,0.0,0.0,0.0,0.0
MB-7529,0.0,0.28532066376656706,0.0,0.0,0.0,0.0,0.0,0.0,0.0,0.0,0.0,0.0,0.0,0.0,0.0,0.0,0.0,0.0,0.0,0.0,0.0,0.7146793362334329,0.0,0.0,0.0,0.0,0.0,0.0,0.0,0.0
MB-5749,0.0,0.0,0.0,0.0,0.0,0.1352494747141947,0.0,0.0,0.0,0.04421722238148751,0.0,0.0,0.0,0.0,0.0,0.0,0.20666125952365233,0.22160237523484697,0.0,0.0,0.272874076469333,0.0,0.0,0.0,0.0,0.0,0.0,0.11939559167648556,0.0,0.0
MB-7385,0.23188669383252264,0.0,0.0,0.0,0.0,0.0,0.0,0.0,0.0,0.0,0.23754302813952194,0.0,0.0,0.0,0.0,0.0,0.0,0.0,0.0,0.0,0.0,0.0,0.0,0.0,0.0,0.0,0.0,0.0,0.0,0.5305702780279554
MB-1323,0.0,0.0,0.0,0.0,0.0,0.0,0.0,0.0,0.2368888427829042,0.0,0.0,0.0812335830431926,0.0,0.0,0.2215623806230742,0.0,0.0,0.0,0.0,0.0,0.0,0.0,0.0,0.0,0.0,0.16600708099348854,0.2943081125573405,0.0,0.0,0.0
MB-6028,0.0,0.0,0.0,0.0,0.0,0.0,0.0,0.0,0.0,0.0,0.0,0.0,0.0,0.0,0.0,0.0,0.0,0.0,0.5313172403311539,0.0,0.0,0.0,0.0,0.19241418573175126,0.27626857393709475,0.0,0.0,0.0,0.0,0.0
MB-8402,0.0,0.0,0.0,0.0,0.0,0.0,0.10167656933407873,0.0,0.0,0.0,0.0,0.23227534385457513,0.3228036142361074,0.0,0.0,0.0,0.09197461496152252,0.2512698576137162,0.0,0.0,0.0,0.0,0.0,0.0,0.0,0.0,0.0,0.0,0.0,0.0
MB-7995,0.45743250510078454,0.0,0.0,0.0,0.0,0.0,0.0,0.0,0.0,0.0,0.0,0.0,0.0,0.0,0.0,0.28837882604999043,0.0,0.0,0.0,0.0,0.05425092781437541,0.0,0.19993774103484963,0.0,0.0,0.0,0.0,0.0,0.0,0.0
MB-4473,0.0,0.015503073615063161,0.0,0.0,0.0,0.0,0.0,0.0,0.0,0.0,0.0,0.0,0.0,0.0,0.34032637689153167,0.0,0.0,0.06420040012525766,0.2855397631368834,0.29443038623126416,0.0,0.0,0.0,0.0,0.0,0.0,0.0,0.0,0.0,0.0
MB-2182,0.0,0.0,0.4445476553418628,0.0,0.0,0.0,0.0,0.0,0.006365621523876834,0.0,0.0,0.0,0.0,0.0,0.0,0.0,0.0,0.0,0.0,0.0,0.0,0.0,0.0,0.0,0.0,0.0,0.5490867231342602,0.0,0.0,0.0
MB-4460,0.0,0.0,0.0,0.0,0.6500890770983819,0.0,0.0,0.0,0.0,0.0,0.0,0.0,0.0,0.0,0.0,0.0,0.0,0.0,0.0,0.3499109229016182,0.0,0.0,0.0,0.0,0.0,0.0,0.0,0.0,0.0,0.0
MB-2996,0.0,0.0,0.0,0.0,0.0,0.5382803625121809,0.0,0.0,0.0,0.0,0.0,0.0,0.0,0.0,0.0,0.0,0.0,0.0,0.0,0.0,0.05229368278769177,0.0,0.07393921514199002,0.0,0.0,0.0,0.33548673955813735,0.0,0.0,0.0
MB-2088,0.0,0.0,0.0,0.0,0.0,0.0,0.0,0.0,0.0,0.0,0.0,0.0,0.01970601890605674,0.0,0.33242199564871017,0.0,0.0,0.0,0.1665621278806803,0.0,0.0,0.0,0.0750993342294327,0.0,0.0,0.0,0.0,0.0445320075282313,0.36167851580688876,0.0
MB-2231,0.0,0.0,0.0,0.3514851098944208,0.0,0.0,0.0,0.34794098943618795,0.0,0.0,0.0,0.0,0.0,0.0,0.0,0.0,0.0,0.0,0.0,0.0,0.2643690900842953,0.03620481058509602,0.0,0.0,0.0,0.0,0.0,0.0,0.0,0.0
MB-9969,0.0,0.0,0.0,0.0,0.13560868140825943,0.2941159814399782,0.0,0.0,0.0,0.0,0.0,0.0,0.0,0.0,0.0,0.0,0.0,0.0,0.0,0.1931970910860033,0.0,0.30014127279172287,0.0,0.0,0.0,0.0,0.0,0.07693697327403626,0.0,0.0
MB-6129,0.0,0.0,0.0,0.0,0.0,0.0,0.011970245395935403,0.0,0.0,0.0,0.0,0.43691046780088943,0.0,0.0,0.0,0.0,0.0,0.3876493751655144,0.0,0.0,0.0,0.0,0.0,0.0,0.0,0.15607958979755832,0.0,0.0,0.007390321840102332,0.0
MB-9877,0.0,0.11551669348228692,0.0,0.0,0.0,0.26687381141120314,0.0,0.0,0.0,0.0,0.0,0.0,0.25936115929683246,0.0,0.0,0.07573705357258138,0.0,0.0,0.04363167277762031,0.0,0.0,0.0,0.0,0.0,0.0,0.0,0.0,0.0,0.23887960945947598,0.0
MB-8706,0.0,0.0,0.0,0.0,0.0,0.0,0.0,0.0,0.0,0.0,0.0,0.0,0.0,1.0,0.0,0.0,0.0,0.0,0.0,0.0,0.0,0.0,0.0,0.0,0.0,0.0,0.0,0.0,0.0,0.0
MB-8438,0.0,0.0,0.0,0.0,0.0,0.0,0.0,0.0,0.0,0.31443265679212073,0.1445486744620106,0.0,0.0,0.0,0.0,0.0,0.0,0.0,0.5303995045548177,0.0,0.0,0.0,0.0,0.01061916419105115,0.0,0.0,0.0,0.0,0.0,0.0
MB-1218,0.0,0.0,0.16386860106371196,0.0,0.0,0.0,0.0,0.23842475004720906,0.32264125403727206,0.0,0.0,0.0,0.0,0.0,0.0,0.0,0.0,0.0,0.0,0.0,0.0,0.0,0.0,0.0,0.0,0.0,0.046863616601244745,0.0,0.0,0.22820177825056226
MB-8534,0.0,0.0,0.0,0.0,0.0,0.0,0.0,0.2589544860666528,0.12445490229359743,0.0,0.0,0.0,0.0,0.26052830418346457,0.2565853337235687,0.0,0.0,0.0,0.0,0.0,0.0,0.0,0.0,0.0,0.0,0.09947697373271651,0.0,0.0,0.0,0.0
MB-4625,0.0,0.02783835334773078,0.0,0.0,0.0,0.0,0.0,0.6744110652844397,0.0,0.0,0.0,0.0,0.0,0.0,0.0,0.21299744200992632,0.0,0.0,0.0,0.0,0.0,0.0,0.0,0.0,0.0,0.0,0.0,0.0,0.08475313935790317,0.0
MB-2757,0.0,0.38696036701061437,0.0,0.0,0.0,0.0,0.0,0.0,0.0,0.0,0.0,0.19577828233855957,0.0,0.0,0.0,0.0,0.0,0.0,0.0,0.2439823064567452,0.0,0.17327904419408077,0.0,0.0,0.0,0.0,0.0,0.0,0.0,0.0
MB-3487,0.0,0.0,0.0,0.0,0.0,0.0,0.0,0.0,0.1093208130308957,0.0,0.0,0.0,0.0,0.0,0.0,0.0,0.0,0.041319666015288074,0.0,0.0,0.0,0.0,0.3367687466253368,0.320870215765111,0.19172055856336848,0.0,0.0,0.0,0.0,0.0
MB-9694,0.20693020673895068,0.0,0.0038785404740948647,0.26499753081254723,0.0,0.0,0.0,0.25279847569254005,0.0,0.0,0.0,0.11026358219647328,0.0,0.1611316640853938,0.0,0.0,0.0,0.0,0.0,0.0,0.0,0.0,0.0,0.0,0.0,0.0,0.0,0.0,0.0,0.0
MB-4483,0.15401315416214828,0.0,0.0,0.0,0.0,0.0,0.0,0.0,0.0,0.0,0.0,0.011808998387061953,0.0,0.0,0.0,0.0,0.2717431847488156,0.0,0.0,0.0,0.0,0.01021165667054303,0.002474616928799151,0.0,0.0,0.0,0.0,0.0,0.2494959431060855,0.3002524459965466
MB-4651,0.0,0.0,0.0,0.0,0.5522765713274427,0.0,0.0,0.0,0.0,0.0,0.0,0.0,0.4477234286725572,0.0,0.0,0.0,0.0,0.0,0.0,0.0,0.0,0.0,0.0,0.0,0.0,0.0,0.0,0.0,0.0,0.0
MB-9150,0.0,0.0,0.0,0.42534540447008085,0.0,0.0,0.0,0.0,0.45147448547329516,0.0,0.0,0.0,0.0,0.0,0.0,0.0,0.0,0.0,0.12318011005662399,0.0,0.0,0.0,0.0,0.0,0.0,0.0,0.0,0.0,0.0,0.0
MB-3294,0.0,0.0,0.0,0.0,0.0,0.0,0.0,0.0,0.0,0.0,0.0,0.42082346969963846,0.0,0.0,0.0,0.0,0.0,0.0,0.0,0.2737694957419018,0.0,0.0,0.0,0.0,0.0,0.0,0.0,0.0,0.30540703455845974,0.0
MB-3757,0.0,0.0,0.07659460407430523,0.0,0.0,0.08325676752250598,0.0,0.0,0.24318430094879973,0.15807076944536008,0.0,0.0,0.0,0.1830435704349554,0.0,0.0,0.0,0.0,0.0,0.0,0.0,0.0,0.25584998757407373,0.0,0.0,0.0,0.0,0.0,0.0,0.0
MB-3064,0.0,0.0,0.0,0.0,0.0,0.0,0.0,0.2991129505047067,0.0,0.0,0.0,0.0,0.0,0.0,0.0,0.0,0.2568381143208343,0.0,0.0,0.24712642587777697,0.0,0.19692250929668206,0.0,0.0,0.0,0.0,0.0,0.0,0.0,0.0
MB-8904,0.0,0.0,0.22207418462914102,0.0,0.0,0.0,0.0,0.0,0.0,0.0,0.0,0.30411240053589,0.0,0.0,0.0,0.0,0.0,0.0,0.0,0.18261394366931838,0.0,0.0,0.0,0.10863554260488506,0.0,0.0,0.0,0.0,0.0,0.18256392856076548
MB-2019,0.0,0.3623077217707248,0.0,0.0,0.0,0.0,0.0,0.0,0.0,0.0,0.0,0.14577453948599658,0.0,0.1102662879274122,0.0,0.0,0.0,0.0,0.3816514508158665,0.0,0.0,0.0,0.0,0.0,0.0,0.0,0.0,0.0,0.0,0.0
MB-3374,0.0,0.22497658527503428,0.0,0.06614475704830021,0.0,0.37767238515655555,0.0,0.0,0.0,0.0,0.0,0.0,0.0,0.0,0.0,0.33120627252010987,0.0,0.0,0.0,0.0,0.0,0.0,0.0,0.0,0.0,0.0,0.0,0.0,0.0,0.0
MB-7756,0.0,0.0,0.0,0.0,0.2910248102871162,0.0,0.0,0.0,0.0,0.0,0.0,0.0,0.0,0.0,0.0,0.0,0.3506974440284268,0.32729637695560543,0.0,0.0,0.0,0.0,0.0,0.0,0.030981368728851526,0.0,0.0,0.0,0.0,0.0
MB-7082,0.0,0.0,0.0,0.0,0.0,0.19886622764853915,0.0,0.0,0.0,0.0,0.0,0.0,0.1717265679172675,0.0,0.0,0.0,0.1552725537718643,0.17654448377179097,0.0,0.0,0.0,0.0,0.09106668223571293,0.049334823662492526,0.000874196320180242,0.15631446467215218,0.0,0.0,0.0,0.0
MB-8826,0.0,0.0,0.0,0.0,0.2968395202192016,0.0,0.0,0.0,0.0,0.0,0.0402095834308621,0.0,0.0,0.0,0.0,0.0,0.0,0.19647689667079613,0.0,0.0,0.0,0.24478321594033445,0.0,0.2216907837388057,0.0,0.0,0.0,0.0,0.0,0.0
MB-9311,0.0,0.0,0.0,0.0,0.0,0.0,0.0,0.2552105330163863,0.0,0.22582089559651775,0.0,0.0,0.0,0.0,0.0,0.0,0.0,0.0,0.0,0.0,0.0,0.518968571387096,0.0,0.0,0.0,0.0,0.0,0.0,0.0,0.0
MB-5654,0.0,0.0,0.17883837127679528,0.0,0.0,0.11613316687187565,0.0,0.0,0.0,0.025953473682559194,0.0,0.12081217848447491,0.0,0.0,0.20551934942597835,0.0,0.10459575695302305,0.0,0.0,0.0,0.0,0.0,0.0,0.0,0.0,0.0,0.0,0.0,0.1529701097706583,0.0951775935346354
MB-1029,0.0,0.0,0.0,0.0,0.0,0.0,0.3604031781326631,0.0,0.0,0.0,0.0,0.0,0.0,0.0,0.0,0.0,0.0,0.0,0.0,0.0,0.0,0.1265274675379187,0.0,0.0,0.16366904257867881,0.3494003117507394,0.0,0.0,0.0,0.0
MB-2128,0.0,0.0,0.0,0.0,0.0,0.0,0.0,0.0,0.0,0.0,0.46634829413018414,0.0,0.0,0.0,0.0,0.0,0.0,0.0,0.0,0.0,0.0,0.0,0.0,0.0,0.0,0.0,0.0,0.0,0.0,0.5336517058698158
MB-7084,0.0,0.0,0.0,0.0,0.0,0.22380428619001375,0.2274208383261891,0.07916676020666483,0.0,0.0,0.0,0.0,0.0,0.10289427831874365,0.0,0.0,0.0,0.0,0.0,0.0,0.0,0.0,0.0,0.0,0.0,0.0,0.15185589307272618,0.0,0.0,0.21485794388566248
MB-3385,0.0,0.0,0.0,0.0,0.0,0.0,0.0,0.0,0.0,0.0,0.19382766328318418,0.0,0.0,0.0,0.0,0.0,0.11371495100697519,0.08539926540971321,0.0,0.0,0.0,0.0,0.09241083703225442,0.0,0.0,0.18845394282002392,0.0,0.25587150141402176,0.07032183903382715,0.0
MB-7255,0.0,0.0,0.0,0.0,0.0,0.0,0.0,0.0,0.0,0.0,0.0,0.0,0.0,0.0,0.0,0.0,0.0,0.0,0.0,0.0,0.0,0.3213485663572036,0.3908836181507903,0.0,0.0,0.0,0.0,0.0,0.2877678154920062,0.0
MB-5785,0.0,0.0,0.0,0.3800094082951722,0.0,0.0,0.3561371490660145,0.0,0.0,0.2638534426388134,0.0,0.0,0.0,0.0,0.0,0.0,0.0,0.0,0.0,0.0,0.0,0.0,0.0,0.0,0.0,0.0,0.0,0.0,0.0,0.0
MB-4857,0.0,0.0,0.11202439512590356,0.0,0.0,0.0,0.0,0.0,0.0,0.0,0.0,0.19213910612290222,0.0,0.0,0.0,0.0,0.0,0.0,0.09457907690244671,0.0,0.0,0.0,0.22391755957921253,0.0,0.377339862269535,0.0,0.0,0.0,0.0,0.0
MB-5416,0.14523088088693295,0.0,0.0,0.0,0.0,0.0,0.0,0.0,0.0,0.0,0.0,0.0,0.05709779355920137,0.0,0.0,0.28833534089551227,0.0,0.0,0.0,0.0,0.0,0.0,0.0,0.16834183934848093,0.0,0.0936921813037113,0.0,0.24730196400616117,0.0,0.0
MB-7796,0.0,0.0,0.0,0.0,0.0,0.0,0.5632864082598493,0.0,0.0,0.0,0.0,0.0,0.0,0.0,0.0,0.0,0.0,0.0,0.0,0.0,0.0,0.0,0.0,0.0,0.0,0.0,0.0,0.0,0.43671359174015073,0.0
MB-5583,0.36252891060484976,0.0,0.0,0.0,0.0,0.0,0.0,0.0,0.0,0.0,0.0,0.0,0.0,0.30241637526598475,0.0,0.1453558255983675,0.0,0.0,0.0,0.0,0.0,0.0,0.0,0.0,0.18969888853079794,0.0,0.0,0.0,0.0,0.0
MB-2227,0.0,0.0,0.35772671829466873,0.24674964354814805,0.0,0.0,0.0,0.0,0.0,0.0,0.0,0.0,0.0,0.095004434830968,0.0,0.0,0.0,0.0,0.0,0.0,0.0,0.0,0.0,0.0,0.3005192033262151,0.0,0.0,0.0,0.0,0.0
MB-9680,0.02742525735837349,0.0,0.0,0.0,0.0,0.0,0.0,0.2573265650461053,0.0,0.0,0.0,0.0,0.0,0.0,0.0,0.07173574948494994,0.1838433180237936,0.0,0.0,0.27514515221406843,0.0,0.0,0.0,0.0,0.18452395787270925,0.0,0.0,0.0,0.0,0.0
MB-4747,0.0,0.22078933479485288,0.09512005786306521,0.07178860467659805,0.0,0.022326794661487473,0.0,0.07284678231654755,0.0,0.0,0.0,0.0,0.0,0.0,0.0059911932889856285,0.06740448773481184,0.0,0.0,0.0,0.12924050209683258,0.0,0.0,0.0,0.0,0.12699353395181065,0.0,0.1874987086150081,0.0,0.0,0.0
MB-9531,0.0,0.0,0.0677220588165238,0.0,0.0,0.0,0.0,0.0,0.23724684436991547,0.1773676366677624,0.0,0.0,0.0,0.10865836486822879,0.0,0.0,0.2527850515506791,0.0,0.0,0.0,0.0,0.0,0.0,0.0,0.0,0.15622004372689038,0.0,0.0,0.0,0.0
MB-2391,0.0,0.0,0.522831372627492,0.0,0.0,0.0,0.0,0.0,0.0,0.0,0.04923931061362681,0.15944954913685777,0.0,0.0,0.26847976762202336,0.0,0.0,0.0,0.0,0.0,0.0,0.0,0.0,0.0,0.0,0.0,0.0,0.0,0.0,0.0
MB-1569,0.0,0.0,0.0,0.0,0.2931148176290058,0.0,0.0,0.0,0.0,0.0,0.0,0.0,0.0,0.0,0.0,0.0,0.0,0.0,0.33378362181768373,0.0,0.0,0.0,0.0,0.0,0.0,0.24718902438501725,0.0,0.0,0.0,0.1259125361682932
MB-3560,0.0,0.0,0.0,0.0,0.0,0.0,0.0,0.0,0.1877060509645913,0.0282435127224195,0.16497236283683542,0.0,0.0,0.0,0.0,0.0,0.0,0.0,0.0,0.1524256940422161,0.0,0.0,0.0,0.12711527218181815,0.0,0.18684336135249616,0.0,0.1526937458996234,0.0,0.0
MB-3508,0.0,0.0,0.0,0.0,0.0,0.0,0.0,0.0,0.0,0.0,0.0,0.0,1.0,0.0,0.0,0.0,0.0,0.0,0.0,0.0,0.0,0.0,0.0,0.0,0.0,0.0,0.0,0.0,0.0,0.0
MB-3520,0.0,0.0,0.0,0.0,0.0,0.0,0.2922812866832011,0.0,0.0,0.02997700420307627,0.21116375486180342,0.0,0.0,0.0,0.0,0.0,0.0,0.07106877990122364,0.0,0.0,0.0,0.09519927463717334,0.0,0.3003098997135223,0.0,0.0,0.0,0.0,0.0,0.0
MB-1906,0.0,0.0,0.0,0.0,0.23565169888978788,0.0,0.0,0.2827737390526125,0.0,0.0,0.2859049918039275,0.0,0.0,0.0,0.0,0.0,0.19566957025367204,0.0,0.0,0.0,0.0,0.0,0.0,0.0,0.0,0.0,0.0,0.0,0.0,0.0
MB-3480,0.0,0.0,0.0,0.0,0.0,0.0,0.0,0.24894693140866128,0.0,0.0,0.0,0.0,0.307871647254278,0.0,0.0,0.25380051289052935,0.0,0.07428584271021342,0.0,0.0,0.0,0.0,0.0,0.0,0.0,0.11509506573631796,0.0,0.0,0.0,0.0
MB-2946,0.0,0.0,0.0,0.0,0.0,0.0,0.0,0.0,0.0,0.0,0.0,0.0,0.0,0.0,0.0,0.0,0.05109050290555484,0.0,0.9489094970944452,0.0,0.0,0.0,0.0,0.0,0.0,0.0,0.0,0.0,0.0,0.0
MB-9049,0.0,0.0,0.0,0.0,0.08006895943656099,0.0,0.0,0.0,0.0,0.0,0.0,0.0,0.0,0.0,0.0,0.0,0.0,0.38950996606322574,0.0,0.07851091605950629,0.0,0.16755059340931172,0.0,0.0,0.2843595650313953,0.0,0.0,0.0,0.0,0.0
MB-8765,0.03525906053692157,0.0029337856147561127,0.0,0.1519615507995419,0.0,0.0,0.0,0.0,0.0,0.0,0.0,0.0,0.031375850658550544,0.0,0.0,0.0,0.13222351477195549,0.0,0.0,0.11241487174697824,0.0,0.0,0.0,0.31161694686494795,0.0,0.0,0.012036050714694713,0.21017836829165354,0.0,0.0
MB-2269,0.0,0.0,0.0,0.0,0.020934419422841632,0.0,0.0,0.0,0.0,0.1548427223218739,0.0,0.0,0.0,0.0,0.0,0.0,0.0,0.0,0.0,0.0,0.0,0.0,0.13189743117378944,0.0,0.2673810007253172,0.4249444263561778,0.0,0.0,0.0,0.0
MB-3021,0.0,0.0,0.0,0.0,0.0,0.0,0.0,0.0,0.0,0.0,0.0,0.0,0.0,0.0,0.0,0.0,0.1546092528079754,0.0,0.0,0.0,0.0,0.0,0.0,0.0,0.146453845585328,0.0,0.0,0.0,0.6989369016066965,0.0
MB-3748,0.0,0.0,0.0,0.0,0.029296848113738738,0.0,0.22897034507187922,0.08518494346610275,0.0,0.0,0.0,0.0,0.0,0.0,0.0,0.0,0.0,0.0,0.0,0.0,0.0,0.0,0.0,0.0,0.6565478633482793,0.0,0.0,0.0,0.0,0.0
MB-8915,0.0,0.0,0.0,0.0,0.0,0.0,0.0,0.0,0.0,0.0,0.0,0.0,0.0,0.0,0.0,0.0,0.0,0.0,0.0,0.0,0.0,0.2827856369819421,0.0,0.0,0.0,0.0,0.06388583630573828,0.1312839127966123,0.24913922809158331,0.27290538582412394
MB-5204,0.09634233373469692,0.0,0.0,0.0,0.0,0.18113996335588287,0.0,0.0,0.0,0.0,0.0,0.27088466898000935,0.0,0.0,0.0,0.0,0.0,0.0,0.0,0.0,0.0,0.0,0.0,0.2537666158101979,0.0,0.0,0.0,0.197866418119213,0.0,0.0
MB-6535,0.0,0.0,0.0,0.3456537211384592,0.0,0.0,0.0,0.0,0.15210745833168657,0.0,0.0,0.0,0.0,0.0,0.0,0.0,0.0,0.0,0.0,0.31710402733256987,0.0,0.11384321688351974,0.0,0.0,0.0,0.0,0.015116751808114167,0.0,0.0,0.0561748245056503
MB-1651,0.0,0.0,0.0,0.0,0.0,0.0,0.1397247320659125,0.0,0.0,0.32573847738845757,0.0,0.0,0.0,0.0,0.0,0.0,0.0,0.0,0.0,0.0,0.0,0.0,0.0,0.0,0.0,0.32892192791851654,0.2056148626271135,0.0,0.0,0.0
MB-2473,0.0,0.0,0.0,0.0,0.0,0.0,0.0,0.0,0.0,0.0,0.0,0.0,0.0,0.0,0.0,0.0,0.0,0.0,0.0,0.0,0.0,0.7125672861686021,0.0,0.0,0.2874327138313978,0.0,0.0,0.0,0.0,0.0
MB-1047,0.0,0.0,0.0,0.0,0.0,0.0,0.0,0.0,0.0,0.0,0.0,0.0,0.0,0.0,0.0,0.0,0.0,0.38397266983674105,0.0,0.2987435747378157,0.0,0.0,0.0,0.0,0.0,0.0,0.0,0.0,0.0,0.3172837554254432
MB-6301,0.0,0.0,0.0,0.0,0.25937821503332176,0.0,0.0,0.0,0.20894017229214057,0.0,0.0,0.0,0.0,0.0,0.0,0.0,0.03408188857181978,0.0,0.13400696569805384,0.0,0.0,0.0,0.0,0.0,0.0,0.0,0.0,0.0,0.253703103658514,0.10988965474615005
MB-8666,0.2634692799737575,0.0,0.0,0.0,0.12501787465290629,0.0,0.0,0.0,0.0,0.0,0.0,0.22062863609273647,0.0,0.0,0.0,0.0,0.23589015427339177,0.0,0.0,0.0,0.0,0.0,0.15499405500720803,0.0,0.0,0.0,0.0,0.0,0.0,0.0
MB-1547,0.0,0.0,0.0,0.0,0.0,0.0,0.0,0.0,0.0,0.0,0.0,0.0,0.0,0.0,0.0,0.0,0.0,0.0,0.0,0.0,0.0,0.0,0.3511925067482281,0.23705813189513533,0.0,0.0,0.0,0.0,0.4117493613566365,0.0
MB-5085,0.0,0.0,0.0,0.0,0.08516294236629049,0.0,0.30653376979737024,0.0,0.0,0.0,0.0,0.0,0.0,0.26410327206738154,0.0,0.0,0.15848342885056563,0.0,0.0,0.0,0.0,0.0,0.0,0.18571658691839202,0.0,0.0,0.0,0.0,0.0,0.0
MB-8850,0.0,0.0,0.0,0.0,0.0,0.0,0.0,0.0,0.0,0.0,0.0,0.0,0.0,0.0,0.0,0.0,0.0,0.18073874895540726,0.26368908040652395,0.0,0.0,0.0,0.5555721706380689,0.0,0.0,0.0,0.0,0.0,0.0,0.0
MB-8041,0.0,0.0,0.0,0.0,0.0,0.12467517116790384,0.0,0.0,0.08869431122293935,0.0,0.0,0.0,0.0,0.0,0.0,0.0,0.0,0.0,0.0,0.5307609489010676,0.0,0.0,0.0,0.0,0.0,0.0,0.0,0.0,0.2558695687080892,0.0
MB-2253,0.0,0.4038587633234295,0.0,0.0,0.0,0.0,0.0,0.0,0.0,0.0,0.0,0.0,0.0,0.3128915057169143,0.0,0.0,0.0,0.0,0.0,0.0,0.0,0.0,0.0,0.0,0.0,0.2832497309596563,0.0,0.0,0.0,0.0
MB-7183,0.0,0.0,0.0,0.0,0.0,0.0,0.0,0.0,0.0,0.0,0.0,0.5759419581581842,0.0,0.0,0.0,0.0,0.0,0.0,0.0,0.0,0.42405804184181584,0.0,0.0,0.0,0.0,0.0,0.0,0.0,0.0,0.0
MB-5309,0.0,0.0,0.0,0.0,0.0,0.0,0.43349996072573577,0.0,0.0,0.0,0.0,0.0,0.0,0.37257441236467637,0.0,0.0,0.0,0.0,0.0,0.0,0.0,0.0,0.0,0.0,0.0,0.0,0.19392562690958787,0.0,0.0,0.0
MB-5090,0.0,0.0,0.0,0.0,0.0,0.0,0.0,0.0,0.0,0.0,0.0,0.0,0.2646168588654694,0.0,0.0,0.0,0.0,0.039549832498843425,0.0,0.0,0.24609165673515815,0.0,0.0,0.0,0.0,0.0,0.0,0.2074087986551095,0.24233285324541953,0.0
MB-6245,0.0,0.0,0.0,0.0,0.0,0.20547081592228802,0.0,0.0,0.0,0.0,0.0,0.0,0.0,0.0,0.0,0.0,0.0,0.0,0.0,0.0,0.0,0.0,0.0,0.794529184077712,0.0,0.0,0.0,0.0,0.0,0.0
MB-8607,0.0,0.11594425674396643,0.0,0.0,0.18059941380408664,0.0,0.13151183803288644,0.09616431928430386,0.0,0.0,0.0,0.0,0.12345258229981285,0.0,0.0,0.0,0.0,0.0,0.0,0.0,0.0,0.0,0.2060781701265414,0.0,0.0,0.0,0.0,0.0,0.0,0.1462494197084024
MB-8419,0.0,0.0,0.0,0.0,0.0,0.2847607852066981,0.0,0.14392390805750604,0.0,0.0,0.0,0.0,0.0,0.0,0.4190223534627049,0.0,0.0,0.0,0.15229295327309095,0.0,0.0,0.0,0.0,0.0,0.0,0.0,0.0,0.0,0.0,0.0
MB-8477,0.0,0.0,0.0,0.0,0.0,0.25530672809164356,0.0,0.0,0.0,0.0,0.0,0.0,0.2675889328658112,0.0,0.0,0.0,0.13719820774592575,0.0,0.0,0.0,0.0,0.0,0.0,0.0,0.0,0.21462753037211846,0.0,0.12527860092450116,0.0,0.0
MB-2488,0.0,0.0,0.0,0.0,0.0,0.0,0.0,0.0,0.0,0.0,0.0,0.0,0.0,0.0,0.0,0.0,0.0,0.0,0.0,0.0,1.0,0.0,0.0,0.0,0.0,0.0,0.0,0.0,0.0,0.0
MB-1979,0.0,0.0,0.0,0.32742452823366436,0.0,0.0,0.0,0.0,0.0,0.0,0.0,0.15460489646174824,0.0,0.0,0.0,0.0,0.37525986128846467,0.0,0.0,0.0,0.0,0.0,0.0,0.0,0.0,0.0,0.0,0.14271071401612279,0.0,0.0
MB-9809,0.0,0.0,0.0,0.0,0.18823491508926032,0.0,0.20836439472285298,0.0,0.0,0.0,0.0,0.0,0.0,0.0,0.0,0.3008407585555694,0.0,0.0,0.0,0.0,0.0,0.0,0.0,0.0,0.0,0.2790055958064016,0.0,0.0,0.023554335825915693,0.0
MB-8224,0.2774537603289561,0.0,0.0,0.0,0.0,0.0,0.0,0.0,0.05121714413437473,0.0,0.1834683761748418,0.0,0.0,0.15004915924380055,0.16516424245882366,0.0,0.0,0.17264731765920327,0.0,0.0,0.0,0.0,0.0,0.0,0.0,0.0,0.0,0.0,0.0,0.0
MB-2562,0.0,0.0,0.0,0.6118151119673084,0.035090745785185236,0.0,0.0,0.0,0.3530941422475064,0.0,0.0,0.0,0.0,0.0,0.0,0.0,0.0,0.0,0.0,0.0,0.0,0.0,0.0,0.0,0.0,0.0,0.0,0.0,0.0,0.0
MB-4764,0.3962813709467305,0.0,0.0,0.0,0.0,0.0,0.0,0.0,0.0,0.0,0.01402936755955981,0.0,0.0,0.0,0.0,0.041994930103726846,0.0,0.33205765310871005,0.03175792486931552,0.0,0.0,0.0,0.0,0.1838787534119573,0.0,0.0,0.0,0.0,0.0,0.0
MB-4703,0.0,0.0,0.0,0.0,0.0,0.0,0.0,0.0,0.0,0.2137076138924936,0.0,0.0,0.36208736583803297,0.0,0.0,0.2694467472949152,0.0,0.0,0.0,0.15475827297455824,0.0,0.0,0.0,0.0,0.0,0.0,0.0,0.0,0.0,0.0
MB-7533,0.0,0.0,0.0,0.0,0.0,0.0,0.0,0.11003455807652283,0.0,0.5076841468102712,0.0,0.0,0.0,0.28566572911108884,0.0,0.0,0.0,0.0,0.0,0.09661556600211703,0.0,0.0,0.0,0.0,0.0,0.0,0.0,0.0,0.0,0.0
MB-4905,0.0,0.0,0.1483786578834824,0.0,0.0,0.0,0.0,0.13069718770923736,0.0,0.0,0.1941521984036081,0.0,0.0,0.0,0.0,0.1106407541923137,0.0,0.0,0.0,0.23527246480644656,0.0,0.0,0.0,0.0,0.0,0.1808587370049119,0.0,0.0,0.0,0.0
MB-1167,0.0,0.1836500706556673,0.03382159772759024,0.0,0.0,0.0,0.0,0.0,0.0,0.0,0.0,0.0,0.0,0.0,0.0,0.13582683334711865,0.0,0.0,0.0,0.0,0.029334259911340862,0.0,0.0,0.3755246112429891,0.0,0.10308066924305354,0.0,0.0,0.0,0.13876195787224038
MB-6116,0.0,0.0,0.0,0.0,0.0,0.0,0.0,0.0,0.0,0.0,0.23508179374284358,0.0,0.0,0.0,0.0,0.0,0.0,0.0,0.0,0.0,0.008923358866113893,0.35002457363031464,0.0,0.0,0.0,0.14485105062450113,0.0,0.0,0.2611192231362268,0.0
MB-1841,0.0,0.0,0.0,0.10011804234379706,0.0,0.0,0.0,0.0,0.0,0.0,0.0,0.0,0.0,0.0,0.0,0.0,0.0,0.3121723417491447,0.2457575220125009,0.0,0.3419520938945574,0.0,0.0,0.0,0.0,0.0,0.0,0.0,0.0,0.0
MB-3773,0.4104312939972375,0.0,0.0,0.0,0.0,0.0,0.0,0.0,0.0,0.0,0.0,0.0,0.0,0.0,0.0,0.0,0.0,0.0,0.45342477464594305,0.0,0.0,0.0,0.0,0.0,0.0,0.0,0.1361439313568195,0.0,0.0,0.0
MB-9477,0.0,0.025983706066254265,0.0,0.00235157072055487,0.0,0.0,0.0,0.0,0.0,0.0,0.05596065169003061,0.0,0.18659397106620315,0.15267626261931427,0.0,0.0,0.17891520330804894,0.20235661326788823,0.0,0.19516202126170565,0.0,0.0,0.0,0.0,0.0,0.0,0.0,0.0,0.0,0.0
MB-8893,0.38987198312220384,0.039948839300681396,0.0,0.0,0.0,0.0,0.023497353637023353,0.0,0.0,0.0,0.0,0.0,0.0,0.26381913273200974,0.0,0.0,0.0,0.0,0.0,0.0,0.0,0.0,0.0,0.0,0.0,0.0,0.0,0.0,0.2828626912080817,0.0
MB-9033,0.0,0.0,0.0,0.0,0.0,0.0,0.0,0.0,0.0,0.0,0.25909661419027913,0.0,0.0,0.0,0.0,0.0,0.0,0.0,0.0,0.0,0.0,0.0,0.0,0.0,0.0,0.0,0.0,0.0,0.7409033858097208,0.0
MB-7083,0.0,0.0,0.0,0.0,0.47004763589194487,0.0,0.0,0.0,0.5299523641080551,0.0,0.0,0.0,0.0,0.0,0.0,0.0,0.0,0.0,0.0,0.0,0.0,0.0,0.0,0.0,0.0,0.0,0.0,0.0,0.0,0.0
MB-6691,0.0,0.0,0.0,0.0,0.0,0.0,0.0,0.0,0.0,0.5528536707116247,0.0,0.4471463292883752,0.0,0.0,0.0,0.0,0.0,0.0,0.0,0.0,0.0,0.0,0.0,0.0,0.0,0.0,0.0,0.0,0.0,0.0
MB-6042,0.0,0.0,0.0,0.0,0.0,0.4888483257712877,0.0,0.0,0.0,0.0,0.0,0.0,0.0,0.0,0.0,0.0,0.16248032127100093,0.15184804377391337,0.19682330918379795,0.0,0.0,0.0,0.0,0.0,0.0,0.0,0.0,0.0,0.0,0.0
MB-5592,0.0,0.0,0.0,0.2635103785582591,0.0,0.0,0.0,0.0,0.0,0.33283492286292937,0.0,0.0,0.34342295579654913,0.0,0.0,0.0,0.0,0.0,0.0,0.0,0.0,0.0,0.0,0.0,0.0,0.060231742782262364,0.0,0.0,0.0,0.0
MB-4180,0.0,0.0,0.0,0.0,0.0,1.0,0.0,0.0,0.0,0.0,0.0,0.0,0.0,0.0,0.0,0.0,0.0,0.0,0.0,0.0,0.0,0.0,0.0,0.0,0.0,0.0,0.0,0.0,0.0,0.0
MB-4152,0.0,0.0,0.07319105315212097,0.0,0.0,0.0,0.0,0.0,0.0,0.0,0.0,0.09035721318826742,0.0,0.0,0.0,0.20033081036934272,0.0,0.0,0.0,0.3373031272649864,0.0,0.0,0.0,0.29881779602528247,0.0,0.0,0.0,0.0,0.0,0.0
MB-3344,0.0,0.0,0.0,0.0,0.0,0.052661724054059576,0.0,0.0,0.0,0.0,0.0,0.0,0.0,0.0,0.0,0.0,0.0,0.0,0.0,0.6012133638323027,0.0,0.3461249121136377,0.0,0.0,0.0,0.0,0.0,0.0,0.0,0.0
MB-3643,0.0,0.0,0.0,0.0,0.0,0.0,0.0,0.0,0.2423336452818383,0.31220480179526294,0.0,0.0,0.0,0.0,0.2904465873545543,0.0,0.0,0.0,0.0,0.0,0.0,0.0,0.0,0.0,0.0,0.0,0.0,0.0,0.0,0.15501496556834454
MB-3731,0.0,0.0,0.0,0.4286150562236092,0.0,0.0,0.0,0.0,0.4966819480312088,0.0,0.0,0.0,0.0,0.0,0.0,0.0,0.0,0.0,0.0,0.0,0.07470299574518201,0.0,0.0,0.0,0.0,0.0,0.0,0.0,0.0,0.0
MB-3143,0.0,0.0,0.0,0.0,0.0,0.0,0.0,0.0,0.0,0.0,0.07165957953365502,0.0,0.41847697147921564,0.0,0.0,0.0,0.0,0.0,0.0,0.0,0.0,0.5098634489871293,0.0,0.0,0.0,0.0,0.0,0.0,0.0,0.0
MB-1554,0.0,0.0,0.0,0.0,0.0,0.0,0.0,0.0,0.0,0.0,0.0,0.0,0.0,0.0,0.3852381123392693,0.0,0.24029203467970844,0.047173863660108756,0.0,0.0,0.0,0.0,0.0,0.0693198468127863,0.0,0.0,0.03911359567113898,0.21886254683698825,0.0,0.0
MB-7064,0.0,0.0,0.0,0.0,0.0,0.0,0.0,0.0,0.0,0.0,0.2687707287196853,0.0,0.0,0.0,0.0,0.0,0.3154171839501628,0.0,0.0,0.0,0.0,0.0,0.0,0.0,0.0,0.4158120873301518,0.0,0.0,0.0,0.0
MB-5354,0.0,0.0,0.0,0.22070980315491268,0.0,0.0,0.19534937501056757,0.0,0.06788183396152131,0.0,0.0,0.0,0.0,0.0,0.0,0.19755749205857512,0.0,0.06443804789199734,0.022499958926533312,0.0,0.0,0.0,0.0,0.0,0.0,0.0,0.23156348899589263,0.0,0.0,0.0
MB-5845,0.0,0.0,0.0,0.0,0.0,0.0,0.0,0.12257175858468135,0.0,0.0,0.0,0.2679707408467131,0.0,0.0,0.0,0.0,0.32158477834227456,0.0,0.0,0.0,0.0,0.004940630707715244,0.0,0.0,0.037385311115725336,0.2455467804028904,0.0,0.0,0.0,0.0
MB-5774,0.0,0.1530550291030094,0.0,0.0,0.1415159452997913,0.0,0.0,0.0,0.0,0.0,0.16844662785421927,0.07017001606993556,0.0,0.10285484105020302,0.0,0.0,0.24781831413210054,0.0,0.11613922649074071,0.0,0.0,0.0,0.0,0.0,0.0,0.0,0.0,0.0,0.0,0.0
MB-3037,0.0,0.0,0.0,0.0,0.0,0.0,0.0,0.0,0.0,0.37814111576713205,0.0,0.0,0.0,0.0,0.0,0.0,0.0,0.0,0.0,0.0,0.0,0.0,0.0,0.0,0.0,0.0,0.5308485111487471,0.0,0.09101037308412066,0.0
MB-1191,0.0,0.0,0.0,0.0,0.0,0.0,0.0,0.32344357053351047,0.0,0.0,0.0,0.0,0.0,0.0,0.0,0.0,0.461625707975647,0.0,0.0,0.0,0.0,0.0,0.09263037651438616,0.0,0.0,0.12230034497645637,0.0,0.0,0.0,0.0
MB-2251,0.0,0.0,0.0,0.0,0.0,0.4027134023011192,0.0,0.0,0.0,0.0,0.0,0.0,0.0,0.0,0.0,0.0,0.0,0.0,0.0,0.0,0.0,0.0,0.0,0.0,0.0,0.0,0.0,0.5972865976988807,0.0,0.0
MB-3091,0.0,0.0,0.0,0.0,0.0,0.0,0.0,0.0,0.0,0.0,0.0,0.0,0.0,0.0,0.0,0.0,0.0,0.8448522613238251,0.1551477386761749,0.0,0.0,0.0,0.0,0.0,0.0,0.0,0.0,0.0,0.0,0.0
MB-4867,0.0,0.0,0.0,0.0,0.0,0.0,0.2379081380103261,0.11279493733093093,0.0,0.0,0.0,0.0,0.0,0.0,0.10782800419143682,0.0,0.0,0.0,0.02991048875647875,0.0,0.4756596542077388,0.03589877750308871,0.0,0.0,0.0,0.0,0.0,0.0,0.0,0.0
MB-4150,0.0,0.0,0.07387893879657303,0.0,0.0,0.0,0.0,0.0,0.22965711056534446,0.04135384927965062,0.0,0.0,0.0,0.0,0.2550789810357401,0.0,0.0,0.0,0.05200775278844366,0.0,0.0,0.3480233675342481,0.0,0.0,0.0,0.0,0.0,0.0,0.0,0.0
MB-9631,0.0,0.47724072043223537,0.0,0.1083132921953667,0.0,0.0,0.4144459873723979,0.0,0.0,0.0,0.0,0.0,0.0,0.0,0.0,0.0,0.0,0.0,0.0,0.0,0.0,0.0,0.0,0.0,0.0,0.0,0.0,0.0,0.0,0.0
MB-1817,0.0,0.0,0.0,0.5945080759929143,0.0,0.0,0.0,0.0,0.0,0.0,0.0,0.0,0.0,0.0,0.0,0.0,0.0,0.0,0.0,0.0,0.0,0.0,0.30986053245151557,0.0,0.0,0.0,0.0,0.0,0.09563139155557014,0.0
MB-3909,0.0,0.0,0.0,0.0,0.2005067994660825,0.0,0.0,0.0,0.0,0.0,0.0,0.0,0.50629419891216,0.0,0.0,0.0,0.0,0.0,0.0,0.0,0.2931990016217575,0.0,0.0,0.0,0.0,0.0,0.0,0.0,0.0,0.0
MB-6530,0.0,0.0,0.10437659845880652,0.0,0.05293234525212965,0.0,0.0,0.0,0.0,0.0,0.2938887945059961,0.0,0.0,0.0,0.0,0.0,0.08128733074498101,0.0,0.0,0.0,0.27048626415147636,0.0,0.0,0.0,0.0,0.0,0.19702866688661033,0.0,0.0,0.0
MB-9016,0.0,0.13019776148373144,0.0,0.0,0.0,0.16295308283464802,0.1207434138235938,0.008985303640601282,0.0,0.0,0.1964332701217014,0.0,0.0,0.203205656428193,0.0,0.0,0.0,0.0,0.0,0.0,0.0,0.0,0.0,0.0,0.0,0.0,0.0,0.16152550108617353,0.01595601058135762,0.0
MB-1107,0.0,0.0,0.0,0.0,0.0,0.0,0.0,0.4261672599006167,0.0323834872147605,0.0,0.0,0.10208357564754865,0.0,0.0,0.0,0.0,0.0,0.0,0.0,0.25295242096326503,0.0,0.0,0.0,0.0,0.0,0.0,0.0,0.18641325627380906,0.0,0.0
MB-5796,0.0,0.0,0.0,0.0,0.0,0.0,0.0,0.0,0.0,0.0,0.24299894632977218,0.16542628980231128,0.05249520205981544,0.0,0.0,0.002210200403373955,0.0,0.335120922688432,0.0,0.0,0.0,0.16744945523750784,0.0,0.03429898347878722,0.0,0.0,0.0,0.0,0.0,0.0
MB-4285,0.0,0.0,0.0,0.0,0.0,0.2515027882229632,0.0,0.0,0.0,0.13594105352025826,0.0,0.0,0.0,0.0,0.0,0.0,0.0,0.0,0.0,0.0,0.0,0.0,0.0,0.0,0.0,0.0,0.2981516883734144,0.31440446988336423,0.0,0.0
MB-9156,0.08746319319379783,0.0,0.0,0.01687668632280253,0.0,0.14519734893676572,0.0,0.13421070402261745,0.0,0.011393652072548376,0.0,0.0,0.0,0.06442931978432409,0.0,0.0,0.017983601720433465,0.0,0.0,0.2493421848935682,0.0,0.0,0.0,0.27310330905314245,0.0,0.0,0.0,0.0,0.0,0.0
MB-3595,0.0,0.0,0.0,0.0,0.0,0.0,0.3319219151930617,0.0,0.0,0.0,0.0,0.0,0.0,0.0,0.0,0.0,0.0,0.0,0.0,0.0,0.0,0.33243376517590456,0.0,0.0,0.0,0.0,0.0,0.17049281272600544,0.16515150690502833,0.0
MB-5119,0.0,0.09951900602845262,0.0,0.0,0.0,0.0,0.0,0.0,0.0,0.0,0.0,0.0,0.0,0.0,0.0,0.0,0.0,0.2363127716910509,0.0,0.2726972827393587,0.0,0.0,0.0,0.027199768843885676,0.0,0.0,0.16976328889765463,0.0,0.19450788179959744,0.0
MB-9037,0.0,0.0,0.0,0.0,0.0,0.0,0.0,0.0,0.0,0.0,0.008049316485418654,0.5592115840414638,0.0,0.0,0.0,0.0,0.0,0.0,0.0,0.0,0.0,0.1508386029298285,0.0,0.24071171038550476,0.0,0.0,0.0,0.041188786157784416,0.0,0.0
MB-6807,0.0,0.07120121373343925,0.2681279363523979,0.0,0.0,0.0,0.0,0.0,0.0,0.0,0.0,0.0,0.0,0.0,0.0,0.0,0.0,0.0,0.0,0.0,0.0,0.0,0.0,0.0,0.0,0.08427319193921187,0.3086141192733474,0.0,0.0,0.26778353870160354
MB-5171,0.0,0.01481977683563262,0.0,0.24495406118505822,0.0,0.0,0.14247147921075012,0.0,0.0,0.0,0.0,0.0,0.0,0.0,0.016596123323511874,0.0,0.0,0.0,0.0,0.0,0.0,0.0,0.0,0.0,0.0,0.0,0.29650809925474936,0.0,0.0,0.2846504601902978
MB-9254,0.0,0.0,0.0,0.0,0.0,0.0,0.21494542910271566,0.0,0.0,0.0,0.0,0.22830458210159457,0.0,0.0,0.0,0.0,0.0,0.0,0.0,0.2496019205142192,0.0,0.0,0.0,0.0,0.0,0.0,0.058229212226152606,0.0,0.24891885605531788,0.0
MB-4027,0.0,0.0,0.0,0.0,1.0,0.0,0.0,0.0,0.0,0.0,0.0,0.0,0.0,0.0,0.0,0.0,0.0,0.0,0.0,0.0,0.0,0.0,0.0,0.0,0.0,0.0,0.0,0.0,0.0,0.0
MB-4893,0.0,0.16068535776203247,0.07456482608021867,0.0,0.20961811462204455,0.0,0.0,0.0,0.0,0.0,0.05755251131237274,0.0,0.0,0.008897675582553083,0.06855690943319799,0.0,0.0,0.0,0.0,0.0,0.0,0.0,0.0,0.16998103591674113,0.0,0.18174344337844867,0.0,0.0,0.0,0.06840012591239068
MB-8363,0.0,0.09977787230082986,0.0,0.029529928253125712,0.11273892829842935,0.0,0.0,0.15111588475559873,0.0,0.0,0.16466234347487516,0.0,0.0,0.0,0.0,0.0,0.0,0.0,0.0,0.11051348040186625,0.0,0.1758035470695424,0.0,0.0,0.1558580154457324,0.0,0.0,0.0,0.0,0.0
MB-2256,0.0,0.0,0.0,0.0,0.0,0.0,0.0,0.0,0.0,0.46119885781185277,0.0,0.0,0.0,0.0,0.0,0.0,0.0,0.0,0.0,0.0,0.5388011421881472,0.0,0.0,0.0,0.0,0.0,0.0,0.0,0.0,0.0
MB-6097,0.0,0.0,0.0,0.0,0.0,0.0,0.0,0.2877102632312756,0.0,0.0,0.0,0.0,0.0,0.0,0.0,0.2350248686011896,0.0,0.0,0.0,0.0,0.0,0.0,0.0,0.22831362830027566,0.0,0.0,0.0,0.24895123986725895,0.0,0.0
MB-4954,0.0,0.0,0.0,0.0,0.0,0.0,0.0,0.0,0.0,0.18874326141994496,0.0,0.0,0.0,0.0,0.0,0.0,0.0,0.0,0.0,0.0,0.0,0.0,0.8112567385800551,0.0,0.0,0.0,0.0,0.0,0.0,0.0
MB-1933,0.0,0.0,0.0,0.034228121256596064,0.0,0.0,0.16368413395583076,0.0,0.0,0.2947353005373046,0.0,0.0,0.23717627868465097,0.0,0.0,0.0,0.0,0.0,0.0,0.0,0.0,0.2117378191747589,0.0,0.0,0.0,0.0,0.0,0.0,0.05843834639085861,0.0
MB-6277,0.020026218502012118,0.0,0.0,0.0,0.0,0.0,0.048885708465311706,0.0,0.0,0.0,0.0,0.20416671988554883,0.0,0.0,0.0,0.2646909307143488,0.0,0.0,0.0,0.0,0.0,0.0,0.0,0.0,0.16304407975109977,0.0,0.0,0.0,0.2991863426816788,0.0
MB-7163,0.0,0.0,0.0,0.0,0.0,0.0,0.0,0.0,0.0,0.0,0.0,0.0,0.22034572086263832,0.0,0.0,0.0,0.0,0.0,0.1106956669318492,0.0,0.3045708805276678,0.0,0.0,0.0,0.0,0.0,0.3643877316778447,0.0,0.0,0.0
MB-3105,0.0,0.0,0.0,0.0,0.0,0.0,0.0,0.0,0.0,0.0,0.0,0.0,0.4658219123259129,0.0,0.0,0.03462971350931781,0.0,0.47974651088086256,0.0,0.0,0.0,0.0,0.0,0.0,0.0,0.019801863283906655,0.0,0.0,0.0,0.0
MB-9541,0.0,0.0,0.3124987400654139,0.0,0.0,0.0,0.0,0.28349229753710586,0.0,0.0,0.0,0.0,0.0,0.0,0.0,0.0,0.0,0.0,0.0,0.0,0.0,0.0,0.0,0.4040089623974803,0.0,0.0,0.0,0.0,0.0,0.0
MB-7754,0.0,0.0,0.0,0.0,0.0,0.13981319830034977,0.08590664356378092,0.0,0.0,0.0,0.14108727119365655,0.0,0.0,0.14726348260982622,0.0,0.14859371976654817,0.0,0.0,0.0,0.0,0.0,0.0,0.11803889506005649,0.0,0.0,0.07537124804267167,0.0,0.14392554146311026,0.0,0.0
MB-4913,0.0,0.0,0.0,0.0,0.0,0.0,0.0,0.0,0.0,0.0,0.0,0.0,0.0,0.0,0.0,0.0,0.0,0.0,1.0,0.0,0.0,0.0,0.0,0.0,0.0,0.0,0.0,0.0,0.0,0.0
MB-1524,0.0,0.0,0.0,0.06002944581979013,0.44032138405684346,0.0,0.0,0.0,0.0,0.0,0.0,0.0,0.0,0.0,0.0,0.24203282454539585,0.0,0.13349631962759548,0.0,0.0,0.0,0.12412002595037504,0.0,0.0,0.0,0.0,0.0,0.0,0.0,0.0
MB-9810,0.0,0.3207047455285486,0.0,0.0,0.0,0.0,0.0,0.0,0.0,0.1219862536221357,0.0,0.0,0.0,0.0,0.0,0.34087423476300044,0.0,0.0,0.21643476608631532,0.0,0.0,0.0,0.0,0.0,0.0,0.0,0.0,0.0,0.0,0.0
