Species,Mean_Anthro,Mean_Env,Log2_FoldChange,Classification,Short_Name
s__Aliarcobacter_cryaerophilus,7.030460135135135,2.7214348717948718,1.3692512796006007,Anthro-Biased,Aliarcobacter cryaerophilus
s__GGB33037_SGB127733,5.630303648648649,0.018601282051282052,8.241589560521675,Anthro-Biased,GGB33037 SGB127733
s__Acinetobacter_johnsonii,3.673958378378378,0.23752871794871794,3.951155746083417,Anthro-Biased,Acinetobacter johnsonii
s__Nitrospira_sp_ND1,3.6282606756756755,0.08748717948717949,5.374046590890389,Anthro-Biased,Nitrospira sp ND1
s__GGB40645_SGB64801,2.7612175675675674,0.08009256410256411,5.107474960569067,Anthro-Biased,GGB40645 SGB64801
s__GGB26682_SGB64469,2.545743108108108,0.0008202564102564102,11.597967063615858,Anthro-Biased,GGB26682 SGB64469
s__GGB67319_SGB91067,2.433787972972973,0.15602692307692306,3.963327936459781,Anthro-Biased,GGB67319 SGB91067
s__Flavobacterium_sp_GENT11,1.5373299999999999,1.8901110256410258,-0.29804392195059043,Generalist (Equal),Flavobacterium sp GENT11
s__Nitrosomonas_oligotropha,1.4986824324324324,0.016326153846153844,6.520278542296713,Anthro-Biased,Nitrosomonas oligotropha
s__GGB46263_SGB80728,1.4399194594594593,0.06886589743589742,4.386034627066262,Anthro-Biased,GGB46263 SGB80728
s__Aeromonas_media,1.3290598648648648,0.1578251282051282,3.0739992056943435,Anthro-Biased,Aeromonas media
s__Acidovorax_sp_BoFeN1,1.2683733783783784,0.1790925641025641,2.824195241136017,Anthro-Biased,Acidovorax sp BoFeN1
s__GGB47467_SGB65430,1.1836882432432432,3.522196923076923,-1.5731856043850536,Env-Biased,GGB47467 SGB65430
s__Candidatus_Methylomirabilis_limnetica,1.1667086486486486,0.02036307692307692,5.840275341120676,Anthro-Biased,Candidatus Methylomirabilis limnetica
s__Candidatus_Megaira_endosymbiont_of_Carteria_cerasiformis,1.0968333783783784,0.19920871794871794,2.4609857632108216,Anthro-Biased,Candidatus Megaira endosymbiont of Carteria cerasiformis
s__GGB23780_SGB65296,1.0324510810810812,0.029634615384615388,5.122598998128152,Anthro-Biased,GGB23780 SGB65296
s__Fluviibacter_phosphoraccumulans,1.0197627027027028,1.987164871794872,-0.9624774086412304,Generalist (Equal),Fluviibacter phosphoraccumulans
s__GGB44695_SGB62151,0.8427347297297297,0.0011166666666666666,9.55844650023821,Anthro-Biased,GGB44695 SGB62151
s__GGB96171_SGB133887,0.833896081081081,0.0013753846153846153,9.2428418566756,Anthro-Biased,GGB96171 SGB133887
s__GGB25734_SGB37713,0.792842972972973,0.0007717948717948718,10.002735744035707,Anthro-Biased,GGB25734 SGB37713
s__GGB75744_SGB102634,0.7798348648648649,0.0005058974358974359,10.587260924681738,Anthro-Biased,GGB75744 SGB102634
s__Flavobacterium_sp_HXWNR29,0.726995945945946,0.003986666666666667,7.510260674939254,Anthro-Biased,Flavobacterium sp HXWNR29
s__GGB63067_SGB85311,0.7118327027027027,0.0267625641025641,4.733198083242635,Anthro-Biased,GGB63067 SGB85311
s__GGB75334_SGB102785,0.7031890540540541,0.003592564102564103,7.612355433557917,Anthro-Biased,GGB75334 SGB102785
s__Acinetobacter_bohemicus,0.645105945945946,0.01075076923076923,5.906892367034405,Anthro-Biased,Acinetobacter bohemicus
s__Acinetobacter_sp_ANC_4805,0.6432091891891892,0.17161615384615386,1.9060964972502228,Anthro-Biased,Acinetobacter sp ANC 4805
s__Eubacterium_rectale,0.5648144594594594,0.04531076923076923,3.6398218487546083,Anthro-Biased,Eubacterium rectale
s__GGB41707_SGB58791,0.5162218918918919,0.0012115384615384616,8.733819798806255,Anthro-Biased,GGB41707 SGB58791
s__GGB57281_SGB78792,0.48593662162162166,0.047793333333333334,3.3458596488245886,Anthro-Biased,GGB57281 SGB78792
s__GGB44435_SGB61857,0.48278229729729727,0.02830923076923077,4.091980350036784,Anthro-Biased,GGB44435 SGB61857
s__Phocaeicola_vulgatus,0.42683472972972974,0.20342051282051282,1.0692086875649065,Anthro-Biased,Phocaeicola vulgatus
s__GGB75354_SGB102763,0.40064540540540544,0.0021876923076923076,7.516116571897307,Anthro-Biased,GGB75354 SGB102763
s__Arcobacter_acticola,0.38583837837837837,0.010365641025641026,5.217979974538642,Anthro-Biased,Arcobacter acticola
s__Bacteroides_graminisolvens,0.37700689189189185,0.13930871794871796,1.436298822912865,Anthro-Biased,Bacteroides graminisolvens
s__Segatella_copri,0.3769158108108108,0.04007538461538462,3.2334218712510365,Anthro-Biased,Segatella copri
s__GGB92736_SGB128655,0.37450743243243245,0.0006507692307692308,9.166421241625471,Anthro-Biased,GGB92736 SGB128655
s__Acidovorax_temperans,0.3704794594594594,0.4416658974358974,-0.2535612562995508,Generalist (Equal),Acidovorax temperans
s__Bacteroides_uniformis,0.33876256756756756,0.07054435897435897,2.2636556486391415,Anthro-Biased,Bacteroides uniformis
s__GGB46510_SGB64371,0.2637751351351351,0.47333923076923073,-0.8435635025673214,Generalist (Equal),GGB46510 SGB64371
s__GGB75646_SGB103098,0.2618058108108108,0.0015805128205128205,7.371053567651993,Anthro-Biased,GGB75646 SGB103098
s__Candidatus_Nitrospira_nitrificans,0.233092027027027,0.002737948717948718,6.411139782354802,Anthro-Biased,Candidatus Nitrospira nitrificans
s__Ornithinibacter_SGB87564,0.22130108108108104,0.0779871794871795,1.5046896387747462,Anthro-Biased,Ornithinibacter SGB87564
s__Trichococcus_flocculiformis,0.21165202702702704,0.07743461538461538,1.4506319512763348,Anthro-Biased,Trichococcus flocculiformis
s__Simplicispira_SGB61893,0.20543770270270273,0.2579805128205128,-0.32855968725153445,Generalist (Equal),Simplicispira SGB61893
s__Simplicispira_metamorpha,0.20184972972972973,0.002717179487179487,6.214504268750096,Anthro-Biased,Simplicispira metamorpha
s__GGB46509_SGB64370,0.2017194594594595,0.0524874358974359,1.9422859040020082,Anthro-Biased,GGB46509 SGB64370
s__Zoogloea_ramigera,0.1982977027027027,0.023281538461538458,3.090354972398187,Anthro-Biased,Zoogloea ramigera
s__GGB42821_SGB60031,0.19475689189189188,0.001644871794871795,6.8866860180327425,Anthro-Biased,GGB42821 SGB60031
s__Cloacibacterium_caeni,0.18837324324324323,0.5400610256410256,-1.5195233929388499,Env-Biased,Cloacibacterium caeni
s__GGB24669_SGB36543,0.1765545945945946,0.2231471794871795,-0.3378794995466394,Generalist (Equal),GGB24669 SGB36543
s__Nitrospira_lenta,0.1745545945945946,0.005727948717948718,4.9292723628053245,Anthro-Biased,Nitrospira lenta
s__Alistipes_putredinis,0.173105,0.01663076923076923,3.3796421797294434,Anthro-Biased,Alistipes putredinis
s__beta_proteobacterium_CB,0.17257621621621622,0.47410641025641026,-1.457971931113618,Env-Biased,beta proteobacterium CB
s__GGB44257_SGB103370,0.16280824324324322,0.001113076923076923,7.191189949371572,Anthro-Biased,GGB44257 SGB103370
s__Faecalibacterium_prausnitzii,0.15147027027027027,0.0031569230769230767,5.583924342425527,Anthro-Biased,Faecalibacterium prausnitzii
s__Rhizobacter_SGB88459,0.14958,0.002085128205128205,6.163955300506935,Anthro-Biased,Rhizobacter SGB88459
s__GGB56729_SGB91086,0.1488668918918919,0.002424102564102564,5.939843050015445,Anthro-Biased,GGB56729 SGB91086
s__GGB75612_SGB103140,0.1381118918918919,0.010208461538461538,3.7578693080317125,Anthro-Biased,GGB75612 SGB103140
s__GGB69498_SGB93685,0.1351004054054054,0.2983874358974359,-1.1431489422302668,Env-Biased,GGB69498 SGB93685
s__Arcobacter_suis,0.12945108108108108,0.013583589743589744,3.2523752565459545,Anthro-Biased,Arcobacter suis
s__Flavobacterium_succinicans,0.12857837837837838,0.0003635897435897436,8.462169588811394,Anthro-Biased,Flavobacterium succinicans
s__Sphaerotilus_montanus,0.1149368918918919,0.05652410256410256,1.0238908838100853,Anthro-Biased,Sphaerotilus montanus
s__Erythrobacter_ramosus,0.11316054054054053,0.00138,6.356526592491009,Anthro-Biased,Erythrobacter ramosus
s__Moraxella_osloensis,0.11250851351351351,0.006569487179487179,4.097902841446638,Anthro-Biased,Moraxella osloensis
s__GGB41936_SGB59041,0.10772135135135134,0.013267179487179486,3.0212752875358033,Anthro-Biased,GGB41936 SGB59041
s__Aquaspirillum_sp_LM1,0.10500918918918918,0.01743794871794872,2.590144343033128,Anthro-Biased,Aquaspirillum sp LM1
s__Methanothrix_soehngenii,0.10472189189189189,0.019224615384615385,2.4454751598895803,Anthro-Biased,Methanothrix soehngenii
s__Macellibacteroides_fermentans,0.10314418918918919,0.035454358974358974,1.5406009256129842,Anthro-Biased,Macellibacteroides fermentans
s__Acinetobacter_sp_ANC_4218,0.1025218918918919,0.00017692307692307693,9.170476720760398,Anthro-Biased,Acinetobacter sp ANC 4218
s__Flavobacterium_sp_9R,0.1017095945945946,0.11387615384615386,-0.1630083770035028,Generalist (Equal),Flavobacterium sp 9R
s__GGB42125_SGB59267,0.10087337837837837,0.03984948717948718,1.3398905165149266,Anthro-Biased,GGB42125 SGB59267
s__GGB44499_SGB61930,0.09909594594594595,0.01896897435897436,2.385122867180569,Anthro-Biased,GGB44499 SGB61930
s__Polymorphobacter_arshaanensis,0.09682162162162161,0.0012330769230769231,6.293839928753473,Anthro-Biased,Polymorphobacter arshaanensis
s__GGB26683_SGB103556,0.09653837837837838,0.0019294871794871794,5.644080658854592,Anthro-Biased,GGB26683 SGB103556
s__Roseburia_faecis,0.09607378378378378,0.0034853846153846155,4.784354184096872,Anthro-Biased,Roseburia faecis
s__Phocaeicola_dorei,0.09588567567567567,0.033102051282051285,1.5343661496554035,Anthro-Biased,Phocaeicola dorei
s__GGB46571_SGB64436,0.092485,0.0033753846153846156,4.775683834471542,Anthro-Biased,GGB46571 SGB64436
s__GGB2275_SGB136518,0.0923472972972973,0.021755384615384614,2.085646525776018,Anthro-Biased,GGB2275 SGB136518
s__GGB24768_SGB36661,0.0923204054054054,0.003343846153846154,4.786653425478463,Anthro-Biased,GGB24768 SGB36661
s__GGB54260_SGB75478,0.09042472972972973,0.0001753846153846154,9.001864793492476,Anthro-Biased,GGB54260 SGB75478
s__GGB42821_SGB52415,0.08141635135135136,0.002023846153846154,5.329452086366474,Anthro-Biased,GGB42821 SGB52415
s__Bacteroides_ovatus,0.08094202702702703,0.009014615384615385,3.166408927406393,Anthro-Biased,Bacteroides ovatus
s__Alistipes_onderdonkii,0.08048081081081082,0.004095128205128205,4.29632998939623,Anthro-Biased,Alistipes onderdonkii
s__Caedimonas_varicaedens,0.07673094594594594,0.014391538461538463,2.4145062749487365,Anthro-Biased,Caedimonas varicaedens
s__GGB24373_SGB36211,0.07490864864864864,0.03805205128205128,0.9771394144818389,Generalist (Equal),GGB24373 SGB36211
s__GGB44404_SGB88286,0.07385067567567567,0.01717846153846154,2.103945837426033,Anthro-Biased,GGB44404 SGB88286
s__GGB44548_SGB61987,0.07369824324324324,0.3455066666666667,-2.228996013088475,Env-Biased,GGB44548 SGB61987
s__Moraxellaceae_bacterium_AER2_44_116,0.07256054054054055,0.02956897435897436,1.2950720933271,Anthro-Biased,Moraxellaceae bacterium AER2 44 116
s__Candidatus_Saccharibacteria_bacterium_CAG1,0.07001635135135136,0.0033866666666666667,4.369348656726596,Anthro-Biased,Candidatus Saccharibacteria bacterium CAG1
s__Bacteroides_stercoris,0.06909337837837838,0.008830000000000001,2.96791961621208,Anthro-Biased,Bacteroides stercoris
s__GGB67134_SGB90850,0.06865567567567568,0.29506076923076924,-2.1035450952854102,Env-Biased,GGB67134 SGB90850
s__GGB24874_SGB36777,0.06809040540540541,0.016666153846153848,2.03046494606127,Anthro-Biased,GGB24874 SGB36777
s__GGB75522_SGB103289,0.0650118918918919,0.0005684615384615384,6.834983613727159,Anthro-Biased,GGB75522 SGB103289
s__Polynucleobacter_yangtzensis,0.06227067567567568,0.815993076923077,-3.7119106736108773,Env-Biased,Polynucleobacter yangtzensis
s__GGB57008_SGB103561,0.062225270270270264,0.0006030769230769231,6.68664769222101,Anthro-Biased,GGB57008 SGB103561
s__Aeromonas_salmonicida,0.061990810810810815,0.0009882051282051282,5.969664117274303,Anthro-Biased,Aeromonas salmonicida
s__Parabacteroides_distasonis,0.06145175675675676,0.021327692307692308,1.5266822163071003,Anthro-Biased,Parabacteroides distasonis
s__Polynucleobacter_sp_30F_ANTBAC,0.06128432432432432,0.034504615384615384,0.8287104779363565,Generalist (Equal),Polynucleobacter sp 30F ANTBAC
s__Akkermansia_muciniphila,0.061125270270270274,0.017183333333333335,1.8306986577423556,Anthro-Biased,Akkermansia muciniphila
s__GGB75167_SGB103639,0.05835364864864865,0.0336374358974359,0.7947369630324067,Generalist (Equal),GGB75167 SGB103639
s__Phascolarctobacterium_faecium,0.058155,0.004724102564102564,3.621510493114664,Anthro-Biased,Phascolarctobacterium faecium
s__GGB46504_SGB64365,0.057548108108108106,0.007033333333333333,3.0323079635997665,Anthro-Biased,GGB46504 SGB64365
s__Bacteroides_caccae,0.057042432432432434,0.008121282051282052,2.8121037628945964,Anthro-Biased,Bacteroides caccae
s__Aliarcobacter_butzleri,0.05664121621621621,0.02188205128205128,1.372063798669827,Anthro-Biased,Aliarcobacter butzleri
s__Phocaeicola_paurosaccharolyticus,0.0544831081081081,0.002905641025641026,4.22841067415565,Anthro-Biased,Phocaeicola paurosaccharolyticus
s__Arcobacter_caeni,0.053555135135135136,0.008027179487179487,2.7379070759809636,Anthro-Biased,Arcobacter caeni
s__Blautia_wexlerae,0.05267486486486486,0.06220923076923077,-0.24000976165437946,Generalist (Equal),Blautia wexlerae
s__GGB6613_SGB9347,0.05164837837837838,6.974358974358975e-05,9.511935842821991,Anthro-Biased,GGB6613 SGB9347
s__Ferribacterium_limneticum,0.0506831081081081,0.0017846153846153845,4.827040196730932,Anthro-Biased,Ferribacterium limneticum
s__GGB54287_SGB75505,0.050516216216216214,0.024454358974358974,1.0466244988688616,Anthro-Biased,GGB54287 SGB75505
s__Lachnospira_eligens,0.04980351351351351,0.00015717948717948718,8.29857015934275,Anthro-Biased,Lachnospira eligens
s__GGB63102_SGB85356,0.04803067567567567,0.0001358974358974359,8.454746905340368,Anthro-Biased,GGB63102 SGB85356
s__GGB67324_SGB91072,0.04720081081081081,0.0010125641025641025,5.541332967368082,Anthro-Biased,GGB67324 SGB91072
s__Bacteroides_xylanisolvens,0.04685959459459459,0.0038710256410256407,3.59721484861537,Anthro-Biased,Bacteroides xylanisolvens
s__Bacteroides_eggerthii,0.046065810810810806,0.0008107692307692308,5.826514256617387,Anthro-Biased,Bacteroides eggerthii
s__GGB43468_SGB60787,0.04390310810810811,0.024422820512820513,0.84606704653922,Generalist (Equal),GGB43468 SGB60787
s__Sulfurisoma_sediminicola,0.042659054054054055,0.0032764102564102567,3.702257612155514,Anthro-Biased,Sulfurisoma sediminicola
s__GGB32253_SGB56808,0.042293243243243246,0.164845641025641,-1.962591276815039,Env-Biased,GGB32253 SGB56808
s__Comamonas_denitrificans,0.041995540540540534,0.07849820512820513,-0.9024075545800908,Generalist (Equal),Comamonas denitrificans
s__Aquirufa_antheringensis,0.03960256756756757,1.146653076923077,-4.855656016951483,Env-Biased,Aquirufa antheringensis
s__Polynucleobacter_sp_78F_HAINBA,0.03935418918918919,0.08693641025641026,-1.1434232451704445,Env-Biased,Polynucleobacter sp 78F HAINBA
s__GGB35331_SGB62019,0.03929243243243243,0.571124358974359,-3.861447340849707,Env-Biased,GGB35331 SGB62019
s__Dialister_invisus,0.038670135135135134,0.002313076923076923,4.062748385756265,Anthro-Biased,Dialister invisus
s__Ruminococcus_bromii,0.03864459459459459,0.0029915384615384613,3.6908622688616815,Anthro-Biased,Ruminococcus bromii
s__GGB61782_SGB83906,0.038542972972972975,0.007734358974358975,2.316965137665598,Anthro-Biased,GGB61782 SGB83906
s__GGB70913_SGB95372,0.038440675675675676,0.3977546153846154,-3.37113916841457,Env-Biased,GGB70913 SGB95372
s__GGB6612_SGB9346,0.037885945945945944,0.00018692307692307693,7.655414798791694,Anthro-Biased,GGB6612 SGB9346
s__Deefgea_tanakiae,0.03779094594594594,0.0028153846153846154,3.7461625343047773,Anthro-Biased,Deefgea tanakiae
s__Bacteroides_thetaiotaomicron,0.03771310810810811,0.0033266666666666666,3.5025214777297458,Anthro-Biased,Bacteroides thetaiotaomicron
s__Gemmiger_formicilis,0.03716756756756757,0.014116153846153846,1.396633832773872,Anthro-Biased,Gemmiger formicilis
s__Uruburuella_suis,0.036453648648648654,0.03794333333333333,-0.057781650522143096,Generalist (Equal),Uruburuella suis
s__GGB39817_SGB99175,0.03636121621621621,0.0052525641025641025,2.791071724449928,Anthro-Biased,GGB39817 SGB99175
s__Phocaeicola_massiliensis,0.035639189189189194,0.00795025641025641,2.164250245539406,Anthro-Biased,Phocaeicola massiliensis
s__Gemmatimonas_groenlandica,0.0353672972972973,6.897435897435898e-05,8.981414685536457,Anthro-Biased,Gemmatimonas groenlandica
s__Rhodocyclaceae_bacterium,0.03439824324324324,0.07292794871794872,-1.0841147704650707,Env-Biased,Rhodocyclaceae bacterium
s__Dorea_longicatena,0.03438189189189189,0.001187948717948718,4.853932497935968,Anthro-Biased,Dorea longicatena
s__Flavobacterium_sasangense,0.03417459459459459,0.06280692307692308,-0.8779801249225317,Generalist (Equal),Flavobacterium sasangense
s__GGB75193_SGB103433,0.0339804054054054,0.007324615384615385,2.2137236582357107,Anthro-Biased,GGB75193 SGB103433
s__GGB44099_SGB61482,0.033609594594594595,0.014992564102564101,1.1645726997407766,Anthro-Biased,GGB44099 SGB61482
s__GGB45937_SGB63667,0.033110405405405406,9.743589743589744e-06,11.589636411580702,Anthro-Biased,GGB45937 SGB63667
s__Bacteroides_fragilis,0.03303621621621622,0.0005994871794871796,5.781814872749574,Anthro-Biased,Bacteroides fragilis
s__Mediterraneibacter_faecis,0.03268486486486486,0.01010051282051282,1.694095501522281,Anthro-Biased,Mediterraneibacter faecis
s__Aquella_oligotrophica,0.03112364864864865,0.003475897435897436,3.1621851362584903,Anthro-Biased,Aquella oligotrophica
s__GGB41789_SGB58882,0.030741081081081083,0.0011556410256410255,4.732201746254721,Anthro-Biased,GGB41789 SGB58882
s__Tolumonas_auensis,0.030530135135135136,0.032873333333333324,-0.10668040858083289,Generalist (Equal),Tolumonas auensis
s__Undibacterium_amnicola,0.030381351351351348,0.0014705128205128204,4.367861510350633,Anthro-Biased,Undibacterium amnicola
s__Prevotella_paludivivens,0.02963891891891892,0.0004882051282051282,5.920958163552153,Anthro-Biased,Prevotella paludivivens
s__GGB75672_SGB103056,0.029601351351351352,0.034023589743589745,-0.20086599087439197,Generalist (Equal),GGB75672 SGB103056
s__Flavobacterium_oncorhynchi,0.029437972972972973,1.822068717948718,-5.951707010404714,Env-Biased,Flavobacterium oncorhynchi
s__Sphingorhabdus_lacus,0.028811081081081078,0.04687820512820513,-0.7022742386537429,Generalist (Equal),Sphingorhabdus lacus
s__GGB67138_SGB90854,0.028204054054054052,0.18155102564102565,-2.6863574199581755,Env-Biased,GGB67138 SGB90854
s__Acinetobacter_parvus,0.027537432432432434,0.024705897435897437,0.15653258354143654,Generalist (Equal),Acinetobacter parvus
s__Aeromonas_caviae,0.025681351351351352,0.058112307692307685,-1.178091277634355,Env-Biased,Aeromonas caviae
s__GGB15004_SGB62020,0.025673783783783787,7.948717948717949e-06,11.48638349936377,Anthro-Biased,GGB15004 SGB62020
s__Alistipes_finegoldii,0.02550972972972973,0.001602051282051282,3.9922116840024438,Anthro-Biased,Alistipes finegoldii
s__GGB75341_SGB102802,0.025478783783783786,2.282051282051282e-05,10.062932847261155,Anthro-Biased,GGB75341 SGB102802
s__Eubacterium_siraeum,0.02543527027027027,0.003415897435897436,2.8961282946859486,Anthro-Biased,Eubacterium siraeum
s__Prevotella_herbatica,0.025392972972972973,0.001144871794871795,4.469968583932919,Anthro-Biased,Prevotella herbatica
s__Parabacteroides_merdae,0.024879729729729728,0.0031325641025641026,2.989152387649939,Anthro-Biased,Parabacteroides merdae
s__GGB75636_SGB103039,0.02465202702702703,0.04542307692307693,-0.8816923982100545,Generalist (Equal),GGB75636 SGB103039
s__Candidatus_Rhabdochlamydia_sp_T3358,0.024196891891891892,0.0009679487179487179,4.642317243516459,Anthro-Biased,Candidatus Rhabdochlamydia sp T3358
s__GGB44368_SGB61783,0.023840675675675677,0.0025528205128205125,3.222756598507435,Anthro-Biased,GGB44368 SGB61783
s__GGB75267_SGB103593,0.023804864864864866,0.002177692307692308,3.4497826757733248,Anthro-Biased,GGB75267 SGB103593
s__Acidovorax_SGB22469,0.023417162162162164,6.410256410256411e-06,11.625816774688948,Anthro-Biased,Acidovorax SGB22469
s__Blautia_obeum,0.023250945945945945,0.005215897435897436,2.1560874844367963,Anthro-Biased,Blautia obeum
s__Fusicatenibacter_saccharivorans,0.023121216216216215,0.02205871794871795,0.06786533874987528,Generalist (Equal),Fusicatenibacter saccharivorans
s__Flavobacterium_sp_GENT5,0.022292702702702706,1.0337728205128205,-5.535140512607426,Env-Biased,Flavobacterium sp GENT5
s__GGB44448_SGB61872,0.02199608108108108,0.00014487179487179485,7.236467329683467,Anthro-Biased,GGB44448 SGB61872
s__Acidovorax_sp_KKS102,0.02193135135135135,0.007253589743589743,1.5960945551381012,Anthro-Biased,Acidovorax sp KKS102
s__Candidatus_Cibionibacter_quicibialis,0.02135864864864865,0.01816076923076923,0.23398316611903092,Generalist (Equal),Candidatus Cibionibacter quicibialis
s__Zoogloea_sp_1C4,0.021255405405405405,0.0035133333333333336,2.5965747064155136,Anthro-Biased,Zoogloea sp 1C4
s__Klebsiella_huaxiensis,0.020278513513513514,0.0012061538461538462,4.07034158614843,Anthro-Biased,Klebsiella huaxiensis
s__Thauera_terpenica,0.01988121621621622,0.0003923076923076923,5.659676366134158,Anthro-Biased,Thauera terpenica
s__Escherichia_coli,0.019521756756756756,0.007345641025641026,1.410000098483985,Anthro-Biased,Escherichia coli
s__GGB44854_SGB62331,0.019498243243243243,0.002595641025641026,2.908699648141119,Anthro-Biased,GGB44854 SGB62331
s__GGB44498_SGB103071,0.01943608108108108,2.794871794871795e-05,9.391096409440923,Anthro-Biased,GGB44498 SGB103071
s__Lactococcus_lactis,0.019314054054054054,0.00013974358974358974,7.100512689460083,Anthro-Biased,Lactococcus lactis
s__GGB4962_SGB6925,0.019073513513513513,0.0010079487179487179,4.240721509018854,Anthro-Biased,GGB4962 SGB6925
s__Bacteroides_cellulosilyticus,0.018930405405405405,0.0022274358974358976,3.0866781494643907,Anthro-Biased,Bacteroides cellulosilyticus
s__Blautia_massiliensis,0.018879864864864867,0.010105897435897435,0.9015846569139602,Generalist (Equal),Blautia massiliensis
s__Collinsella_aerofaciens,0.018533243243243246,0.00746974358974359,1.3108694589856913,Anthro-Biased,Collinsella aerofaciens
s__GGB43049_SGB60289,0.017706216216216215,0.09561358974358974,-2.432893353336279,Env-Biased,GGB43049 SGB60289
s__Blautia_faecis,0.017670675675675672,0.0031017948717948717,2.5097986191583126,Anthro-Biased,Blautia faecis
s__Flavobacterium_solisilvae,0.017587972972972977,0.0001576923076923077,6.79229523754423,Anthro-Biased,Flavobacterium solisilvae
s__Giesbergeria_anulus,0.01735837837837838,0.006554615384615385,1.4049121675900256,Anthro-Biased,Giesbergeria anulus
s__Diaphorobacter_SGB61891,0.017209324324324326,0.010749487179487179,0.6788722450054547,Generalist (Equal),Diaphorobacter SGB61891
s__GGB46575_SGB64440,0.017014864864864865,0.05858333333333333,-1.7836344286421555,Env-Biased,GGB46575 SGB64440
s__GGB75638_SGB102999,0.01671608108108108,0.03465384615384615,-1.051734148988965,Env-Biased,GGB75638 SGB102999
s__Aeromonas_veronii,0.016624864864864863,0.003995641025641025,2.0565694882233068,Anthro-Biased,Aeromonas veronii
s__Faecalibacillus_intestinalis,0.016389864864864864,0.001103076923076923,3.8919793843705253,Anthro-Biased,Faecalibacillus intestinalis
s__Candidatus_Accumulibacter_phosphatis,0.01637445945945946,0.00807948717948718,1.0190212040445392,Anthro-Biased,Candidatus Accumulibacter phosphatis
s__GGB75170_SGB103651,0.01617054054054054,0.0010461538461538462,3.948911798638265,Anthro-Biased,GGB75170 SGB103651
s__GGB32865_SGB61406,0.016014594594594592,0.1083779487179487,-2.758535292397126,Env-Biased,GGB32865 SGB61406
s__GGB40481_SGB57069,0.015695,0.04630615384615385,-1.5608381414401942,Env-Biased,GGB40481 SGB57069
s__Psychrobacter_faecalis,0.01513364864864865,0.001721025641025641,3.135676653552792,Anthro-Biased,Psychrobacter faecalis
s__Megamonas_funiformis,0.014689999999999998,0.026855128205128205,-0.8703187273863799,Generalist (Equal),Megamonas funiformis
s__GGB44798_SGB62263,0.014682162162162164,0.03312128205128205,-1.1736393746406588,Env-Biased,GGB44798 SGB62263
s__Acidovorax_sp_1608163,0.01452054054054054,0.004851538461538461,1.5813829590397472,Anthro-Biased,Acidovorax sp 1608163
s__Thermomonas_beijingensis,0.01429864864864865,0.15322205128205127,-3.4215817518292777,Env-Biased,Thermomonas beijingensis
s__GGB75380_SGB103363,0.013957567567567566,9.76923076923077e-05,7.143997541942212,Anthro-Biased,GGB75380 SGB103363
s__Dechloromonas_sp_H13,0.013900135135135135,0.0009825641025641026,3.821039803316843,Anthro-Biased,Dechloromonas sp H13
s__Trichococcus_shcherbakoviae,0.013615810810810812,0.0001469230769230769,6.524397900089155,Anthro-Biased,Trichococcus shcherbakoviae
s__Segatella_sinensis,0.013548378378378379,0.0005623076923076922,4.5881596819775226,Anthro-Biased,Segatella sinensis
s__GGB75611_SGB103138,0.013491621621621623,0.05565307692307692,-2.044316683911041,Env-Biased,GGB75611 SGB103138
s__Sulfurospirillum_sp_UCH001,0.013288783783783783,0.0045017948717948715,1.5614249718542734,Anthro-Biased,Sulfurospirillum sp UCH001
s__Candidatus_Gastranaerophilales_bacterium,0.013184324324324323,0.00448974358974359,1.5539068028513752,Anthro-Biased,Candidatus Gastranaerophilales bacterium
s__Lachnospiraceae_bacterium_CLA_AA_H244,0.013068783783783783,0.0017987179487179488,2.860392543890764,Anthro-Biased,Lachnospiraceae bacterium CLA AA H244
s__Ruminococcus_torques,0.013067027027027027,0.001731282051282051,2.9152955888034398,Anthro-Biased,Ruminococcus torques
s__Thermomonas_SGB62036,0.013037702702702703,0.0035166666666666666,1.890109649556952,Anthro-Biased,Thermomonas SGB62036
s__GGB43920_SGB61282,0.012939864864864864,1.460234358974359,-6.818123070611494,Env-Biased,GGB43920 SGB61282
s__GGB26464_SGB38629,0.012686081081081083,0.00532,1.253590877626888,Anthro-Biased,GGB26464 SGB38629
s__GGB58408_SGB80063,0.012471486486486487,0.0011697435897435897,3.4132520623568063,Anthro-Biased,GGB58408 SGB80063
s__Urbifossiella_limnaea,0.012166486486486487,1.2564102564102563e-05,9.809021858621936,Anthro-Biased,Urbifossiella limnaea
s__Alistipes_shahii,0.01211445945945946,0.00013179487179487177,6.511505873013943,Anthro-Biased,Alistipes shahii
s__Bifidobacterium_longum,0.012023378378378378,0.011497948717948719,0.06446034326190253,Generalist (Equal),Bifidobacterium longum
s__Kluyvera_intermedia,0.011803513513513515,4.435897435897436e-05,8.023734852302312,Anthro-Biased,Kluyvera intermedia
s__Streptococcus_suis,0.011789324324324325,0.021315897435897437,-0.8543940725397838,Generalist (Equal),Streptococcus suis
s__GGB24768_SGB36660,0.011603378378378378,0.016866153846153847,-0.5395473119519906,Generalist (Equal),GGB24768 SGB36660
s__GGB51647_SGB4348,0.011592432432432433,0.010106410256410256,0.1978943699466398,Generalist (Equal),GGB51647 SGB4348
s__Streptococcus_thermophilus,0.01121108108108108,0.01549025641025641,-0.4664000754122303,Generalist (Equal),Streptococcus thermophilus
s__GGB60510_SGB82493,0.010991216216216217,0.018477179487179488,-0.7493403388453068,Generalist (Equal),GGB60510 SGB82493
s__Phocaeicola_coprocola,0.010909594594594594,0.0015476923076923076,2.8166072815342478,Anthro-Biased,Phocaeicola coprocola
s__Enterococcus_aquimarinus,0.01087864864864865,0.005606410256410257,0.9562254353698011,Generalist (Equal),Enterococcus aquimarinus
s__Pseudomonas_alcaligenes,0.010837567567567569,0.12050999999999999,-3.4749188318982487,Env-Biased,Pseudomonas alcaligenes
s__Romboutsia_timonensis,0.01081445945945946,0.004041794871794872,1.4196700454098496,Anthro-Biased,Romboutsia timonensis
s__Azonexus_hydrophilus,0.010407702702702703,0.0020494871794871795,2.3437516398818934,Anthro-Biased,Azonexus hydrophilus
s__Anaerostipes_hadrus,0.01028364864864865,0.004637692307692308,1.1487024502774024,Anthro-Biased,Anaerostipes hadrus
s__Kluyvera_ascorbata,0.010251351351351351,0.0011348717948717949,3.1740829131376205,Anthro-Biased,Kluyvera ascorbata
s__Bifidobacterium_adolescentis,0.010140810810810811,0.010448974358974359,-0.043184135193041186,Generalist (Equal),Bifidobacterium adolescentis
s__Streptococcus_salivarius,0.009954324324324325,0.005392051282051282,0.8843665644226574,Generalist (Equal),Streptococcus salivarius
s__Acidovorax_sp_210_6,0.009660945945945945,0.5463282051282051,-5.821312955450948,Env-Biased,Acidovorax sp 210 6
s__Candidatus_Microthrix_SGB36776,0.009625135135135136,0.008325641025641026,0.20922204802552846,Generalist (Equal),Candidatus Microthrix SGB36776
s__Thiothrix_eikelboomii,0.009602972972972973,0.004705641025641026,1.0289335203873702,Anthro-Biased,Thiothrix eikelboomii
s__Aquisediminimonas_SGB62114,0.009500000000000001,0.1882628205128205,-4.308532599219114,Env-Biased,Aquisediminimonas SGB62114
s__Microcystis_aeruginosa,0.009462702702702702,0.048436153846153844,-2.3556374371706994,Env-Biased,Microcystis aeruginosa
s__GGB26125_SGB38137,0.009193918918918919,5.9743589743589745e-05,7.241960873247654,Anthro-Biased,GGB26125 SGB38137
s__Aeromonas_sobria,0.009179324324324325,0.0038269230769230767,1.261983283561305,Anthro-Biased,Aeromonas sobria
s__Rivicola_pingtungensis,0.009144864864864865,0.012112820512820513,-0.4054624328320903,Generalist (Equal),Rivicola pingtungensis
s__Acinetobacter_bouvetii,0.009077027027027026,0.002938205128205128,1.6269527347424384,Anthro-Biased,Acinetobacter bouvetii
s__GGB44654_SGB62110,0.008992837837837837,0.001162051282051282,2.9510221614175225,Anthro-Biased,GGB44654 SGB62110
s__GGB6601_SGB9333,0.008972162162162161,5.7179487179487184e-05,7.268962093518237,Anthro-Biased,GGB6601 SGB9333
s__Empedobacter_falsenii,0.008867702702702701,0.00019358974358974358,5.510215509361024,Anthro-Biased,Empedobacter falsenii
s__GGB45847_SGB63572,0.008546216216216216,5.333333333333334e-05,7.297473249395319,Anthro-Biased,GGB45847 SGB63572
s__Holdemanella_porci,0.008545675675675674,0.0005471794871794872,3.9626431280763974,Anthro-Biased,Holdemanella porci
s__Oliverpabstia_intestinalis,0.008520945945945947,0.002322820512820513,1.8746842584313834,Anthro-Biased,Oliverpabstia intestinalis
s__alpha_proteobacterium_SCGC_AAA028_D10,0.008477162162162162,0.07175897435897435,-3.0813559085005497,Env-Biased,alpha proteobacterium SCGC AAA028 D10
s__Oscillospiraceae_bacterium_CLA_AA_H250,0.008470675675675676,0.0018646153846153847,2.182995768410197,Anthro-Biased,Oscillospiraceae bacterium CLA AA H250
s__Citrobacter_braakii,0.008458378378378378,0.0031192307692307695,1.4388989201349127,Anthro-Biased,Citrobacter braakii
s__GGB44385_SGB103154,0.008424864864864864,0.0009712820512820512,3.115377983947509,Anthro-Biased,GGB44385 SGB103154
s__Dorea_formicigenerans,0.008352027027027026,0.0004528205128205129,4.202105380193316,Anthro-Biased,Dorea formicigenerans
s__GGB68788_SGB92796,0.00828554054054054,0.028792307692307693,-1.7968916939241346,Env-Biased,GGB68788 SGB92796
s__Acinetobacter_towneri,0.00790418918918919,0.0043143589743589745,0.8733194145844775,Generalist (Equal),Acinetobacter towneri
s__GGB68121_SGB92011,0.007892702702702703,0.0011305128205128204,2.8024492535860177,Anthro-Biased,GGB68121 SGB92011
s__Malikia_spinosa,0.007830135135135136,0.037607948717948717,-2.2637826306601725,Env-Biased,Malikia spinosa
s__Thiothrix_unzii,0.007620945945945945,0.022097692307692308,-1.5357297186658456,Env-Biased,Thiothrix unzii
s__Acidaminococcus_intestini,0.0075001351351351355,0.0012220512820512821,2.6166240361703306,Anthro-Biased,Acidaminococcus intestini
s__GGB75394_SGB103389,0.007487702702702702,0.00020461538461538463,5.18669569717728,Anthro-Biased,GGB75394 SGB103389
s__Methanobrevibacter_smithii,0.007422162162162162,0.002501282051282051,1.5687894696548046,Anthro-Biased,Methanobrevibacter smithii
s__Thauera_aminoaromatica,0.007037837837837838,0.0002235897435897436,4.969973298969454,Anthro-Biased,Thauera aminoaromatica
s__Acetoanaerobium_noterae,0.006887972972972973,0.008182564102564103,-0.2484403839790178,Generalist (Equal),Acetoanaerobium noterae
s__Ruminococcus_gnavus,0.006808648648648649,0.004662307692307692,0.5462267386267019,Generalist (Equal),Ruminococcus gnavus
s__Simplicispira_sp_110,0.006777837837837838,0.037338205128205126,-2.4615813515820797,Env-Biased,Simplicispira sp 110
s__GGB46555_SGB64420,0.006640135135135135,0.13051435897435898,-4.296645926998768,Env-Biased,GGB46555 SGB64420
s__Prevotella_oryzae,0.006600810810810811,0.00044282051282051285,3.894813541880064,Anthro-Biased,Prevotella oryzae
s__GGB4599_SGB6362,0.00655,0.0003958974358974359,4.0448770014800255,Anthro-Biased,GGB4599 SGB6362
s__Flavobacterium_proteolyticum,0.006412027027027026,0.0054756410256410265,0.22771416734293984,Generalist (Equal),Flavobacterium proteolyticum
s__Acinetobacter_junii,0.006191756756756757,0.0003066666666666667,4.331141727764713,Anthro-Biased,Acinetobacter junii
s__Azospira_oryzae,0.006191621621621621,0.001023076923076923,2.596226211142276,Anthro-Biased,Azospira oryzae
s__GGB2734_SGB3677,0.006187567567567567,0.006494358974358974,-0.06980374458253684,Generalist (Equal),GGB2734 SGB3677
s__Coprococcus_comes,0.005918918918918919,0.0005933333333333334,3.3162332141404045,Anthro-Biased,Coprococcus comes
s__Polynucleobacter_sp_31A_FELB,0.0058579729729729725,0.22035692307692306,-5.233057165217364,Env-Biased,Polynucleobacter sp 31A FELB
s__GGB45918_SGB63647,0.005800540540540541,0.0009853846153846154,2.5562138408691335,Anthro-Biased,GGB45918 SGB63647
s__Candidatus_Kaistella_beijingensis,0.005761891891891892,0.00425974358974359,0.4356877227780577,Generalist (Equal),Candidatus Kaistella beijingensis
s__Citrobacter_freundii,0.005554864864864865,0.004402820512820513,0.3352558391573999,Generalist (Equal),Citrobacter freundii
s__GGB44506_SGB61938,0.005521756756756756,0.0015782051282051282,1.806190007197597,Anthro-Biased,GGB44506 SGB61938
s__GGB43230_SGB103465,0.005407162162162162,0.012784358974358975,-1.2412823515077303,Env-Biased,GGB43230 SGB103465
s__GGB46513_SGB64374,0.005402027027027027,0.060818717948717946,-3.492699322143203,Env-Biased,GGB46513 SGB64374
s__GGB57993_SGB79614,0.005304594594594594,0.0023602564102564103,1.1679597289144386,Anthro-Biased,GGB57993 SGB79614
s__Nitrospira_defluvii,0.005276756756756757,0.0072853846153846154,-0.465278289732382,Generalist (Equal),Nitrospira defluvii
s__Klebsiella_grimontii,0.005223783783783784,9.871794871794871e-05,5.711374319749263,Anthro-Biased,Klebsiella grimontii
s__Acinetobacter_portensis,0.005192432432432433,2.9487179487179487e-05,7.412341860564257,Anthro-Biased,Acinetobacter portensis
s__Raoultella_ornithinolytica,0.0051636486486486485,0.00454051282051282,0.18549725297577238,Generalist (Equal),Raoultella ornithinolytica
s__GGB46503_SGB91068,0.0051554054054054055,0.11611102564102563,-4.493007893321027,Env-Biased,GGB46503 SGB91068
s__Thiothrix_fructosivorans,0.005030945945945946,4.282051282051282e-05,6.8433662464631375,Anthro-Biased,Thiothrix fructosivorans
s__Gemmiger_SGB15295,0.004890135135135135,0.00010820512820512819,5.48505681382064,Anthro-Biased,Gemmiger SGB15295
s__Schaalia_sp_JY_X169,0.004887567567567567,0.00043589743589743585,3.4840452493105665,Anthro-Biased,Schaalia sp JY X169
s__Clostridiales_bacterium_KLE1615,0.00481472972972973,0.001857948717948718,1.373267455099864,Anthro-Biased,Clostridiales bacterium KLE1615
s__GGB44434_SGB61856,0.004806486486486486,0.021780769230769232,-2.179766434786544,Env-Biased,GGB44434 SGB61856
s__Burkholderiales_unclassified_SGB103074,0.004760135135135135,0.005511538461538462,-0.2114112390953026,Generalist (Equal),Burkholderiales unclassified SGB103074
s__Candidatus_Nanopelagicus_abundans,0.004758918918918919,0.010881538461538462,-1.1930062151708356,Env-Biased,Candidatus Nanopelagicus abundans
s__Pseudomonas_chengduensis,0.004727432432432432,0.0006264102564102564,2.91388096275207,Anthro-Biased,Pseudomonas chengduensis
s__Paucibacter_toxinivorans,0.004721351351351352,0.0011415384615384614,2.0472626527603004,Anthro-Biased,Paucibacter toxinivorans
s__Polynucleobacter_sp_86C_FISCH,0.0047,0.014134615384615384,-1.5882951056611587,Env-Biased,Polynucleobacter sp 86C FISCH
s__Bacteroides_faecis,0.004694594594594595,0.0015133333333333333,1.6326250506195357,Anthro-Biased,Bacteroides faecis
s__GGB46525_SGB78233,0.004682837837837838,0.04771564102564103,-3.3487294559132033,Env-Biased,GGB46525 SGB78233
s__Acinetobacter_gandensis,0.004645135135135135,4.615384615384615e-06,9.692430560177943,Anthro-Biased,Acinetobacter gandensis
s__GGB26186_SGB38199,0.004614864864864865,0.00502051282051282,-0.12152107940872253,Generalist (Equal),GGB26186 SGB38199
s__Phocaeicola_plebeius,0.0046016216216216215,0.00023102564102564103,4.310099693754321,Anthro-Biased,Phocaeicola plebeius
s__GGB81324_SGB103046,0.004533378378378378,0.0009084615384615385,2.3178202520165647,Anthro-Biased,GGB81324 SGB103046
s__Aliarcobacter_cibarius,0.004443108108108108,0.005277692307692308,-0.24828666210248487,Generalist (Equal),Aliarcobacter cibarius
s__Flavobacterium_aquatile,0.004437297297297297,0.011126410256410257,-1.3260396512223585,Env-Biased,Flavobacterium aquatile
s__Shewanella_oncorhynchi,0.004378243243243244,0.0003958974358974359,3.46384343876873,Anthro-Biased,Shewanella oncorhynchi
s__Bilophila_wadsworthia,0.00425054054054054,0.0002443589743589744,4.11501974863664,Anthro-Biased,Bilophila wadsworthia
s__GGB56727_SGB78161,0.004090270270270271,0.03832,-3.2275144589425864,Env-Biased,GGB56727 SGB78161
s__Paracoccus_SGB99481,0.004075675675675675,0.00031666666666666665,3.68180756770716,Anthro-Biased,Paracoccus SGB99481
s__Acinetobacter_lwoffii,0.0038989189189189187,0.0005615384615384616,2.793420486118482,Anthro-Biased,Acinetobacter lwoffii
s__GGB14621_SGB22159,0.003894324324324324,0.0030794871794871796,0.33858492054581885,Generalist (Equal),GGB14621 SGB22159
s__GGB75534_SGB103331,0.0038731081081081076,0.007271794871794872,-0.9086456725275945,Generalist (Equal),GGB75534 SGB103331
s__Phenylobacterium_glaciei,0.0037886486486486486,0.0005241025641025641,2.8513929518313517,Anthro-Biased,Phenylobacterium glaciei
s__Thiothrix_lacustris,0.0037332432432432435,9.461538461538461e-05,5.287429327459187,Anthro-Biased,Thiothrix lacustris
s__Sulfurospirillum_cavolei,0.003702702702702703,4.512820512820513e-05,6.327175329966478,Anthro-Biased,Sulfurospirillum cavolei
s__Pseudomonas_fluvialis,0.00359554054054054,0.00554051282051282,-0.6236700161503131,Generalist (Equal),Pseudomonas fluvialis
s__Fluviicoccus_keumensis,0.0035505405405405403,0.00010025641025641026,5.132359804723126,Anthro-Biased,Fluviicoccus keumensis
s__Methylotenera_mobilis,0.0034770270270270266,0.0024343589743589743,0.5141347008921162,Generalist (Equal),Methylotenera mobilis
s__Acinetobacter_sp_WCHAc010034,0.003362432432432432,0.002273076923076923,0.5646532205889188,Generalist (Equal),Acinetobacter sp WCHAc010034
s__Desulfovibrio_desulfuricans,0.003307162162162162,0.005842564102564103,-0.8208186096833556,Generalist (Equal),Desulfovibrio desulfuricans
s__Undibacterium_seohonense,0.0032766216216216213,0.0008833333333333334,1.8899871402026194,Anthro-Biased,Undibacterium seohonense
s__Klebsiella_michiganensis,0.0032641891891891893,6.333333333333333e-05,5.6654563338830615,Anthro-Biased,Klebsiella michiganensis
s__Candidatus_Chazhemtobacterium_aquaticus,0.0030740540540540543,0.00013333333333333334,4.5167225275771745,Anthro-Biased,Candidatus Chazhemtobacterium aquaticus
s__Klebsiella_pneumoniae,0.0030722972972972973,0.0001617948717948718,4.23866017460856,Anthro-Biased,Klebsiella pneumoniae
s__Thermomonas_carbonis,0.002985810810810811,6.820512820512821e-05,5.431583100078084,Anthro-Biased,Thermomonas carbonis
s__Candidatus_Rickettsiella_isopodorum,0.002958243243243243,0.03001615384615385,-3.3424869977359015,Env-Biased,Candidatus Rickettsiella isopodorum
s__GGB44403_SGB61822,0.0029525675675675673,0.08368205128205129,-4.824404935218437,Env-Biased,GGB44403 SGB61822
s__Acetobacterium_fimetarium,0.002936216216216216,0.0001105128205128205,4.719167980211104,Anthro-Biased,Acetobacterium fimetarium
s__Laribacter_hongkongensis,0.002907972972972973,0.017028205128205128,-2.5494292982936364,Env-Biased,Laribacter hongkongensis
s__GGB43779_SGB93081,0.0029016216216216214,0.26212692307692304,-6.496770716003421,Env-Biased,GGB43779 SGB93081
s__Desulfovibrio_sp_86,0.0028252702702702705,0.0034348717948717946,-0.28177677101904125,Generalist (Equal),Desulfovibrio sp 86
s__Aquabacterium_pictum,0.0026744594594594593,0.0017853846153846153,0.5827439367046903,Generalist (Equal),Aquabacterium pictum
s__GGB45095_SGB103301,0.00257,0.001617948717948718,0.6672723228219044,Generalist (Equal),GGB45095 SGB103301
s__GGB45980_SGB63716,0.0025143243243243244,0.00012102564102564103,4.365488196572622,Anthro-Biased,GGB45980 SGB63716
s__Thiothrix_litoralis,0.00245945945945946,0.00010461538461538463,4.542035838297618,Anthro-Biased,Thiothrix litoralis
s__Pseudomonas_anguilliseptica,0.002424459459459459,7.102564102564102e-05,5.073603660087919,Anthro-Biased,Pseudomonas anguilliseptica
s__GGB45764_SGB63487,0.0024159459459459458,0.011862564102564102,-2.295280382339287,Env-Biased,GGB45764 SGB63487
s__Thauera_phenylacetica,0.0023975675675675674,0.0007751282051282051,1.627806191265986,Anthro-Biased,Thauera phenylacetica
s__GGB9758_SGB15368,0.002329324324324324,0.00012076923076923079,4.258309219490884,Anthro-Biased,GGB9758 SGB15368
s__Shewanella_xiamenensis,0.0022883783783783783,0.00019717948717948717,3.530076377509416,Anthro-Biased,Shewanella xiamenensis
s__GGB4684_SGB6478,0.0021643243243243244,0.0003825641025641026,2.497043518170587,Anthro-Biased,GGB4684 SGB6478
s__Aquaspirillum_serpens,0.002080810810810811,0.07017692307692307,-5.075106380073788,Env-Biased,Aquaspirillum serpens
s__Polynucleobacter_sp_80A_SIGWE,0.0020575675675675678,0.01756974358974359,-3.093462539583016,Env-Biased,Polynucleobacter sp 80A SIGWE
s__Sediminibacterium_salmoneum,0.00202527027027027,2.8240220512820513,-10.44470953126308,Env-Biased,Sediminibacterium salmoneum
s__Candidatus_Microthrix_parvicella,0.002024864864864865,0.08364051282051281,-5.367609308510621,Env-Biased,Candidatus Microthrix parvicella
s__Limnohabitans_parvus,0.0019579729729729727,0.27909051282051284,-7.154496948896422,Env-Biased,Limnohabitans parvus
s__Flavobacterium_sp_F_340,0.0018345945945945944,0.23569128205128204,-7.004513243369884,Env-Biased,Flavobacterium sp F 340
s__Acinetobacter_chinensis,0.0017920270270270272,6.846153846153845e-05,4.690039060022748,Anthro-Biased,Acinetobacter chinensis
s__Bifidobacterium_pseudocatenulatum,0.0017804054054054055,0.001983846153846154,-0.1560113110746456,Generalist (Equal),Bifidobacterium pseudocatenulatum
s__GGB46716_SGB64595,0.0017718918918918918,0.02191076923076923,-3.627529506337006,Env-Biased,GGB46716 SGB64595
s__GGB75687_SGB102897,0.0017372972972972973,2.3333333333333332e-05,6.158597070828533,Anthro-Biased,GGB75687 SGB102897
s__Methylophilus_SGB64807,0.0016095945945945945,0.004957435897435897,-1.6222917081025394,Env-Biased,Methylophilus SGB64807
s__Sebaldella_termitidis,0.0015894594594594595,0.0008217948717948719,0.950838891127361,Generalist (Equal),Sebaldella termitidis
s__Solidesulfovibrio_aerotolerans,0.0015689189189189191,0.0005520512820512821,1.5052048840081955,Anthro-Biased,Solidesulfovibrio aerotolerans
s__Arcobacter_ellisii,0.0015624324324324324,0.001155897435897436,0.4344559022218258,Generalist (Equal),Arcobacter ellisii
s__GGB46504_SGB91066,0.0015554054054054054,0.03321384615384615,-4.415538431053072,Env-Biased,GGB46504 SGB91066
s__Micropruina_glycogenica,0.0014995945945945946,0.006241794871794872,-2.0566577954120824,Env-Biased,Micropruina glycogenica
s__Eggerthella_lenta,0.0014527027027027026,0.0006966666666666666,1.059122442434768,Anthro-Biased,Eggerthella lenta
s__Lacipirellula_limnantheis,0.0013955405405405405,0.004169743589743589,-1.5784471659068875,Env-Biased,Lacipirellula limnantheis
s__Pseudomonas_atacamensis,0.0013702702702702704,0.0015315384615384616,-0.16041033427719506,Generalist (Equal),Pseudomonas atacamensis
s__GGB45215_SGB62735,0.0013664864864864866,0.013484358974358974,-3.3017954445199944,Env-Biased,GGB45215 SGB62735
s__GGB46512_SGB103427,0.0012204054054054054,0.00021846153846153847,2.476502106265807,Anthro-Biased,GGB46512 SGB103427
s__GGB45306_SGB62838,0.0012054054054054055,0.0005346153846153846,1.171445492593113,Anthro-Biased,GGB45306 SGB62838
s__Aliarcobacter_trophiarum,0.0012000000000000001,2.5384615384615383e-05,5.508395387673914,Anthro-Biased,Aliarcobacter trophiarum
s__GGB12420_SGB19267,0.0011751351351351352,0.003819230769230769,-1.6996059580472447,Env-Biased,GGB12420 SGB19267
s__GGB4266_SGB5809,0.00116027027027027,0.0001441025641025641,3.0005588608810703,Anthro-Biased,GGB4266 SGB5809
s__GGB60510_SGB82492,0.0010851351351351352,0.021857692307692307,-4.330931577471466,Env-Biased,GGB60510 SGB82492
s__Castellaniella_defragrans,0.0010466216216216218,0.00023974358974358976,2.12154845136875,Anthro-Biased,Castellaniella defragrans
s__Leptothrix_cholodnii,0.0010231081081081082,0.004127692307692308,-2.0113168862909716,Env-Biased,Leptothrix cholodnii
s__GGB4559_SGB6293,0.000953108108108108,0.0001546153846153846,2.6161680477800977,Anthro-Biased,GGB4559 SGB6293
s__Streptococcus_lutetiensis,0.0009432432432432432,0.000984102564102564,-0.06111538364606114,Generalist (Equal),Streptococcus lutetiensis
s__GGB56701_SGB78134,0.0009327027027027027,0.0017364102564102564,-0.8959032950476885,Generalist (Equal),GGB56701 SGB78134
s__Flavobacterium_plurextorum,0.0009154054054054053,0.3605148717948718,-8.61986109212446,Env-Biased,Flavobacterium plurextorum
s__Propioniciclava_flava,0.0009004054054054054,0.002102307692307692,-1.2224119104545692,Env-Biased,Propioniciclava flava
s__Flavobacterium_cauense,0.0008613513513513512,0.0010043589743589743,-0.22136302598335567,Generalist (Equal),Flavobacterium cauense
s__GGB75400_SGB103187,0.000842972972972973,0.0003771794871794872,1.158125687189567,Anthro-Biased,GGB75400 SGB103187
s__Aquirufa_ecclesiirivi,0.000842027027027027,0.0016569230769230769,-0.9757262821926431,Generalist (Equal),Aquirufa ecclesiirivi
s__Kluyvera_cryocrescens,0.0008413513513513514,0.00010743589743589744,2.9575796818440376,Anthro-Biased,Kluyvera cryocrescens
s__Sphaerotilus_natans,0.0008178378378378378,0.007873846153846153,-3.265602063914429,Env-Biased,Sphaerotilus natans
s__Dechloromonas_agitata,0.0008148648648648648,0.00029205128205128206,1.477177063421719,Anthro-Biased,Dechloromonas agitata
s__Curvibacter_sp_AEP1_3,0.0008048648648648649,0.020388205128205127,-4.661123788736436,Env-Biased,Curvibacter sp AEP1 3
s__GGB44545_SGB61984,0.0007993243243243243,0.010594358974358974,-3.7267038994666573,Env-Biased,GGB44545 SGB61984
s__Rhodoferax_sp_TS_BS_61_7,0.0007166216216216217,0.0030107692307692305,-2.069315967583985,Env-Biased,Rhodoferax sp TS BS 61 7
s__GGB69468_SGB93649,0.0007068918918918919,0.05415897435897436,-6.257554194600367,Env-Biased,GGB69468 SGB93649
s__Citrobacter_portucalensis,0.0007035135135135134,0.0004505128205128205,0.6418604266305358,Generalist (Equal),Citrobacter portucalensis
s__GGB6012_SGB8640,0.0007031081081081081,0.0001917948717948718,1.8687302785063635,Anthro-Biased,GGB6012 SGB8640
s__Rhodoferax_sp_AJA081_3,0.0006935135135135135,0.0011656410256410256,-0.7482860425385768,Generalist (Equal),Rhodoferax sp AJA081 3
s__Sandarakinorhabdus_sp_AAP62,0.0006805405405405406,0.004249230769230769,-2.6406697939978527,Env-Biased,Sandarakinorhabdus sp AAP62
s__Sulfuritalea_hydrogenivorans,0.0006786486486486487,0.022944102564102564,-5.0772533223022025,Env-Biased,Sulfuritalea hydrogenivorans
s__GGB39339_SGB79282,0.0006748648648648648,0.0046607692307692305,-2.7860708670091654,Env-Biased,GGB39339 SGB79282
s__Aurantimicrobium_photophilum,0.0006718918918918919,0.05415,-6.330469432642362,Env-Biased,Aurantimicrobium photophilum
s__GGB26028_SGB38032,0.0006409459459459459,0.03480974358974359,-5.760936998885564,Env-Biased,GGB26028 SGB38032
s__Anaerobutyricum_soehngenii,0.0006281081081081081,4.3333333333333334e-05,3.8268442110972263,Anthro-Biased,Anaerobutyricum soehngenii
s__Exiguobacterium_undae,0.0005906756756756757,0.0006476923076923077,-0.1327277453818685,Generalist (Equal),Exiguobacterium undae
s__GGB75130_SGB102740,0.000566081081081081,0.024830256410256407,-5.452458424508599,Env-Biased,GGB75130 SGB102740
s__Desulfovibrio_cuneatus,0.0005552702702702703,7.564102564102564e-05,2.8595972301240598,Anthro-Biased,Desulfovibrio cuneatus
s__Nakamurella_multipartita,0.0005393243243243243,0.0007764102564102565,-0.5248505106634993,Generalist (Equal),Nakamurella multipartita
s__Succinispira_mobilis,0.000535,0.006689230769230769,-3.6417510694780475,Env-Biased,Succinispira mobilis
s__Clostridium_SGB6179,0.0005327027027027027,0.00038666666666666667,0.4612196262621635,Generalist (Equal),Clostridium SGB6179
s__Pararheinheimera_texasensis,0.0005170270270270271,0.028024102564102565,-5.757548473066809,Env-Biased,Pararheinheimera texasensis
s__GGB46512_SGB91101,0.0005155405405405406,0.0434325641025641,-6.39378495007614,Env-Biased,GGB46512 SGB91101
s__Dialister_hominis,0.0005132432432432433,0.0009728205128205128,-0.9212049572658086,Generalist (Equal),Dialister hominis
s__Gemmobacter_aquaticus,0.0004901351351351351,3.5897435897435896e-05,3.7345275665497435,Anthro-Biased,Gemmobacter aquaticus
s__GGB45028_SGB62537,0.00046743243243243247,0.0003812820512820513,0.2932035008100949,Generalist (Equal),GGB45028 SGB62537
s__Prevotella_marseillensis,0.0004541891891891892,7.179487179487179e-05,2.6445575687425875,Anthro-Biased,Prevotella marseillensis
s__Undibacterium_piscinae,0.0004535135135135135,2.9743589743589744e-05,3.8859656542276193,Anthro-Biased,Undibacterium piscinae
s__GGB67109_SGB90821,0.00045310810810810816,0.11114820512820514,-7.935246119445679,Env-Biased,GGB67109 SGB90821
s__Sphingorhabdus_rigui,0.0004231081081081081,1.7143841025641025,-11.9809715335179,Env-Biased,Sphingorhabdus rigui
s__Ralstonia_insidiosa,0.0004198648648648649,0.0003617948717948718,0.21420301082358023,Generalist (Equal),Ralstonia insidiosa
s__Pleurocapsa_sp_CCALA_161,0.0004168918918918919,0.002014871794871795,-2.2702022171512093,Env-Biased,Pleurocapsa sp CCALA 161
s__Alteraurantiacibacter_buctensis,0.0004093243243243243,5.7179487179487184e-05,2.818182195741265,Anthro-Biased,Alteraurantiacibacter buctensis
s__Macromonas_bipunctata,0.00038337837837837835,0.0044089743589743585,-3.5201711768662434,Env-Biased,Macromonas bipunctata
s__Brachymonas_denitrificans,0.0003758108108108108,0.0978871794871795,-8.021150490221709,Env-Biased,Brachymonas denitrificans
s__GGB45701_SGB63418,0.0003582432432432432,0.004653589743589743,-3.6956210865760313,Env-Biased,GGB45701 SGB63418
s__Limnohabitans_sp_T6_20,0.00034810810810810815,0.025337692307692308,-6.181524396653658,Env-Biased,Limnohabitans sp T6 20
s__Acinetobacter_wuhouensis,0.0003394594594594595,3.5897435897435896e-06,6.212925649525215,Anthro-Biased,Acinetobacter wuhouensis
s__Anaeroarcus_burkinensis,0.00033810810810810813,0.0007633333333333334,-1.172456669329316,Env-Biased,Anaeroarcus burkinensis
s__Limnohabitans_sp_MMS_10A_160,0.00033013513513513513,0.03134641025641026,-6.564782354324077,Env-Biased,Limnohabitans sp MMS 10A 160
s__GGB46797_SGB64687,0.00031662162162162164,2.1387643589743592,-12.717181469479307,Env-Biased,GGB46797 SGB64687
s__Dechloromonas_denitrificans,0.0003164864864864865,0.04820102564102564,-7.246254779058448,Env-Biased,Dechloromonas denitrificans
s__Desulfovibrio_piger,0.000312972972972973,4.3589743589743584e-05,2.8158565675299845,Anthro-Biased,Desulfovibrio piger
s__GGB61789_SGB83913,0.0003027027027027027,0.0009030769230769231,-1.573785781724461,Env-Biased,GGB61789 SGB83913
s__Candidatus_Planktophila_dulcis,0.0002813513513513514,0.0016174358974358973,-2.519036783532419,Env-Biased,Candidatus Planktophila dulcis
s__Paucibacter_aquatile,0.00028,0.006237179487179487,-4.472483027499247,Env-Biased,Paucibacter aquatile
s__Sphingopyxis_granuli,0.00023932432432432433,0.024744102564102564,-6.686016534086189,Env-Biased,Sphingopyxis granuli
s__Exiguobacterium_sibiricum,0.00023297297297297296,5.4871794871794874e-05,2.0661498162621754,Anthro-Biased,Exiguobacterium sibiricum
s__Limnohabitans_curvus,0.00023135135135135136,0.23081307692307695,-9.956207463065425,Env-Biased,Limnohabitans curvus
s__Pseudomonas_guangdongensis,0.00023121621621621623,0.0017674358974358972,-2.9289332972379007,Env-Biased,Pseudomonas guangdongensis
s__Propioniciclava_sinopodophylli,0.00022972972972972974,0.003471794871794872,-3.911821383664069,Env-Biased,Propioniciclava sinopodophylli
s__GGB71855_SGB98856,0.00022905405405405406,0.0004179487179487179,-0.8648007793665622,Generalist (Equal),GGB71855 SGB98856
s__Comamonas_badia,0.00022783783783783784,0.08327307692307692,-8.5073980284481,Env-Biased,Comamonas badia
s__GGB45096_SGB62607,0.0002189189189189189,0.00016384615384615385,0.41585149319591586,Generalist (Equal),GGB45096 SGB62607
s__Microbacterium_paulum,0.00021729729729729727,0.0004541025641025641,-1.059897445975534,Env-Biased,Microbacterium paulum
s__Polynucleobacter_necessarius,0.00020567567567567567,0.00989025641025641,-5.580713278631153,Env-Biased,Polynucleobacter necessarius
s__Faecalimonas_umbilicata,0.00020351351351351353,0.0003715384615384615,-0.8651932052972274,Generalist (Equal),Faecalimonas umbilicata
s__Ideonella_paludis,0.00019310810810810813,4.1025641025641023e-05,2.207518651798498,Anthro-Biased,Ideonella paludis
s__Klebsiella_quasipneumoniae,0.00018945945945945947,0.00022564102564102566,-0.25092509228415116,Generalist (Equal),Klebsiella quasipneumoniae
s__Pseudomonas_mandelii,0.00018675675675675676,0.9009402564102564,-12.228352499906732,Env-Biased,Pseudomonas mandelii
s__Chryseobacterium_candidae,0.00016608108108108108,0.21839205128205125,-10.35216285526564,Env-Biased,Chryseobacterium candidae
s__GGB9730_SGB15291,0.0001612162162162162,0.0001158974358974359,0.4726747629668217,Generalist (Equal),GGB9730 SGB15291
s__Limnohabitans_sp_2KL_51,0.00015594594594594595,0.005302820512820512,-5.078692285461699,Env-Biased,Limnohabitans sp 2KL 51
s__GGB75632_SGB103050,0.00015256756756756756,0.0010469230769230768,-2.7705873534438066,Env-Biased,GGB75632 SGB103050
s__Aeromonas_popoffii,0.0001454054054054054,0.0012694871794871794,-3.117341092018737,Env-Biased,Aeromonas popoffii
s__Acinetobacter_chengduensis,0.00013567567567567568,0.0001035897435897436,0.3860151245680596,Generalist (Equal),Acinetobacter chengduensis
s__GGB45084_SGB103306,0.00013554054054054054,0.0007169230769230769,-2.3944999039558437,Env-Biased,GGB45084 SGB103306
s__GGB75195_SGB103438,0.00011216216216216216,0.02650282051282051,-7.871664880891918,Env-Biased,GGB75195 SGB103438
s__Candidatus_Nitrospira_nitrosa,0.00011162162162162162,0.009763589743589743,-6.438003696559528,Env-Biased,Candidatus Nitrospira nitrosa
s__Lacihabitans_sp_CS3_21,9.405405405405406e-05,0.048196923076923075,-8.986007105386307,Env-Biased,Lacihabitans sp CS3 21
s__Flavobacterium_alvei,9.175675675675675e-05,0.001613076923076923,-4.1211131484686,Env-Biased,Flavobacterium alvei
s__Prosthecomicrobium_hirschii,8.878378378378379e-05,0.00034076923076923075,-1.9284957155354854,Env-Biased,Prosthecomicrobium hirschii
s__Polynucleobacter_difficilis,8.675675675675677e-05,0.2699825641025641,-11.587073753205887,Env-Biased,Polynucleobacter difficilis
s__GGB65549_SGB88678,8.351351351351352e-05,0.0002541025641025641,-1.5938234513969205,Env-Biased,GGB65549 SGB88678
s__Mesorhizobium_sp_Root552,8.243243243243243e-05,0.0004351282051282051,-2.3860720826858746,Env-Biased,Mesorhizobium sp Root552
s__Bacillales_bacterium,6.932432432432433e-05,4.794871794871795e-05,0.5227527125471565,Generalist (Equal),Bacillales bacterium
s__Alistipes_sp_ZOR0009,6.22972972972973e-05,0.0036182051282051286,-5.837385168447386,Env-Biased,Alistipes sp ZOR0009
s__GGB45971_SGB63703,6.108108108108108e-05,0.0023564102564102565,-5.246905359306052,Env-Biased,GGB45971 SGB63703
s__Senegalimassilia_anaerobia,5.297297297297297e-05,0.002365128205128205,-5.454147278921923,Env-Biased,Senegalimassilia anaerobia
s__Thiocapsa_sp_KS1,5.1486486486486486e-05,0.00010512820512820514,-1.0157901945778,Env-Biased,Thiocapsa sp KS1
s__Mitsuokella_jalaludinii,4.918918918918919e-05,0.00013564102564102564,-1.444942164591315,Env-Biased,Mitsuokella jalaludinii
s__Mesorhizobium_denitrificans,4.594594594594595e-05,0.0007184615384615385,-3.937845080998751,Env-Biased,Mesorhizobium denitrificans
s__Candidatus_Accumulibacter_contiguus,4.391891891891892e-05,0.0026751282051282054,-5.896680216268434,Env-Biased,Candidatus Accumulibacter contiguus
s__Reyranella_aquatilis,3.9189189189189184e-05,0.019350256410256412,-8.911404051743807,Env-Biased,Reyranella aquatilis
s__GGB4611_SGB6385,3.837837837837838e-05,2.6153846153846157e-05,0.5362471413054744,Generalist (Equal),GGB4611 SGB6385
s__Propionispira_arboris,3.310810810810811e-05,9.58974358974359e-05,-1.506343755044114,Env-Biased,Propionispira arboris
s__GGB44392_SGB61810,2.364864864864865e-05,0.005921025641025641,-7.908438373197056,Env-Biased,GGB44392 SGB61810
s__GGB13727_SGB8655,2.3243243243243243e-05,6.333333333333333e-05,-1.4079837272566127,Env-Biased,GGB13727 SGB8655
s__GGB27044_SGB39251,1.8243243243243244e-05,0.010464615384615385,-9.087089459654681,Env-Biased,GGB27044 SGB39251
s__Limnohabitans_sp_Jir72,1.6486486486486486e-05,0.009603333333333334,-9.1013012237121,Env-Biased,Limnohabitans sp Jir72
s__Tessaracoccus_flavescens,1.3648648648648649e-05,0.0010966666666666668,-6.227528620149269,Env-Biased,Tessaracoccus flavescens
s__Exiguobacterium_acetylicum,5.2702702702702705e-06,0.002052051282051282,-8.35502631935477,Env-Biased,Exiguobacterium acetylicum
s__Candidatus_Finniella_inopinata,4.9999999999999996e-06,0.004803333333333333,-9.645158035247546,Env-Biased,Candidatus Finniella inopinata
s__Emticicia_aquatilis,2.702702702702703e-06,0.0019333333333333331,-9.029041995500622,Env-Biased,Emticicia aquatilis
