species,log_p_value,log_p_adjusted,log_effect_size,lin_p_value,lin_p_adjusted,lin_effect_size,both_sig_fdr,log_only,lin_only
s__Vibrio_parahaemolyticus,1.947373505782815e-11,6.901004861118627e-11,0.8984375,3.085439499016069e-09,6.0118357248869795e-09,2.671092282481213,True,False,False
s__Achromobacter_sp_JUb104,1.9473735057828648e-11,6.901004861118627e-11,0.8984375,6.995187966916501e-10,1.5138441134510136e-09,2.5685361271399576,True,False,False
s__Turicibacter_bilis,1.947373505782526e-11,6.901004861118627e-11,0.8984375,7.787678834372684e-10,1.6789406460415636e-09,2.767335602422893,True,False,False
s__Sulfurisoma_sediminicola,1.9473735057827808e-11,6.901004861118627e-11,0.8484375,5.301995762546238e-06,7.023905601317096e-06,4.308644290147818,True,False,False
s__Thioploca_ingrica,1.9473735057828648e-11,6.901004861118627e-11,0.8984375,2.038371473602421e-08,3.545265722492556e-08,2.5685361271399576,True,False,False
s__Sulfitobacter_litoralis,1.9473735057828648e-11,6.901004861118627e-11,0.8984375,5.340551555373642e-11,1.3281108473231823e-10,2.5685361271399576,True,False,False
s__Limnohabitans_sp_2KL_27,1.9473735057827808e-11,6.901004861118627e-11,0.95,1.687075690225065e-80,5.3142884242089546e-79,11.599150474301233,True,False,False
s__Limnohabitans_sp_2KL_3,1.9473735057827808e-11,6.901004861118627e-11,0.95,1.0311908655739356e-86,9.744753679673692e-85,12.490711454801088,True,False,False
s__Limnohabitans_sp_63ED37_2,1.9473735057827808e-11,6.901004861118627e-11,0.95,2.6280321194794395e-91,4.966980705816141e-89,13.27850134514549,True,False,False
s__Limnohabitans_sp_G3_2,1.9473735057827808e-11,6.901004861118627e-11,0.95,7.822836116876005e-89,1.1088870195671737e-86,12.846943965871745,True,False,False
s__Limnohabitans_sp_Hippo3,1.9473735057827808e-11,6.901004861118627e-11,0.95,7.647665388217181e-75,1.806760947966309e-73,10.89773617617401,True,False,False
s__Limnohabitans_sp_Rim11,1.9473735057827808e-11,6.901004861118627e-11,0.95,5.543273730364177e-86,3.9287952563956113e-84,12.488564965552635,True,False,False
s__Limnohabitans_sp_Rim47,1.9473735057827808e-11,6.901004861118627e-11,0.95,2.170941603714976e-102,1.2309238893063911e-99,15.24728537949274,True,False,False
s__Methylorubrum_extorquens,1.9473735057828648e-11,6.901004861118627e-11,0.8984375,5.34492977883033e-10,1.1701062488790723e-09,2.5685361271399576,True,False,False
s__Mycolicibacterium_SGB15729,1.9473735057829288e-11,6.901004861118627e-11,0.8984375,1.9246972155703712e-08,3.368220127248149e-08,2.5685361271399576,True,False,False
s__Nitrosomonas_sp_PY1,2.1673437633875467e-12,6.901004861118627e-11,0.9609375,1.2359945893603952e-09,2.586010819805698e-09,3.633212920354408,True,False,False
s__Bosea_sp_47_2_35,3.4390178630053443e-12,6.901004861118627e-11,0.921875,7.265513905125627e-16,3.5209798155608804e-15,5.589871579521551,True,False,False
s__Brachymonas_denitrificans,1.9473732922917622e-11,6.901004861118627e-11,0.7984375,4.883984250855764e-19,3.55028085927592e-18,5.551582461345644,True,False,False
s__Brevundimonas_mediterranea,1.9473735057828648e-11,6.901004861118627e-11,0.8984375,7.111169279741746e-11,1.7607130924076722e-10,2.5685361271399576,True,False,False
s__Brucella_anthropi,1.947373505782731e-11,6.901004861118627e-11,0.8984375,9.605855608233445e-19,6.894329278314384e-18,6.352843229924231,True,False,False
s__Campylobacter_jejuni,1.9473735057827808e-11,6.901004861118627e-11,0.8984375,1.2117470092281974e-08,2.174264283492453e-08,3.2428297208774137,True,False,False
s__Burkholderiales_unclassified_SGB103074,2.167336552546078e-12,6.901004861118627e-11,0.9109375,1.3816170708923862e-18,9.792210989949789e-18,7.975853001556622,True,False,False
s__Candidatus_Fonsibacter_ubiquis,1.9473735057827808e-11,6.901004861118627e-11,0.95,4.0690926128758117e-82,1.5381170076670572e-80,11.910092040843695,True,False,False
s__Candidatus_Methylomirabilis_limnetica,1.9473735057828648e-11,6.901004861118627e-11,0.8984375,0.000210462542381,0.0002425452470122,2.5685361271399576,True,False,False
s__Candidatus_Planktophila_sulfonica,1.9473735057827808e-11,6.901004861118627e-11,0.95,3.4517342558606194e-92,9.785666615364857e-90,13.638303062452415,True,False,False
s__Candidatus_Methylopumilus_universalis,1.9473735057827808e-11,6.901004861118627e-11,0.95,6.019253356731745e-85,3.556075740904522e-83,12.290571809048457,True,False,False
s__Candidatus_Nanopelagicus_SGB64093,1.9473735057827808e-11,6.901004861118627e-11,0.95,1.727242152484293e-72,3.2644876681953134e-71,10.761469190365204,True,False,False
s__Candidatus_Planktophila_limnetica,1.9473735057827808e-11,6.901004861118627e-11,0.95,2.3390645985344443e-73,5.1009601052655e-72,10.861508547295838,True,False,False
s__Candidatus_Saccharimonas_aalborgensis,1.9473735057828438e-11,6.901004861118627e-11,0.8484375,3.969615960295202e-24,4.2467400933724144e-23,7.414807487231376,True,False,False
s__Candidatus_Planktophila_vernalis,1.9473735057827808e-11,6.901004861118627e-11,0.95,1.2594258464583607e-81,4.463090343386816e-80,11.93375136969146,True,False,False
s__GGB34287_SGB47535,1.9473735057827808e-11,6.901004861118627e-11,0.8984375,2.407115247181305e-09,4.755520366382579e-09,2.5685361271399576,True,False,False
s__GGB33141_SGB71463,1.9473735057827808e-11,6.901004861118627e-11,0.8984375,1.6795901564892723e-09,3.438005843788511e-09,2.5685361271399576,True,False,False
s__Jeotgalibaca_porci,1.9473735057828648e-11,6.901004861118627e-11,0.8984375,9.549132053172804e-24,9.84428704390724e-23,7.969106195756723,True,False,False
s__GGB44369_SGB61784,2.167343763387138e-12,6.901004861118627e-11,0.9609375,2.5067824901372358e-15,1.1746658445519116e-14,3.366449913229639,True,False,False
s__GGB34383_SGB60872,1.9473735057827808e-11,6.901004861118627e-11,0.95,7.991243900062163e-74,1.8124141165340984e-72,11.127954760854204,True,False,False
s__GGB34754_SGB82226,1.9473735057827808e-11,6.901004861118627e-11,0.95,6.974227034779391e-79,2.0812561730104814e-77,11.704622882645127,True,False,False
s__GGB35308_SGB112402,1.9473735057826952e-11,6.901004861118627e-11,0.8984375,1.399572449438261e-10,3.2927700366452033e-10,4.274627148071748,True,False,False
s__GGB35331_SGB62019,2.167336552546117e-12,6.901004861118627e-11,0.6609375,1.3782345185260981e-08,2.4497146457814973e-08,5.463941369018485,True,False,False
s__GGB35775_SGB48092,1.9473735057826606e-11,6.901004861118627e-11,0.8984375,4.5619300651743986e-14,1.759601596567268e-13,5.354635490296171,True,False,False
s__GGB38373_SGB52357,1.9473735057827808e-11,6.901004861118627e-11,0.95,4.167597656069509e-71,7.6226705515852e-70,10.597242016233842,True,False,False
s__GGB40324_SGB48413,1.9473735057828296e-11,6.901004861118627e-11,0.8984375,1.1968290675478826e-11,3.2625100062483146e-11,4.699679996647219,True,False,False
s__GGB40481_SGB57069,2.167336552546117e-12,6.901004861118627e-11,0.9109375,1.010912628562706e-12,3.332485234854967e-12,5.153211714855866,True,False,False
s__GGB41726_SGB58815,1.947373505783034e-11,6.901004861118627e-11,0.8984375,1.869550238713225e-09,3.799408549643006e-09,2.5685361271399576,True,False,False
s__GGB42928_SGB123144,1.9473735057826112e-11,6.901004861118627e-11,0.8984375,2.6065490240667145e-13,9.066952740158449e-13,5.175631572754364,True,False,False
s__GGB43230_SGB103465,1.33346560533527e-12,6.901004861118627e-11,0.8953125,6.43563294507497e-10,1.398085777723183e-09,4.789550129493822,True,False,False
s__GGB42932_SGB60155,1.9473735057827808e-11,6.901004861118627e-11,0.8984375,4.833931910068878e-16,2.4042450815868896e-15,5.99639384873659,True,False,False
s__GGB43779_SGB93081,2.1673365525465106e-12,6.901004861118627e-11,0.8609375,4.4645149732312556e-12,1.3464787179904908e-11,3.997836120431363,True,False,False
s__GGB43987_SGB61359,1.947373505782632e-11,6.901004861118627e-11,0.8984375,1.132353357537683e-16,6.114708130703488e-16,6.2463728052763,True,False,False
s__Gloeocapsopsis_crepidinum,1.9473735057828648e-11,6.901004861118627e-11,0.8984375,2.6023498437150506e-12,8.263079014656643e-12,2.7123885330197304,True,False,False
s__GGB96995_SGB136899,1.9473735057828648e-11,6.901004861118627e-11,0.8984375,2.660521468103713e-17,1.6761285249053395e-16,6.43655462481342,True,False,False
s__GGB44403_SGB61822,2.167336552546117e-12,6.901004861118627e-11,0.9109375,2.806080137386694e-16,1.4333760701786085e-15,5.820341633279513,True,False,False
s__GGB44498_SGB103071,1.498413354152939e-11,6.901004861118627e-11,0.9109375,2.6186650149757737e-05,3.2561032094106665e-05,2.7405328404975253,True,False,False
s__GGB81705_SGB112953,1.947373505782914e-11,6.901004861118627e-11,0.8984375,8.053903418289964e-12,2.2719220090400048e-11,4.637912097267848,True,False,False
s__GGB81701_SGB112896,1.9473735057826952e-11,6.901004861118627e-11,0.8984375,1.7970747334301598e-10,4.193174378003706e-10,4.3761294359141765,True,False,False
s__GGB82456_SGB114450,1.9473735057828296e-11,6.901004861118627e-11,0.8984375,3.572705136007408e-12,1.0949858443871352e-11,4.8659639501182586,True,False,False
s__GGB81705_SGB112955,1.947373505782964e-11,6.901004861118627e-11,0.8984375,2.843545958586793e-10,6.449162234074847e-10,4.288999965885375,True,False,False
s__GGB69468_SGB93649,2.167343763387138e-12,6.901004861118627e-11,0.9609375,3.0770725185692805e-15,1.430082063958018e-14,3.363141187547249,True,False,False
s__Erysipelothrix_anatis,1.9473735057828438e-11,6.901004861118627e-11,0.8984375,5.635931647902075e-12,1.664361064771082e-11,3.966258868880271,True,False,False
s__Enorma_massiliensis,1.9473735057827663e-11,6.901004861118627e-11,0.8984375,5.080143571589808e-13,1.7248152126295937e-12,4.725945448750806,True,False,False
s__Enterococcus_faecium,1.9473735057828648e-11,6.901004861118627e-11,0.8984375,1.0050047017574304e-13,3.7002445837432666e-13,4.720196281230181,True,False,False
s__Diaphorobacter_nitroreducens,1.9473735057827446e-11,6.901004861118627e-11,0.8984375,1.4418334692152423e-16,7.64036987892563e-16,5.593556145466852,True,False,False
s__Cutibacterium_acnes,1.0460659302643268e-11,6.901004861118627e-11,0.90625,2.8802244068332156e-10,6.506323660057502e-10,4.295232432288561,True,False,False
s__Clostridium_sp_NSJ_42,5.83342079447177e-12,6.901004861118627e-11,0.9140625,4.6046429034558793e-14,1.7640760312564076e-13,2.7456943885711595,True,False,False
s__Lactobacillus_gasseri,1.9473735057827808e-11,6.901004861118627e-11,0.8984375,1.1558000180361324e-08,2.0870656376639716e-08,3.14833167437472,True,False,False
s__GGB25207_SGB41980,1.9473735057827808e-11,6.901004861118627e-11,0.8984375,2.0409291745390945e-17,1.300232406700749e-16,6.931833765518756,True,False,False
s__GGB31540_SGB44875,1.9473735057826606e-11,6.901004861118627e-11,0.8984375,1.6054121482186364e-14,6.321310333610881e-14,5.669591944357672,True,False,False
s__GGB31685_SGB116318,1.9473735057829e-11,6.901004861118627e-11,0.8984375,3.007457917775694e-12,9.318189286223052e-12,4.945512073171839,True,False,False
s__GGB32215_SGB37143,1.9473735057827808e-11,6.901004861118627e-11,0.8984375,2.9907694947411966e-17,1.8464786794044455e-16,6.674128306314046,True,False,False
s__GGB32489_SGB48813,1.9473735057827808e-11,6.901004861118627e-11,0.95,8.617699902970351e-73,1.7450842303514962e-71,10.82438928003377,True,False,False
s__GGB24856_SGB81948,1.9473735057827808e-11,6.901004861118627e-11,0.95,5.623523639267865e-83,2.452721464203753e-81,12.099783805986178,True,False,False
s__GGB28494_SGB41084,1.947373505782632e-11,6.901004861118627e-11,0.8984375,6.880364455295122e-17,4.018740637990924e-16,6.382201451223857,True,False,False
s__GGB28528_SGB41128,1.9473735057827808e-11,6.901004861118627e-11,0.8984375,9.393554885383472e-17,5.17101516506061e-16,6.27359845465968,True,False,False
s__GGB75623_SGB102995,1.4984180278470048e-11,6.901004861118627e-11,0.9609375,2.132756264164005e-07,3.34978615451798e-07,3.414959509191492,True,False,False
s__GGB74484_SGB51879,1.9473735057827808e-11,6.901004861118627e-11,0.8984375,7.332596860168896e-05,8.771270927670389e-05,2.5685361271399576,True,False,False
s__GGB75193_SGB103433,2.197603274309286e-12,6.901004861118627e-11,0.8796875,5.8548072048198146e-08,9.850669688821469e-08,4.579204040139972,True,False,False
s__GGB75253_SGB103519,5.833420794472021e-12,6.901004861118627e-11,0.9140625,1.550727979594863e-13,5.600399773441321e-13,2.8371746900964823,True,False,False
s__GGB75286_SGB102868,2.167343763387138e-12,6.901004861118627e-11,0.9609375,3.839786237977861e-16,1.9438917829762923e-15,3.3353112946533106,True,False,False
s__GGB16996_SGB25597,1.9473735057826606e-11,6.901004861118627e-11,0.8984375,0.0440817569577901,0.0449538780486816,2.7211267018427248,True,False,False
s__Flavobacterium_supellecticarium,1.9473735057828648e-11,6.901004861118627e-11,0.8984375,1.7061809172959022e-10,3.997539587218085e-10,2.9015611240672943,True,False,False
s__Flavobacterium_microcysteis,1.9473735057828648e-11,6.901004861118627e-11,0.8984375,4.526511895039226e-15,2.0866115808839362e-14,2.684367538746613,True,False,False
s__GGB46555_SGB64420,1.4301722461616673e-12,6.901004861118627e-11,0.903125,1.3641694723117654e-10,3.2228503783365457e-10,5.776104500919134,True,False,False
s__GGB6301_SGB60981,1.9473735057828648e-11,6.901004861118627e-11,0.8984375,3.0461765627518485e-05,3.738489417922724e-05,2.5685361271399576,True,False,False
s__GGB46504_SGB91066,5.5008419189018275e-12,6.901004861118627e-11,0.96875,2.6086263555970706e-12,8.263079014656643e-12,4.412630235747283,True,False,False
s__GGB50122_SGB113622,1.9473735057827944e-11,6.901004861118627e-11,0.8984375,4.240929538946509e-08,7.17793148830648e-08,3.457781647841156,True,False,False
s__GGB54104_SGB124825,1.9473735057828648e-11,6.901004861118627e-11,0.8984375,5.283853188214103e-08,8.916502255111299e-08,2.5685361271399576,True,False,False
s__GGB56321_SGB113200,1.947373505782914e-11,6.901004861118627e-11,0.8984375,5.486806364067792e-12,1.6288058682860934e-11,4.68349324011346,True,False,False
s__GGB56398_SGB113691,1.9473735057828296e-11,6.901004861118627e-11,0.8984375,6.659448244626251e-12,1.9312728143814358e-11,4.81747269124844,True,False,False
s__GGB6264_SGB8922,1.9473735057828648e-11,6.901004861118627e-11,0.8984375,1.1817358901739e-10,2.839170549697464e-10,2.5685361271399576,True,False,False
s__GGB46527_SGB64388,1.9473735057827808e-11,6.901004861118627e-11,0.95,3.1050355156077314e-81,1.035620669029167e-79,11.706538342170404,True,False,False
s__GGB46525_SGB64386,1.9473735057827808e-11,6.901004861118627e-11,0.95,5.5709406402397855e-87,6.317446686031916e-85,12.43395213657221,True,False,False
s__GGB27302_SGB39542,1.9473735057828648e-11,6.901004861118627e-11,0.8984375,8.946937028986495e-15,3.757713552174328e-14,5.810386544823826,True,False,False
s__GGB27469_SGB39758,1.9473735057826606e-11,6.901004861118627e-11,0.8984375,9.655436657719586e-15,3.996082178778836e-14,5.787028025904517,True,False,False
s__GGB27187_SGB39409,1.9473735057826606e-11,6.901004861118627e-11,0.8984375,1.1963090254320758e-14,4.810689485248135e-14,5.601338643390195,True,False,False
s__GGB47408_SGB102670,1.9473735057828438e-11,6.901004861118627e-11,0.8484375,7.162914335618919e-23,6.550600690799883e-22,5.936426165443276,True,False,False
s__GGB47282_SGB65238,1.947373505782815e-11,6.901004861118627e-11,0.8984375,3.1071570494531644e-20,2.5167972100570626e-19,7.0702125065612105,True,False,False
s__GGB46582_SGB64449,1.9473735057827663e-11,6.901004861118627e-11,0.8984375,7.222324003861392e-11,1.7804598739953954e-10,4.312045057190949,True,False,False
s__GGB25232_SGB37168,1.9473735057826606e-11,6.901004861118627e-11,0.8984375,6.590311937224106e-15,2.9893654947248553e-14,5.912834083962599,True,False,False
s__GGB25229_SGB37165,1.9473735057826606e-11,6.901004861118627e-11,0.8984375,9.385992597237817e-15,3.913130737230767e-14,5.692793359467707,True,False,False
s__GGB25206_SGB37138,1.9473735057827808e-11,6.901004861118627e-11,0.8984375,2.9960500618202644e-17,1.8464786794044455e-16,6.771167647935446,True,False,False
s__GGB25206_SGB41973,1.9473735057827808e-11,6.901004861118627e-11,0.8984375,4.2862378328575046e-17,2.5854221821597933e-16,6.66962073149303,True,False,False
s__GGB25250_SGB37186,1.9473735057827808e-11,6.901004861118627e-11,0.8984375,1.4602363045203667e-16,7.666240598731927e-16,6.133844852570964,True,False,False
s__GGB24999_SGB36914,1.9473735057826606e-11,6.901004861118627e-11,0.8984375,1.0977616459544784e-14,4.477919807598484e-14,5.675974643067558,True,False,False
s__GGB25022_SGB36939,1.9473735057827944e-11,6.901004861118627e-11,0.8984375,1.4254126929457402e-14,5.691612654227007e-14,5.710757075384525,True,False,False
s__GGB30069_SGB42979,1.9473735057827808e-11,6.901004861118627e-11,0.8984375,9.042908001474947e-17,5.026792977290487e-16,6.31067730195536,True,False,False
s__GGB28570_SGB41183,1.9473735057827808e-11,6.901004861118627e-11,0.8984375,1.0594026619892968e-16,5.7757818206531875e-16,6.280803114766608,True,False,False
s__GGB28558_SGB41168,1.94737350578295e-11,6.901004861118627e-11,0.8984375,2.9901157810098466e-12,9.31536070237683e-12,4.642089103208497,True,False,False
s__GGB28559_SGB41169,1.9473735057826606e-11,6.901004861118627e-11,0.8984375,1.4690742380529834e-14,5.82493072011218e-14,5.49094524002283,True,False,False
s__GGB28569_SGB41182,1.9473735057827808e-11,6.901004861118627e-11,0.8984375,1.934764427189492e-16,9.972831183785837e-16,6.01455209957194,True,False,False
s__GGB29195_SGB41932,1.9473735057826606e-11,6.901004861118627e-11,0.8984375,7.511595575224059e-15,3.239414949209988e-14,5.811794833507468,True,False,False
s__GGB29038_SGB41759,1.9473735057827808e-11,6.901004861118627e-11,0.8984375,8.100552680403702e-17,4.54753798989e-16,6.617889356319623,True,False,False
s__GGB29233_SGB41982,1.9473735057827808e-11,6.901004861118627e-11,0.8984375,6.612140719470575e-17,3.9052956124373086e-16,6.144857537549021,True,False,False
s__Polynucleobacter_sp_MWH_CaK5,1.9473735057827808e-11,6.901004861118627e-11,0.95,6.271738520113796e-85,3.556075740904522e-83,12.298067757058114,True,False,False
s__Pseudomonas_protegens,1.9473735057828648e-11,6.901004861118627e-11,0.8984375,2.6481847156657237e-10,6.030203750130382e-10,2.5685361271399576,True,False,False
s__Bifidobacterium_minimum,1.9473735057828296e-11,6.901004861118627e-11,0.8984375,1.2049501510336607e-09,2.5345540208088646e-09,2.5685361271399576,True,False,False
s__Bacteroides_propionicifaciens,1.947373505782815e-11,6.901004861118627e-11,0.8984375,4.391400823968893e-12,1.331510303310354e-11,4.949283043283359,True,False,False
s__Bifidobacterium_merycicum,1.9473735057829992e-11,6.901004861118627e-11,0.8984375,9.584354262446353e-13,3.1779700975480013e-12,4.823816720733954,True,False,False
s__Thermomonas_SGB62036,2.167336552546117e-12,6.901004861118627e-11,0.9109375,2.4407172891755296e-11,6.261930782635862e-11,4.172973059074702,True,False,False
s__GGB46437_SGB64294,1.9473735057828438e-11,6.901004861118627e-11,0.8484375,3.7210640899150864e-23,3.516405564969757e-22,6.236869683366428,True,False,False
s__GGB27181_SGB39400,1.947373505782632e-11,6.901004861118627e-11,0.8984375,7.418955432937597e-17,4.249038111591533e-16,6.254004086147408,True,False,False
s__GGB26186_SGB38199,2.1673437633872006e-12,6.901004861118627e-11,0.95,1.076309649186774e-28,1.3561501579753353e-27,8.777781322516253,True,False,False
s__GGB25723_SGB84803,1.9473735057827808e-11,6.901004861118627e-11,0.95,1.1381476878504266e-72,2.2252749621075586e-71,10.782840187486958,True,False,False
s__GGB25723_SGB106723,1.9473735057827808e-11,6.901004861118627e-11,0.95,4.2916762035222536e-77,1.1060820033623262e-75,11.39013780337448,True,False,False
s__GGB25583_SGB37553,1.9473735057826606e-11,6.901004861118627e-11,0.8984375,7.541495119853939e-15,3.239414949209988e-14,5.802632790584692,True,False,False
s__GGB25454_SGB37409,1.9473735057829e-11,6.901004861118627e-11,0.8984375,4.159307342963018e-12,1.267917883580662e-11,4.822268250330325,True,False,False
s__GGB25411_SGB37363,1.9473735057826606e-11,6.901004861118627e-11,0.8984375,6.9329775453453e-15,3.083168816561685e-14,5.834885134224408,True,False,False
s__GGB25377_SGB37325,1.9473735057826606e-11,6.901004861118627e-11,0.8984375,7.270248236536156e-15,3.195527713268217e-14,5.934050870782299,True,False,False
s__GGB25349_SGB37288,1.9473735057826606e-11,6.901004861118627e-11,0.8984375,1.0139019299498682e-14,4.165814451315763e-14,6.011305296999865,True,False,False
s__GGB25251_SGB37187,1.9473735057827808e-11,6.901004861118627e-11,0.8984375,6.945971473070733e-17,4.018740637990924e-16,6.329024293046575,True,False,False
s__Stenotrophomonas_maltophilia,1.947373505782731e-11,6.901004861118627e-11,0.8984375,1.4677141007684091e-18,1.0273998705378862e-17,6.296600925829772,True,False,False
s__Staphylococcus_saccharolyticus,1.947373505782646e-11,6.901004861118627e-11,0.8984375,1.1087555705963878e-08,2.008512487310389e-08,3.1032154292209357,True,False,False
s__GGB44536_SGB61974,1.9473735057827663e-11,6.901004861118627e-11,0.8984375,5.0398864953645774e-11,1.2588615166835751e-10,4.685044281697095,True,False,False
s__GGB44582_SGB62026,2.167343763387138e-12,6.901004861118627e-11,0.9609375,1.866946134712925e-15,8.821320486518572e-15,3.361989957787665,True,False,False
s__GGB45084_SGB103306,2.167336552546117e-12,6.901004861118627e-11,0.9109375,5.469465679216619e-14,2.0813335839703511e-13,3.3411730118594862,True,False,False
s__GGB450_SGB609,1.9473735057828648e-11,6.901004861118627e-11,0.8984375,6.834705767551279e-05,8.192977104020244e-05,2.5685361271399576,True,False,False
s__GGB45217_SGB62738,2.167343763387138e-12,6.901004861118627e-11,0.9609375,8.652507490826063e-15,3.661172945745058e-14,3.387905421743069,True,False,False
s__GGB45764_SGB63487,2.167343763387138e-12,6.901004861118627e-11,0.9609375,1.324073147577169e-16,7.0825422139269345e-16,3.315128441842582,True,False,False
s__Agrobacterium_tomkonis,1.9473735057828296e-11,6.901004861118627e-11,0.8984375,1.0708087424255025e-15,5.1020887139097456e-15,5.62505264721734,True,False,False
s__Acinetobacter_sp_ANC_4862,1.9473735057828438e-11,6.901004861118627e-11,0.8984375,3.444306332292672e-08,5.900065529939412e-08,2.824973139847054,True,False,False
s__Advenella_mandrilli,1.94737350578295e-11,6.901004861118627e-11,0.8984375,4.8685913445265674e-09,9.182632014260091e-09,2.9927507104967046,True,False,False
s__Aerococcaceae_bacterium_DSM_111021,1.9473735057827808e-11,6.901004861118627e-11,0.8984375,1.18461096772937e-11,3.2522881239563497e-11,4.6998981087658365,True,False,False
s__Sarcina_sp_DSM_11001,1.9473735057827808e-11,6.901004861118627e-11,0.8984375,9.459546346286965e-18,6.16501468775254e-17,7.1995908669280535,True,False,False
s__Aerococcus_urinaeequi,1.9473735057829288e-11,6.901004861118627e-11,0.8984375,5.366288455278755e-12,1.601413449548976e-11,4.892399663036376,True,False,False
s__Serratia_sp_PL17,1.9473735057828648e-11,6.901004861118627e-11,0.8984375,2.2371867231619903e-10,5.135566283533801e-10,2.5685361271399576,True,False,False
s__Serratia_proteamaculans,1.9473735057828648e-11,6.901004861118627e-11,0.8984375,2.0161751270744697e-11,5.2199602605078735e-11,2.5685361271399576,True,False,False
s__Staphylococcus_aureus,1.9473735057828648e-11,6.901004861118627e-11,0.8984375,1.6941494865951394e-12,5.489044336568252e-12,2.7103205114215814,True,False,False
s__Pseudomonas_sp_DG56_2,1.9473735057827446e-11,6.901004861118627e-11,0.8984375,4.084331743580183e-19,3.007553374818135e-18,6.18511467632373,True,False,False
s__Psychrobacter_fulvigenes,1.9473735057829288e-11,6.901004861118627e-11,0.8984375,1.1189188080239387e-11,3.0947656787784066e-11,4.820683166087971,True,False,False
s__Psychrobacter_pasteurii,1.947373505782646e-11,6.901004861118627e-11,0.8984375,1.3856735866990035e-11,3.688624054733968e-11,5.0588408787463655,True,False,False
s__Qipengyuania_aerophila,1.9473735057827808e-11,6.901004861118627e-11,0.8984375,1.6814297637570666e-08,2.9792833626570524e-08,2.5685361271399576,True,False,False
s__Salmonella_enterica,1.9473735057829e-11,6.901004861118627e-11,0.8984375,6.541144539455431e-09,1.2080876071241788e-08,3.984546140003195,True,False,False
s__Phycicoccus_elongatus,1.0460659302641898e-11,6.901004861118627e-11,0.85625,2.9739646299273615e-23,2.858030415540363e-22,6.549610191752194,True,False,False
s__Polynucleobacter_asymbioticus,1.9473735057827808e-11,6.901004861118627e-11,0.95,3.345910040277966e-75,8.248395621033074e-74,10.893691328630393,True,False,False
s__Polynucleobacter_sp_es_MAR_4,1.9473735057827808e-11,6.901004861118627e-11,0.95,1.5190405507126345e-86,1.230422846077234e-84,11.982422604684636,True,False,False
s__Polynucleobacter_cosmopolitanus,1.9473735057827808e-11,6.901004861118627e-11,0.95,1.14437678178061e-82,4.63472596621147e-81,11.900041809398516,True,False,False
s__Polynucleobacter_sp_AM_26B4,1.9473735057827808e-11,6.901004861118627e-11,0.95,5.200963725659482e-84,2.4574553603741052e-82,12.160297509630702,True,False,False
s__Polynucleobacter_sp_AP_Ainpum_60_G11,1.9473735057827808e-11,6.901004861118627e-11,0.95,8.101675597680068e-85,4.1760455126223626e-83,12.342175350831557,True,False,False
s__Proteus_mirabilis,1.9473735057828648e-11,6.901004861118627e-11,0.8984375,2.7575876131277226e-12,8.638409815709496e-12,4.568860269976568,True,False,False
s__Polynucleobacter_sp_MWH_Jannik1A5,1.9473735057827808e-11,6.901004861118627e-11,0.95,2.0984184971336963e-78,5.9490164393740296e-77,11.530270372029031,True,False,False
s__GGB44499_SGB61930,1.1136378021044736e-11,6.901004861118627e-11,0.8953125,1.228735419180172e-11,3.3018624771334476e-11,8.460974557006205,True,False,False
s__Pseudomonas_aeruginosa,1.9473735057829e-11,6.901004861118627e-11,0.8984375,9.538080885000722e-25,1.081618372359082e-23,7.102964570663117,True,False,False
s__GGB46575_SGB64440,3.040677729399098e-11,1.0642374437189515e-10,0.803125,4.212498343230816e-05,5.136530237874995e-05,3.9587953046906,True,False,False
s__GGB45018_SGB103278,3.0406784106255757e-11,1.0642374437189515e-10,0.953125,6.273144493739459e-05,7.551747193100368e-05,4.034308219080404,True,False,False
s__Nitrospira_defluvii,3.10362575558432e-11,1.0737139539763436e-10,0.8765625,7.185860240873219e-12,2.0577676571174243e-11,4.238360378706328,True,False,False
s__GGB46505_SGB103527,3.1056276622948914e-11,1.0737139539763436e-10,0.9765625,6.2206147961420636e-12,1.8180869017590467e-11,4.508745634836929,True,False,False
s__GGB67324_SGB91072,3.205600137047095e-11,1.1015607743670926e-10,0.8953125,0.0063720576754335,0.0067030736585729,3.350786087992267,True,False,False
s__GGB67109_SGB90821,3.288451973603753e-11,1.123224258453812e-10,0.871875,4.076245051912677e-13,1.4092871612405413e-12,5.962924977152788,True,False,False
s__Romboutsia_timonensis,3.9052765621986096e-11,1.2949113871987474e-10,0.8776041666666666,3.8935226813996335e-05,4.757817586968949e-05,3.2161997100425266,True,False,False
s__GGB44434_SGB61856,3.905288310599397e-11,1.2949113871987474e-10,0.9609375,9.926158605943611e-10,2.1158390712669274e-09,3.3969226930247727,True,False,False
s__GGB46603_SGB64473,3.905288310599325e-11,1.2949113871987474e-10,0.9609375,1.2858324558817769e-05,1.6420427983895664e-05,5.831527642245686,True,False,False
s__GGB44435_SGB61857,3.9052883105988714e-11,1.2949113871987474e-10,0.95,1.2080701349673976e-11,3.2687815363129237e-11,10.366096413990071,True,False,False
s__GGB38799_SGB54900,3.905288310599397e-11,1.2949113871987474e-10,0.9609375,3.4508891059627372e-09,6.700870284523534e-09,3.146675356806809,True,False,False
s__GGB75334_SGB102785,4.150811236513318e-11,1.3604103879208388e-10,0.9375,3.997432901846848e-10,8.853689278699853e-10,6.825952811029216,True,False,False
s__GGB73686_SGB62915,4.150811236513274e-11,1.3604103879208388e-10,0.9375,3.003418806961107e-07,4.665584831635473e-07,5.976713191497348,True,False,False
s__GGB91291_SGB134920,6.151734926284107e-11,1.9270904437586616e-10,0.8984375,0.0045880703168173,0.0048534251299168,2.5685361271399576,True,False,False
s__GGB77687_SGB108590,6.151734926284264e-11,1.9270904437586616e-10,0.8984375,0.0001852602628308,0.0002152511660349,2.6513589308188887,True,False,False
s__Kurthia_huakuii,6.151734926283951e-11,1.9270904437586616e-10,0.8984375,2.841915528883276e-08,4.8977693157350076e-08,2.5685361271399576,True,False,False
s__Deefgea_tanakiae,6.151734926283683e-11,1.9270904437586616e-10,0.8666666666666666,1.8958116017686463e-20,1.5807723208865036e-19,7.007310871606906,True,False,False
s__GGB57281_SGB78792,6.151734926284043e-11,1.9270904437586616e-10,0.9,6.1252203866149794e-18,4.085882304953757e-17,10.343763209451408,True,False,False
s__GGB93439_SGB131938,6.151734926284107e-11,1.9270904437586616e-10,0.8984375,0.0110883240493029,0.0114727732407933,2.5685361271399576,True,False,False
s__Acinetobacter_pseudolwoffii,6.151734926283838e-11,1.9270904437586616e-10,0.8984375,9.83192184818566e-18,6.334886009001442e-17,7.150590540412535,True,False,False
s__Sphingorhabdus_rigui,6.151734926283683e-11,1.9270904437586616e-10,0.95,2.80828848984682e-78,7.582378922586414e-77,13.64200012011162,True,False,False
s__GGB26464_SGB38629,6.188177624297117e-11,1.9278553368002558e-10,0.9,1.6832917576342646e-24,1.8354354357281312e-23,8.34829091881062,True,False,False
s__GGB46503_SGB91068,7.91746605258684e-11,2.4531165310473983e-10,0.91875,1.1577895145452711e-09,2.449502443086451e-09,2.8869445187197904,True,False,False
s__GGB43920_SGB61282,8.343016646886114e-11,2.5570218588025223e-10,0.853125,2.0643974157594775e-10,4.777605447900506e-10,6.359254504876045,True,False,False
s__GGB41789_SGB58882,8.343016646886535e-11,2.5570218588025223e-10,0.703125,0.0114845089327627,0.0118610502092467,2.3770874675257567,True,False,False
s__GGB45839_SGB63564,1.9470963959623724e-10,5.841289187887734e-10,0.8984375,3.478005138641373e-10,7.794580686204185e-10,5.01171735157444,True,False,False
s__GGB46797_SGB64687,1.9470963959625422e-10,5.841289187887734e-10,0.95,5.552130526427532e-73,1.1659474105497818e-71,12.28547877943468,True,False,False
s__GGB63102_SGB85356,1.9470963959621956e-10,5.841289187887734e-10,0.8984375,2.3548609403218452e-05,2.9345190179395304e-05,3.8180789789112737,True,False,False
s__GGB26945_SGB39146,1.9470963959625776e-10,5.841289187887734e-10,0.8984375,6.960240009169236e-15,3.083168816561685e-14,6.395375170091249,True,False,False
s__Rhodocyclaceae_bacterium,2.6008935786530654e-10,7.640967145577733e-10,0.9609375,1.0383813571994477e-07,1.7016249408441817e-07,3.5245651476064737,True,False,False
s__GGB75611_SGB103138,2.6008935786534434e-10,7.640967145577733e-10,0.95,7.229666692740973e-24,7.591150027378023e-23,10.865137105972988,True,False,False
s__Candidatus_Microthrix_SGB36776,2.6008863558591193e-10,7.640967145577733e-10,0.9109375,3.4213474758569925e-06,4.652048006740803e-06,4.340047764674093,True,False,False
s__GGB24874_SGB36777,2.600886355858721e-10,7.640967145577733e-10,0.7109375,0.0022366213008612,0.0024063838284408,3.600165499748933,True,False,False
s__GGB75190_SGB103598,3.12734298878747e-10,9.140224096095338e-10,0.921875,4.8747305754714065e-09,9.182632014260091e-09,2.9076494200721643,True,False,False
s__GGB44404_SGB88286,4.507178787563179e-10,1.3105489089991399e-09,0.61875,0.0062721794137299,0.0066102708691169,3.0512960614547557,True,False,False
s__GGB63514_SGB85828,6.149032681474747e-10,1.5093080218166608e-09,0.8984375,1.3367468641539735e-09,2.776320410165945e-09,5.9503800331603856,True,False,False
s__GGB46175_SGB63943,6.149032681475284e-10,1.5093080218166608e-09,0.8984375,2.3468851958575325e-06,3.29377204468124e-06,2.5685361271399576,True,False,False
s__Sphaerochaeta_globosa,6.149032681474859e-10,1.5093080218166608e-09,0.8984375,3.9732110555453034e-14,1.543021005817936e-13,6.631707721116209,True,False,False
s__GGB63067_SGB85311,6.149032681474747e-10,1.5093080218166608e-09,0.8984375,1.9956420797516156e-10,4.637414177127729e-10,6.543754061980822,True,False,False
s__Flavobacterium_succinicans,6.149032681474747e-10,1.5093080218166608e-09,0.8484375,0.0009718612473514,0.0010637940680468,2.9002673606861125,True,False,False
s__GGB73596_SGB126134,6.149032681474747e-10,1.5093080218166608e-09,0.8984375,4.092168184263509e-09,7.865285967720032e-09,6.045339746163878,True,False,False
s__GGB89133_SGB125080,6.149032681474747e-10,1.5093080218166608e-09,0.8984375,4.787237194170563e-10,1.052078871742135e-09,6.59118902118633,True,False,False
s__Gemmatimonas_groenlandica,6.149032681474747e-10,1.5093080218166608e-09,0.8984375,7.850674150708467e-06,1.0162859003314386e-05,4.050189473515438,True,False,False
s__GGB7903_SGB11757,6.149032681474747e-10,1.5093080218166608e-09,0.8984375,0.0001613328618847,0.0001893907509081,3.1964129144453803,True,False,False
s__GGB24641_SGB36504,6.149032681475284e-10,1.5093080218166608e-09,0.8984375,1.551415699234682e-06,2.232621069710824e-06,2.5685361271399576,True,False,False
s__GGB75360_SGB102770,6.149032681474747e-10,1.5093080218166608e-09,0.8984375,9.07866172042563e-05,0.0001079161676201,3.470663492632624,True,False,False
s__GGB32963_SGB71265,6.149032681474949e-10,1.5093080218166608e-09,0.8984375,3.2889425310179267e-10,7.400120694790336e-10,7.073177771905758,True,False,False
s__GGB15867_SGB24119,6.149032681475284e-10,1.5093080218166608e-09,0.8984375,1.3114053538894813e-06,1.8968541725901429e-06,2.5685361271399576,True,False,False
s__GGB75354_SGB102763,6.149032681475039e-10,1.5093080218166608e-09,0.8484375,3.6627659376742233e-06,4.95653529036106e-06,4.651522848844515,True,False,False
s__GGB61412_SGB83485,6.149032681474566e-10,1.5093080218166608e-09,0.8984375,1.648047599471955e-05,2.085810243081693e-05,5.004859210275171,True,False,False
s__Pseudanabaena_sp_lw0831,6.149032681474747e-10,1.5093080218166608e-09,0.8984375,5.033139611970533e-05,6.110899700186922e-05,3.755803776916057,True,False,False
s__GGB46017_SGB63756,6.149032681475284e-10,1.5093080218166608e-09,0.8984375,5.504194052266357e-06,7.274773957191199e-06,2.5685361271399576,True,False,False
s__GGB45699_SGB63416,6.149032681475284e-10,1.5093080218166608e-09,0.8984375,1.3093822286069233e-06,1.8968541725901429e-06,2.5685361271399576,True,False,False
s__Shewanella_putrefaciens,6.14903268147466e-10,1.5093080218166608e-09,0.8984375,3.893813771362639e-06,5.256648591339563e-06,2.847172019475213,True,False,False
s__GGB92736_SGB128655,6.149032681474747e-10,1.5093080218166608e-09,0.8984375,1.0569489435319146e-07,1.727060665655895e-07,5.369535711641806,True,False,False
s__GGB93539_SGB132226,6.149032681474566e-10,1.5093080218166608e-09,0.8984375,2.3294488503180108e-05,2.9092455905954013e-05,4.243710279074088,True,False,False
s__GGB96171_SGB133887,6.149032681474747e-10,1.5093080218166608e-09,0.8984375,2.4650556288331798e-09,4.853078269265323e-09,6.272205953417117,True,False,False
s__GGB5886_SGB8489,6.149032681475284e-10,1.5093080218166608e-09,0.8984375,5.135082066492618e-06,6.850803604003093e-06,2.5685361271399576,True,False,False
s__GGB33037_SGB24024,6.149032681474747e-10,1.5093080218166608e-09,0.8984375,1.2713160152059966e-10,3.0287234479907567e-10,6.67854416197546,True,False,False
s__Nitrospira_sp_SCGC_AG_212_E16,6.149032681474566e-10,1.5093080218166608e-09,0.8984375,3.624491737029413e-08,6.19002052679421e-08,5.622319821630795,True,False,False
s__Nitrospira_lenta,6.149032681474747e-10,1.5093080218166608e-09,0.8984375,5.240724386980698e-09,9.839373269596212e-09,5.7824181135419455,True,False,False
s__GGB75661_SGB103104,6.149032681474747e-10,1.5093080218166608e-09,0.8984375,4.447920074428738e-09,8.462988866446627e-09,5.961279224292329,True,False,False
s__GGB40024_SGB62250,6.149032681474747e-10,1.5093080218166608e-09,0.8984375,0.0001929736791093,0.0002237547567587,2.7091764805877827,True,False,False
s__GGB43787_SGB61137,6.149032681474859e-10,1.5093080218166608e-09,0.8984375,6.292358162511397e-08,1.0555523899834209e-07,4.857460357757677,True,False,False
s__Candidatus_Nitrospira_nitrificans,6.149032681474905e-10,1.5093080218166608e-09,0.95,1.0229461467243254e-11,2.84318855486614e-11,7.943751784446459,True,False,False
s__GGB41346_SGB58388,6.149032681475039e-10,1.5093080218166608e-09,0.8984375,2.0963817190271462e-09,4.2001711473088054e-09,5.756754465931151,True,False,False
s__GGB33037_SGB127733,6.149032681474747e-10,1.5093080218166608e-09,0.8984375,3.0843879745418397e-12,9.50460859546317e-12,7.915089186091256,True,False,False
s__Polynucleobacter_difficilis,6.14903268147466e-10,1.5093080218166608e-09,0.95,3.5772417947925594e-64,6.338425305148065e-63,11.487800751534724,True,False,False
s__Pseudanabaena_sp_UWO311,6.149032681474747e-10,1.5093080218166608e-09,0.8984375,5.062063191758316e-05,6.132884251553345e-05,3.754595605568456,True,False,False
s__GGB32963_SGB54433,6.149032681474949e-10,1.5093080218166608e-09,0.8984375,1.2557111093003622e-10,3.00416961592112e-10,7.301262538596964,True,False,False
s__Sulfuricaulis_limicola,6.149032681474747e-10,1.5093080218166608e-09,0.8984375,2.635132457983427e-06,3.67105676579018e-06,4.4792086127145225,True,False,False
s__GGB45969_SGB63701,6.59141083546739e-10,1.5768833718567202e-09,0.984375,1.8197907414177644e-12,5.862621308999275e-12,4.043091171648439,True,False,False
s__GGB44385_SGB103154,6.646809952146002e-10,1.5768833718567202e-09,0.7109375,0.2717352708814854,0.2731806712585146,0.9519732135895784,False,True,False
s__Thauera_phenylacetica,6.646809952145108e-10,1.5768833718567202e-09,0.8776041666666666,0.0001380881254049,0.0001631165981346,2.7022657933645253,True,False,False
s__GGB56727_SGB78161,6.591390409523885e-10,1.5768833718567202e-09,0.784375,7.124275825263514e-08,1.1915824167918618e-07,3.221624900932175,True,False,False
s__GGB46513_SGB64374,6.591390409522899e-10,1.5768833718567202e-09,0.784375,8.785294780542742e-08,1.4522630147427798e-07,4.222061644846871,True,False,False
s__GGB75522_SGB103289,6.646827616821095e-10,1.5768833718567202e-09,0.9609375,0.0029517065671768,0.0031399955414432,4.142021326717575,True,False,False
s__Dechloromonas_sp_H13,6.646809952145908e-10,1.5768833718567202e-09,0.7609375,8.840815181005825e-08,1.457192502218111e-07,4.998420923849579,True,False,False
s__Aquisediminimonas_SGB62114,6.646809952145641e-10,1.5768833718567202e-09,0.8609375,0.0002350370348349,0.0002692242399018,3.7753668738926023,True,False,False
s__Sphingorhabdus_lacus,1.0224114066191109e-09,2.4154469481376494e-09,0.75,1.6546493036312766e-29,2.1818282678114733e-28,9.320064011962652,True,False,False
s__GGB61048_SGB83097,1.0642605022524399e-09,2.5038825924362384e-09,0.96875,3.241136987451669e-07,5.021105660888241e-07,4.557795291350847,True,False,False
s__GGB67335_SGB91088,1.507110943987285e-09,3.5311235753751678e-09,0.9765625,2.309215040976843e-07,3.597046506137006e-07,4.882908695618104,True,False,False
s__GGB43049_SGB60289,1.6605345403949045e-09,3.874580594254778e-09,0.803125,0.0003041742434357,0.000344933592056,3.8606988570685377,True,False,False
s__GGB75636_SGB103039,1.6883002877073785e-09,3.875581744843417e-09,0.8609375,6.869377389545791e-06,8.93334169695519e-06,5.491236635959872,True,False,False
s__GGB70913_SGB95372,1.688304569623042e-09,3.875581744843417e-09,0.9609375,4.258515533261066e-06,5.708222948839301e-06,3.762405595265376,True,False,False
s__Bifidobacterium_pseudocatenulatum,1.684964858723291e-09,3.875581744843417e-09,0.5296875,0.0016950115516945,0.0018376129059479,2.2700404640657244,True,False,False
s__Thermomonas_beijingensis,1.6883045696231464e-09,3.875581744843417e-09,0.9609375,2.3144374543110978e-06,3.256292894775167e-06,3.417938477944911,True,False,False
s__GGB41952_SGB59058,1.931102472168631e-09,4.211288852767745e-09,0.8984375,1.270166527256946e-07,2.0459784686212738e-07,4.821960813829841,True,False,False
s__Methanocorpusculum_bavaricum,1.931102472168631e-09,4.211288852767745e-09,0.8984375,4.509722078063195e-16,2.2628428480193203e-15,7.642661220109627,True,False,False
s__Polynucleobacter_sp_30F_ANTBAC,1.931102472168405e-09,4.211288852767745e-09,0.95,2.754560567707669e-31,3.718656766405353e-30,10.513642781358069,True,False,False
s__GGB46194_SGB63962,1.9311024721685385e-09,4.211288852767745e-09,0.8984375,1.87239652264652e-06,2.6541220708514425e-06,2.5685361271399576,True,False,False
s__GGB24643_SGB36506,1.931102472168419e-09,4.211288852767745e-09,0.8984375,2.4961891549724757e-11,6.375402030943216e-11,6.589215577587627,True,False,False
s__Dysgonomonadaceae_bacterium_zrk40,1.9311024721685104e-09,4.211288852767745e-09,0.8984375,1.1873432833491436e-11,3.2522881239563497e-11,5.9544448365774425,True,False,False
s__Erythrobacter_ramosus,1.9311024721686018e-09,4.211288852767745e-09,0.8484375,4.3606857205704525e-07,6.646529041837221e-07,6.01263502252467,True,False,False
s__Stenotrophomonas_rhizophila,1.9311024721685252e-09,4.211288852767745e-09,0.8984375,0.0003418304051903,0.0003853237370634,2.5685361271399576,True,False,False
s__Polynucleobacter_sp_31A_FELB,1.931102472168405e-09,4.211288852767745e-09,0.95,3.393896210951153e-46,5.498111861740869e-45,12.26285883855902,True,False,False
s__Aquirufa_antheringensis,1.931102472168405e-09,4.211288852767745e-09,0.95,1.9138459731797526e-47,3.1916196082144703e-46,13.876433377426617,True,False,False
s__Sphingobium_xenophagum,1.931102472168482e-09,4.211288852767745e-09,0.8984375,0.0003355399728258,0.0003789863836498,2.9564706482055323,True,False,False
s__Limnohabitans_parvus,1.931102472168405e-09,4.211288852767745e-09,0.95,1.9389089139980557e-50,3.331398043142113e-49,12.485654015811711,True,False,False
s__Aliarcobacter_skirrowii,1.9311024721685252e-09,4.211288852767745e-09,0.8984375,3.0099139366466563e-09,5.884900696822946e-09,5.266014572602755,True,False,False
s__Denitrificimonas_caeni,2.081390203606278e-09,4.521640787144673e-09,0.9453125,8.089422715411367e-11,1.9685419225915216e-10,6.968734673186914,True,False,False
s__GGB45937_SGB63667,2.497623760916957e-09,5.405162871908071e-09,0.8854166666666666,0.0053931828271918,0.0056944779572025,2.915834713702783,True,False,False
s__Acidovorax_SGB22469,4.264177713964528e-09,9.08943144292439e-09,0.9109375,2.106679504882279e-05,2.6426709718324163e-05,2.928040822560702,True,False,False
s__GGB9758_SGB15368,4.264177713964435e-09,9.08943144292439e-09,0.7109375,1.7336687510259394e-05,2.18928771009289e-05,3.995107241563053,True,False,False
s__GGB44854_SGB62331,4.264177713964528e-09,9.08943144292439e-09,0.7609375,0.1451158768675897,0.146406943387764,2.5749330065525644,False,True,False
s__Acidovorax_sp_210_6,4.2641777139643255e-09,9.08943144292439e-09,0.5609375,0.0009284146290453,0.0010182032778892,3.525575396632473,True,False,False
s__GGB44695_SGB62151,4.474482128185286e-09,9.501990137382237e-09,0.784375,0.004533134439564,0.0048042751910893,4.001413642669087,True,False,False
s__Acinetobacter_modestus,6.014598812506397e-09,1.2179562595326435e-08,0.8984375,1.4764713320855948e-05,1.8770386665751844e-05,2.7949735824656186,True,False,False
s__GGB32253_SGB56808,5.811015017256636e-09,1.2179562595326435e-08,0.8453125,5.09231933122739e-05,6.156386057155501e-05,4.8857716531359525,True,False,False
s__GGB41806_SGB58900,5.83105868807235e-09,1.2179562595326435e-08,0.96875,1.241315234810719e-06,1.8186711579784956e-06,3.7130358736670255,True,False,False
s__GGB43386_SGB60698,6.014598812506441e-09,1.2179562595326435e-08,0.8984375,0.0002144049839112,0.0002460883114932,2.5685361271399576,True,False,False
s__Pseudomonas_putida,6.014598812506574e-09,1.2179562595326435e-08,0.8984375,0.0004225631070366,0.000472570575325,2.5685361271399576,True,False,False
s__Neglectibacter_timonensis,6.014598812506834e-09,1.2179562595326435e-08,0.8984375,2.8963810970945048e-05,3.5778825317049764e-05,3.4821379966353967,True,False,False
s__Rhodoferax_sp_TS_BS_61_7,6.0145982913068154e-09,1.2179562595326435e-08,0.6984375,3.3797392099235664e-06,4.606519548141015e-06,4.341092785867233,True,False,False
s__Methanobrevibacter_smithii,5.830864518997914e-09,1.2179562595326435e-08,0.46875,0.0005468981783861,0.0006056470061425,3.18665964933525,True,False,False
s__Flavobacterium_inviolabile,6.014598812506617e-09,1.2179562595326435e-08,0.8984375,0.0001687664646984,0.0001977078212479,2.984733007784568,True,False,False
s__GGB75638_SGB102999,6.014598291306772e-09,1.2179562595326435e-08,0.6984375,1.630330224843878e-05,2.068002768426127e-05,3.889780047448637,True,False,False
s__Flavobacterium_collinsii,6.014598812506881e-09,1.2179562595326435e-08,0.8984375,1.6869063568831575e-06,2.4092592049187667e-06,2.5685361271399576,True,False,False
s__Enterobacter_ludwigii,6.014598812506527e-09,1.2179562595326435e-08,0.8984375,0.0002999990953001,0.0003408807355414,2.5685361271399576,True,False,False
s__Shewanella_xiamenensis,6.0145982913065516e-09,1.2179562595326435e-08,0.8151041666666666,0.0090937581983581,0.009548446108276,2.7526263934363886,True,False,False
s__GGB75167_SGB103639,6.732662951271408e-09,1.3585124175697111e-08,0.7765625,0.0489855207845733,0.0498649735814238,2.5993588120539903,True,False,False
s__Pseudoxanthomonas_mexicana,8.729940832769857e-09,1.7515606732618287e-08,0.921875,1.41357641545641e-11,3.7453169512326375e-11,6.6982695777252586,True,False,False
s__GGB4684_SGB6478,8.802924381020918e-09,1.7515606732618287e-08,0.6875,0.1225092238602069,0.1238194829389257,1.6565939933051244,False,True,False
s__Haliscomenobacter_hydrossis,8.80414095025787e-09,1.7515606732618287e-08,0.9375,2.1590491068003598e-09,4.295371380897557e-09,5.973370863039268,True,False,False
s__Psychrobacter_faecalis,8.802924381020727e-09,1.7515606732618287e-08,0.5875,0.0548515699403884,0.0557362726813624,1.7652126709462217,False,True,False
s__GGB75672_SGB103056,1.0715567950628758e-08,2.080733196786776e-08,0.7109375,0.0309145439367442,0.031639975473166,3.080216469488852,True,False,False
s__GGB24373_SGB36211,1.07155679506295e-08,2.080733196786776e-08,0.8609375,0.0003052462668607,0.0003454583499203,4.84074058174726,True,False,False
s__GGB44548_SGB61987,1.0715567950628836e-08,2.080733196786776e-08,0.7609375,0.0005588668360282,0.0006164931829339,5.1716129483020765,True,False,False
s__Schaalia_sp_JY_X169,1.0715567950629265e-08,2.080733196786776e-08,0.8109375,0.0092105563266973,0.0096532078322318,1.779551614641997,True,False,False
s__GGB44798_SGB62263,1.071556795062915e-08,2.080733196786776e-08,0.8109375,0.0019505234467281,0.0021105854852955,4.271771873432248,True,False,False
s__GGB67138_SGB90854,1.0715567950629893e-08,2.080733196786776e-08,0.9109375,0.0001461605415089,0.0001722931955001,5.469701819527128,True,False,False
s__Diaphorobacter_SGB61891,1.071559247727934e-08,2.080733196786776e-08,0.9609375,0.0001737192372263,0.0002026724434307,4.826242076838351,True,False,False
s__GGB44099_SGB61482,1.182346289176437e-08,2.2880216585769274e-08,0.703125,0.1029419725459108,0.1042287472027347,2.539837558599862,False,True,False
s__GGB46018_SGB63757,1.4675336614572827e-08,2.8206494442246754e-08,0.9296875,2.7152784079229985e-06,3.77343837571652e-06,3.0386919055511434,True,False,False
s__GGB67134_SGB90850,1.4675336613696126e-08,2.8206494442246754e-08,0.8796875,1.2551514060940024e-06,1.834203214575514e-06,6.446749257691457,True,False,False
s__GGB25836_SGB37823,1.853703213821754e-08,3.423614730413467e-08,0.8984375,8.117607665188849e-06,1.046064442309563e-05,2.583692456336829,True,False,False
s__GGB26683_SGB103556,1.853703062811809e-08,3.423614730413467e-08,0.5484375,0.0107104633128145,0.0111020707465554,2.1390341465767744,True,False,False
s__Pseudomonas_extremaustralis,1.8537032138216913e-08,3.423614730413467e-08,0.8984375,0.0004067328939834,0.000455765910847,2.7070966180866174,True,False,False
s__Ralstonia_pickettii,1.8537032138215702e-08,3.423614730413467e-08,0.8984375,0.001686815235805,0.0018322303423399,3.668780521176197,True,False,False
s__Acinetobacter_sp_ANC_4204,1.8537032138215226e-08,3.423614730413467e-08,0.8984375,2.851531320185245e-05,3.530170870185664e-05,3.0151260220395413,True,False,False
s__Epilithonimonas_hominis,1.853703213821685e-08,3.423614730413467e-08,0.8984375,0.0009109579837011,0.0010009945286017,3.410112185448859,True,False,False
s__Sphaerochaeta_associata,1.853703213821685e-08,3.423614730413467e-08,0.8984375,2.4043090363083843e-11,6.196560107212973e-11,6.18771817822292,True,False,False
s__Smithella_sp_F21,1.853703213821644e-08,3.423614730413467e-08,0.8984375,0.0011005402160948,0.0012023242823232,2.5685361271399576,True,False,False
s__Klebsiella_huaxiensis,1.853703062811765e-08,3.423614730413467e-08,0.5484375,0.0027258560013246,0.0029051886329907,1.9790914183240067,True,False,False
s__Mesotoga_prima,1.8537032138217125e-08,3.423614730413467e-08,0.8984375,6.41230654399747e-06,8.396715497567126e-06,2.5685361271399576,True,False,False
s__Klebsiella_michiganensis,1.8537030628117178e-08,3.423614730413467e-08,0.8151041666666666,1.3384272434352929e-05,1.7053668472535078e-05,4.282859975133368,True,False,False
s__Acinetobacter_sp_ANC_4218,1.8537030628117178e-08,3.423614730413467e-08,0.8151041666666666,0.0249364845038588,0.0256141063653767,1.8319176598382405,True,False,False
s__Acinetobacter_parvus,2.5992265188939117e-08,4.784939727963792e-08,0.471875,2.011053265753839e-05,2.533927114849837e-05,3.0009615491453787,True,False,False
s__GGB69498_SGB93685,2.680798679472103e-08,4.88750112945557e-08,0.95,1.2234257630797805e-19,9.634477884253273e-19,10.73101498943467,True,False,False
s__Thermomonas_carbonis,2.6807928797250582e-08,4.88750112945557e-08,0.8609375,0.0037708802793316,0.004003912206706,1.8894186073560917,True,False,False
s__Rhizobacter_SGB88459,2.6807928797250678e-08,4.88750112945557e-08,0.6609375,0.5846521062605254,0.5846521062605254,1.3910794171731269,False,True,False
s__GGB75172_SGB103645,2.979103153030615e-08,5.4139470761806375e-08,0.90625,0.0002433006772018,0.0002775683782162,4.119407069924075,True,False,False
s__Ruminococcus_bicirculans,4.2708524586349885e-08,7.736656051265298e-08,0.9296875,1.984583260832947e-06,2.8061314436216484e-06,5.400905963303432,True,False,False
s__GGB4599_SGB6362,4.435620619337678e-08,7.933744136165983e-08,0.4453125,4.1903957572064273e-07,6.404189742145672e-07,3.893070421278422,True,False,False
s__GGB46571_SGB64436,4.4356206193379484e-08,7.933744136165983e-08,0.6953125,0.1514668160886583,0.1525429568779205,2.042132999578537,False,True,False
s__GGB51647_SGB4348,4.435620619337615e-08,7.933744136165983e-08,0.4953125,0.0094378836096507,0.0098732103444132,1.960952143781577,True,False,False
s__Uruburuella_suis,4.4356206193375726e-08,7.933744136165983e-08,0.7453125,0.0004290824402815,0.0004789168181882,4.070073120115362,True,False,False
s__Flavobacterium_sp_GENT11,5.6426990208471587e-08,9.967010420001055e-08,0.95,1.8967878799789236e-35,2.8302071788106574e-34,13.774402595221389,True,False,False
s__Polynucleobacter_sp_78F_HAINBA,5.642699020847097e-08,9.967010420001055e-08,0.85,6.978373732001827e-29,8.992586150102357e-28,10.442005226851904,True,False,False
s__Aquaspirillum_serpens,5.6426985909843026e-08,9.967010420001055e-08,0.7984375,1.703016274781363e-09,3.473418085615226e-09,5.257875291146226,True,False,False
s__Erysipelatoclostridium_ramosum,5.642699020846973e-08,9.967010420001055e-08,0.8984375,5.551836613334638e-07,8.372051488725372e-07,5.108809575138212,True,False,False
s__GGB15004_SGB62020,6.68148034939829e-08,1.1692614430752686e-07,0.9109375,4.417593462963952e-05,5.375054707082749e-05,3.028325563401059,True,False,False
s__GGB25719_SGB61051,6.681493960429356e-08,1.1692614430752686e-07,0.9609375,0.0001505700311673,0.0001771228374935,3.381578136792,True,False,False
s__GGB23787_SGB63754,6.681493960430105e-08,1.1692614430752686e-07,0.9609375,1.2226623644714852e-06,1.795983317759928e-06,3.8403785365595966,True,False,False
s__Holdemanella_porci,7.110552052504271e-08,1.240517850390745e-07,0.6041666666666667,0.0004817508408965,0.0005345454535975,3.0275654510819976,True,False,False
s__Nitrosomonas_oligotropha,7.251882830353604e-08,1.2612937315369612e-07,0.91875,0.002444595794171,0.002620200028913,4.976683540400577,True,False,False
s__GGB57008_SGB103561,8.232064374515703e-08,1.423042835472744e-07,0.753125,0.4022740503398719,0.4036980292791281,1.7419339644691187,False,True,False
s__Moraxellaceae_bacterium_AER2_44_116,8.23206437451605e-08,1.423042835472744e-07,0.703125,0.0100599659577868,0.0104762743521569,3.0131490988190945,True,False,False
s__GGB24445_SGB36288,8.956229498839359e-08,1.5435204029914638e-07,0.90625,2.734289097621596e-06,3.790567037534095e-06,2.981684936798727,True,False,False
s__Flavobacterium_franklandianum,9.164644438090919e-08,1.5746525443628942e-07,0.984375,1.2982215642636837e-07,2.0793548783545447e-07,3.924789372765389,True,False,False
s__GGB42125_SGB59267,1.6936959635447784e-07,2.807969623771963e-07,0.8984375,0.0012249201139553,0.0013356340473321,3.2967860466176875,True,False,False
s__Pseudomonas_brenneri,1.6936959635449393e-07,2.807969623771963e-07,0.8984375,0.0022848331200514,0.0024535992027825,2.713816519511174,True,False,False
s__Raoultella_terrigena,1.6936959635448827e-07,2.807969623771963e-07,0.8984375,0.0002004390009967,0.0002319365582962,2.9366573497143937,True,False,False
s__Aeromonas_sobria,1.69369596354498e-07,2.807969623771963e-07,0.9,9.671993243805756e-26,1.1425042019245551e-24,8.199927582571902,True,False,False
s__Acinetobacter_kyonggiensis,1.693695963544974e-07,2.807969623771963e-07,0.8984375,4.171465871340278e-06,5.604789452724971e-06,2.859647855500846,True,False,False
s__GGB45669_SGB63385,1.660155940190667e-07,2.807969623771963e-07,0.9609375,4.375752931857866e-07,6.651613706068122e-07,4.313324451459813,True,False,False
s__Citrobacter_portucalensis,1.6936958435596164e-07,2.807969623771963e-07,0.5651041666666667,6.129460399325159e-06,8.044916774114271e-06,3.092619535265801,True,False,False
s__Flavobacterium_oncorhynchi,1.6936959635449933e-07,2.807969623771963e-07,0.8984375,0.0020621664372986,0.0022271397522825,2.8691104553248703,True,False,False
s__Methanoculleus_SGB45879,1.6936959635449642e-07,2.807969623771963e-07,0.8984375,2.941863828439058e-06,4.053759367965178e-06,2.946100528130033,True,False,False
s__Simplicispira_SGB61893,1.660152769095077e-07,2.807969623771963e-07,0.8609375,0.0001215817204925,0.0001439182369922,5.575856039800788,True,False,False
s__GGB42856_SGB80180,1.6936959635449933e-07,2.807969623771963e-07,0.8984375,1.8393043539647044e-06,2.6203154992411746e-06,2.990862938838585,True,False,False
s__GGB26653_SGB38834,1.6936959635449245e-07,2.807969623771963e-07,0.8984375,2.4339325043210825e-06,3.4075055060495157e-06,5.68598046921824,True,False,False
s__GGB75173_SGB103644,1.7254701763714954e-07,2.835772724645364e-07,0.9921875,1.122700492831646e-12,3.679602193269037e-12,4.866618573997958,True,False,False
s__GGB46599_SGB103509,1.7254701763707346e-07,2.835772724645364e-07,0.9921875,2.0886506273823546e-13,7.355682644259598e-13,6.462059274856485,True,False,False
s__GGB62437_SGB95276,1.725470176371518e-07,2.835772724645364e-07,0.9921875,2.2403326264031427e-13,7.841164192410999e-13,5.158789080252102,True,False,False
s__GGB41707_SGB58791,1.9951933769848458e-07,3.260157480072134e-07,0.8875,0.0005489250040792,0.000606706583456,3.689119610481229,True,False,False
s__GGB4552_SGB6276,1.995193378456844e-07,3.260157480072134e-07,0.9375,3.0178008398992e-05,3.7116986469042217e-05,4.307994007208469,True,False,False
s__Thiothrix_unzii,2.1559897707831372e-07,3.512776436879422e-07,0.903125,3.3709604008140185e-06,4.6056254150880685e-06,4.439616278166442,True,False,False
s__Arcobacter_acticola,2.4252499354900296e-07,3.94016250264426e-07,0.853125,2.674886108677108e-23,2.614931764861931e-22,7.60536632474758,True,False,False
s__Acidovorax_facilis,2.65523877993925e-07,4.3014868235015856e-07,0.90625,0.0007785583680105,0.0008571700867222,3.059603882238167,True,False,False
s__Comamonas_denitrificans,3.293700141339934e-07,5.320592536010663e-07,0.44999999999999996,1.6814033370371354e-27,2.0284163661703314e-26,8.625134826507635,True,False,False
s__GGB40645_SGB64801,3.869558928477726e-07,6.233067933087701e-07,0.9296875,3.1117236870041934e-25,3.6007088378191385e-24,9.258907390230757,True,False,False
s__Collinsella_aerofaciens,4.115266299049175e-07,6.591401106104187e-07,0.6276041666666667,4.353465069640446e-09,8.311160587495397e-09,4.959658586471868,True,False,False
s__Enterococcus_aquimarinus,4.115266299049001e-07,6.591401106104187e-07,0.4609375,7.62586925292892e-08,1.2642888498276897e-07,4.082980808656404,True,False,False
s__Pseudomonas_fluvialis,4.134963639702518e-07,6.604294038623458e-07,0.4140625,9.766293771801394e-16,4.692786922552026e-15,5.175336036929518,True,False,False
s__Pseudomonas_simiae,5.005484661134815e-07,7.754398368480115e-07,0.8984375,0.0001720337973415,0.0002011199239024,2.845730609648668,True,False,False
s__Clostridium_leptum,5.005484661135312e-07,7.754398368480115e-07,0.8984375,3.1768952268895217e-06,4.350965202044345e-06,4.886327797526512,True,False,False
s__GGB75612_SGB103140,5.005484661134982e-07,7.754398368480115e-07,0.85,2.8383186836870944e-14,1.109880478379712e-13,8.510914645543224,True,False,False
s__Polynucleobacter_yangtzensis,5.005484661135064e-07,7.754398368480115e-07,0.9,1.4964241401233055e-31,2.0694450913412546e-30,12.494569040529797,True,False,False
s__Streptococcus_suis,5.005484333355364e-07,7.754398368480115e-07,0.4484375,0.000114657614276,0.0001360059985241,2.388527649823616,True,False,False
s__Flavobacterium_sp_GENT5,5.005484661135017e-07,7.754398368480115e-07,0.95,7.746608444274984e-41,1.22009082997331e-39,13.776564676278973,True,False,False
s__GGB55003_SGB76235,5.005484661135296e-07,7.754398368480115e-07,0.8984375,2.8638768753123314e-06,3.960532166590468e-06,3.310686705101384,True,False,False
s__Ruthenibacterium_lactatiformans,5.005484661135312e-07,7.754398368480115e-07,0.8984375,1.606152374152574e-06,2.299718172082095e-06,4.95110672432795,True,False,False
s__Sphaerotilus_montanus,5.005484661135017e-07,7.754398368480115e-07,0.8484375,0.0004499645379749,0.0005002546922192,3.8224760840902032,True,False,False
s__Desulfovibrio_desulfuricans,5.005484333355564e-07,7.754398368480115e-07,0.3984375,1.266959171309576e-08,2.2590121073349987e-08,3.3173452489365576,True,False,False
s__Acinetobacter_sp_WCHAc010034,5.005484333355656e-07,7.754398368480115e-07,0.4484375,1.863310206625064e-06,2.647861872572459e-06,3.399686749203476,True,False,False
s__GGB75341_SGB102802,6.025721671071553e-07,9.309493698903462e-07,0.9421875,2.1760095972945935e-10,5.015436754739979e-10,4.335139494320958,True,False,False
s__GGB35206_SGB49924,6.40490366180308e-07,9.868424935441159e-07,0.921875,1.698328896102276e-07,2.6898114080726e-07,3.7995656851971145,True,False,False
s__Coprococcus_comes,8.884460382659556e-07,1.3651731807501269e-06,0.9453125,5.047160186911296e-06,6.749386382025248e-06,4.641024637792166,True,False,False
s__Oscillospiraceae_bacterium_CLA_AA_H250,9.890838420937875e-07,1.511618702067864e-06,0.9296875,9.303345496207924e-07,1.388157077986814e-06,5.242027908938463,True,False,False
s__Moraxella_osloensis,9.890587002604123e-07,1.511618702067864e-06,0.7296875,0.0207815165962966,0.0213849726136119,2.3690690186098937,True,False,False
s__Thauera_terpenica,1.0184233392617814e-06,1.5439733512337702e-06,0.9609375,0.0002138350969138,0.0002459320485804,4.074742307312766,True,False,False
s__Blautia_obeum,1.0184216540047898e-06,1.5439733512337702e-06,0.4609375,5.26856149915438e-06,6.995958711991882e-06,3.779611137143122,True,False,False
s__Simplicispira_sp_110,1.0184216540047015e-06,1.5439733512337702e-06,0.7109375,0.0379747932277352,0.0387958698380646,2.32865932650218,True,False,False
s__GGB23780_SGB65296,1.13002705693645e-06,1.7086009100879124e-06,0.70625,2.6895085585558932e-20,2.210074424204625e-19,6.676162082563844,True,False,False
s__Candidatus_Syntrophosphaera_thermopropionivorans,1.1529175149631137e-06,1.7385750824044828e-06,0.9765625,2.5085338681317837e-06,3.503297298597836e-06,4.573514769693927,True,False,False
s__Acidovorax_sp_BoFeN1,1.2003842862000526e-06,1.8053524940992832e-06,0.7109375,9.289008711503673e-18,6.124265045840213e-17,6.429643939784011,True,False,False
s__Aquella_oligotrophica,1.454519950579443e-06,2.1365616890637005e-06,0.8484375,8.052316340895253e-06,1.0400144340062887e-05,4.228206551027734,True,False,False
s__Bacteroides_faecis,1.4545198631082772e-06,2.1365616890637005e-06,0.5984375,0.0864455647333962,0.0876827105614234,1.7626138929695634,False,True,False
s__Candidatus_Velamenicoccus_archaeovorus,1.4545199505794937e-06,2.1365616890637005e-06,0.8984375,2.9455888176396e-06,4.053759367965178e-06,3.812279699400904,True,False,False
s__Coprococcus_eutactus,1.4545199505795208e-06,2.1365616890637005e-06,0.8984375,3.5550324684252117e-06,4.8222569607586e-06,4.94568204020329,True,False,False
s__Citrobacter_braakii,1.4545198631082902e-06,2.1365616890637005e-06,0.4484375,0.000271029575785,0.0003085818664058,2.3701407274777857,True,False,False
s__Caedimonas_varicaedens,1.4545199505794622e-06,2.1365616890637005e-06,0.7,4.77885232749711e-10,1.052078871742135e-09,6.446033638289206,True,False,False
s__Arenimonas_maotaiensis,1.4545199505794723e-06,2.1365616890637005e-06,0.8984375,3.0359562247120085e-06,4.168007698333436e-06,3.5808230017882936,True,False,False
s__Acinetobacter_bouvetii,1.4545198631082315e-06,2.1365616890637005e-06,0.5984375,0.0100697875166235,0.0104762743521569,2.60685726527738,True,False,False
s__Kaistella_chaponensis,1.454519950579459e-06,2.1365616890637005e-06,0.8984375,4.1130459423628966e-07,6.302964998161519e-07,3.6893835170116223,True,False,False
s__Anaerostipes_hadrus,1.4596637132850642e-06,2.138577068301373e-06,0.953125,1.2069304860994592e-09,2.5345540208088646e-09,6.646219077005339,True,False,False
s__Oliverpabstia_intestinalis,1.5285779214949691e-06,2.233772374968164e-06,0.8541666666666666,1.8146023329199967e-08,3.1952780210112985e-08,5.693191436450459,True,False,False
s__GGB4571_SGB6317,1.8169769102503285e-06,2.6416048925947084e-06,0.921875,2.7227051244872626e-05,3.378060843729273e-05,3.719222341040053,True,False,False
s__Dorea_formicigenerans,1.8169661217531694e-06,2.6416048925947084e-06,0.5885416666666667,0.0002009514386198,0.000232055938284,2.89442727984555,True,False,False
s__GGB24759_SGB36651,2.227393488421971e-06,3.230005391138766e-06,0.90625,5.7131042793777085e-06,7.533325875365491e-06,3.4352994141313795,True,False,False
s__GGB46168_SGB63936,2.3803248801826156e-06,3.442969915978426e-06,0.9453125,1.0138047545698776e-08,1.8542815994874865e-08,4.434000616281281,True,False,False
s__Tessaracoccus_sp_MC1627,2.5178589283879014e-06,3.6142430693568104e-06,0.9609375,1.1835207753331456e-05,1.5147997282480666e-05,3.989470625375787,True,False,False
s__Bifidobacterium_adolescentis,2.5178550841240613e-06,3.6142430693568104e-06,0.4609375,3.9210262206413786e-08,6.656352895519946e-08,4.339051204521896,True,False,False
s__Candidatus_Cibionibacter_quicibialis,2.517855084124103e-06,3.6142430693568104e-06,0.4609375,4.59015597892553e-07,6.940315840135401e-07,4.499441969678953,True,False,False
s__Flavobacterium_cheniae,2.7565650216507475e-06,3.936958103969707e-06,0.9296875,2.1085681651152016e-06,2.97402524781174e-06,4.232335041350789,True,False,False
s__Faecalibacillus_intestinalis,2.7565009808516014e-06,3.936958103969707e-06,0.8463541666666666,9.65186133388964e-12,2.695864717396761e-11,6.6601746671309305,True,False,False
s__Flavobacterium_dankookense,2.869081394527253e-06,4.087359675117971e-06,0.9921875,5.4856456047775295e-09,1.0233052449710837e-08,4.279718014257773,True,False,False
s__GGB4567_SGB6308,3.3792004224112966e-06,4.790016598768013e-06,0.9140625,3.319216530744673e-07,5.128053877199535e-07,4.933016610531183,True,False,False
s__Ruminococcus_gnavus,3.379200422411172e-06,4.790016598768013e-06,0.9140625,9.18194979131679e-08,1.5090334874424984e-07,5.428240179170819,True,False,False
s__Blautia_massiliensis,3.7756618953340707e-06,5.338654101382588e-06,0.7864583333333334,1.21229159421869e-07,1.963537649874271e-07,5.342518681562298,True,False,False
s__Pseudomonas_chengduensis,4.150209155033276e-06,5.725471338042127e-06,0.4817708333333333,2.29578509861647e-08,3.9686285088888376e-08,4.199879245539117,True,False,False
s__GGB41158_SGB46801,4.150209382601965e-06,5.725471338042127e-06,0.8984375,1.8595577373011043e-13,6.589807731560787e-13,7.144504322036331,True,False,False
s__Candidatus_Nitrotoga_SGB102975,4.1502093826017034e-06,5.725471338042127e-06,0.8984375,0.0003925100616839,0.0004415738193944,3.952753739778648,True,False,False
s__Phocaeicola_paurosaccharolyticus,4.1502093826019245e-06,5.725471338042127e-06,0.6,4.995767562689763e-13,1.7063856674970456e-12,6.275193704200299,True,False,False
s__GGB73886_SGB39359,4.150209382601672e-06,5.725471338042127e-06,0.8984375,6.451256060519292e-07,9.702552218340684e-07,3.81384288991166,True,False,False
s__Pseudomonas_alcaligenes,4.15020915503326e-06,5.725471338042127e-06,0.4817708333333333,0.0002389359274431,0.000273138449315,2.700222675947621,True,False,False
s__GGB3433_SGB4573,4.150209382601662e-06,5.725471338042127e-06,0.8984375,1.1058751637026355e-06,1.6328937964046732e-06,4.945568644738626,True,False,False
s__Acidaminococcus_intestini,4.150209155033222e-06,5.725471338042127e-06,0.6484375,0.0098136445279323,0.0102473967722608,2.012469579352942,True,False,False
s__GGB42087_SGB59228,4.150209382601832e-06,5.725471338042127e-06,0.8984375,1.276893284004988e-07,2.0509872295490887e-07,3.753781713987282,True,False,False
s__Megamonas_funiformis,4.150209155033199e-06,5.725471338042127e-06,0.5484375,0.0001758436630619,0.0002047296857414,3.313709344035158,True,False,False
s__Gemmiger_formicilis,4.1719602709302185e-06,5.728106287736196e-06,0.4375,7.146129732919185e-08,1.1917222231074055e-07,4.427998433236996,True,False,False
s__GGB24645_SGB36508,4.172324333042414e-06,5.728106287736196e-06,0.9375,9.78648745164013e-09,1.7957729401553247e-08,4.3815767879935805,True,False,False
s__GGB75744_SGB102634,4.189377247649219e-06,5.737625360910887e-06,0.7921875,0.0135489274098191,0.0139677124388499,2.825634255197444,True,False,False
s__GGB75646_SGB103098,4.408892599941187e-06,6.009235827323685e-06,0.784375,1.0973261923971332e-05,1.407655997939309e-05,4.593385050325893,True,False,False
s__Arcobacter_caeni,4.408892599936569e-06,6.009235827323685e-06,0.6984375,2.9798776203980333e-18,2.0356513382719094e-17,5.0962860493021385,True,False,False
s__Candidatus_Saccharibacteria_bacterium_CAG1,4.700935037639799e-06,6.391918864128935e-06,0.7484375,8.022006420034997e-17,4.54753798989e-16,4.978699046924081,True,False,False
s__Azonexus_hydrophilus,5.082524560116158e-06,6.8942378602532575e-06,0.421875,9.557216783168833e-14,3.5417921019978617e-13,5.40302887060598,True,False,False
s__Arcobacter_suis,5.613106475722998e-06,7.577693744461226e-06,0.6484375,3.8349056786006695e-19,2.8991886930221064e-18,5.2986455072308765,True,False,False
s__Zoogloea_ramigera,5.613106477378686e-06,7.577693744461226e-06,0.7109375,2.0427457280100144e-12,6.543710891421911e-12,4.58742159478383,True,False,False
s__GGB46516_SGB64377,6.101412662926634e-06,8.217341994962949e-06,0.9921875,1.4523343066145098e-07,2.313127954636031e-07,5.79666257994266,True,False,False
s__Methanothrix_soehngenii,6.222703945877171e-06,8.341071246601314e-06,0.5109375,0.0025471367867761,0.0027249557700038,2.456941095085362,True,False,False
s__Bifidobacterium_longum,6.222703945877171e-06,8.341071246601314e-06,0.4609375,1.166354317393966e-06,1.7177218128892952e-06,3.9377010708333295,True,False,False
s__Acidovorax_sp_1608163,6.28756080474573e-06,8.38834582656683e-06,0.8,7.362012621479787e-15,3.2109701202915685e-14,6.511904827294616,True,False,False
s__Candidatus_Megaira_endosymbiont_of_Carteria_cerasiformis,6.287560804745859e-06,8.38834582656683e-06,0.7,6.833642048703931e-15,3.0751389219167696e-14,9.08126942384257,True,False,False
s__Ruminococcus_torques,7.588795604566189e-06,1.0100580065232463e-05,0.9296875,4.112417553691685e-07,6.302964998161519e-07,5.228627934546779,True,False,False
s__Streptococcus_salivarius,9.429568776446528e-06,1.2491975458517943e-05,0.9140625,1.1020923377182688e-10,2.670454510625036e-10,6.42676020845046,True,False,False
s__Lachnospira_pectinoschiza,9.429568776447406e-06,1.2491975458517943e-05,0.9140625,4.30464991890205e-09,8.245731432491428e-09,6.1027801373209565,True,False,False
s__GGB24669_SGB36543,1.026707749430264e-05,1.356977375121118e-05,0.984375,8.477439883385091e-05,0.0001009812691991,5.069901564758522,True,False,False
s__GGB25847_SGB37835,1.105875508586347e-05,1.458212589228974e-05,0.96875,2.0784297851275442e-09,4.178970525416019e-09,5.846325533237367,True,False,False
s__Undibacterium_amnicola,1.1611786698112307e-05,1.5031697224633777e-05,0.7666666666666666,3.581032654678661e-09,6.929848174753586e-09,5.827728919184752,True,False,False
s__Citrobacter_freundii,1.1611786698112713e-05,1.5031697224633777e-05,0.3984375,2.1350951954782886e-09,4.2626724501274285e-09,4.299146007104525,True,False,False
s__Candidatus_Gastranaerophilales_bacterium,1.1611786698112307e-05,1.5031697224633777e-05,0.4984375,0.0003935334571638,0.0004418484558651,2.558906397279203,True,False,False
s__Eubacterium_siraeum,1.1611787274055722e-05,1.5031697224633777e-05,0.8984375,2.2515645667480264e-08,3.9040890194071286e-08,5.669250743519952,True,False,False
s__GGB47559_SGB65524,1.1611787274055485e-05,1.5031697224633777e-05,0.8984375,1.938599633091017e-07,3.061799420508654e-07,4.335547397357114,True,False,False
s__Phocaeicola_coprocola,1.1611786698112603e-05,1.5031697224633777e-05,0.6984375,0.0014550192421498,0.0015834854324356,2.393195812518344,True,False,False
s__Lelliottia_amnigena,1.1611787274055591e-05,1.5031697224633777e-05,0.8984375,6.74363733319047e-07,1.0115455999785707e-06,4.078454426649678,True,False,False
s__beta_proteobacterium_CB,1.1611787274055591e-05,1.5031697224633777e-05,0.95,3.010984241727846e-33,4.268070162649222e-32,12.945003246952696,True,False,False
s__Dorea_longicatena,1.6732686656101707e-05,2.1611465453324985e-05,0.9453125,2.635256103848202e-10,6.02496052774972e-10,6.834286011716998,True,False,False
s__Flavobacterium_sp_HXWNR29,1.693302862867724e-05,2.182051643740908e-05,0.85,1.2780160921884268e-10,3.031946126656227e-10,7.475745909554256,True,False,False
s__Alistipes_shahii,1.7418006665024247e-05,2.2394579997888316e-05,0.90625,1.034362872796797e-06,1.5393274248708231e-06,4.516101810845171,True,False,False
s__GGB2275_SGB136518,2.2852759284617402e-05,2.9315643697687935e-05,0.7765625,0.01041218703146,0.0108126557634392,3.291898134020651,True,False,False
s__Streptococcus_thermophilus,2.5852433505296292e-05,3.301425630068243e-05,0.4140625,2.970461629174655e-05,3.661416834221803e-05,3.2472411327860566,True,False,False
s__Candidatus_Cloacimonas_acidaminovorans,2.582268491721755e-05,3.301425630068243e-05,0.96875,1.832526991012904e-08,3.2168507860814756e-08,5.989350166109972,True,False,False
s__GGB61782_SGB83906,2.7873922506422267e-05,3.543613018193211e-05,0.8166666666666667,7.753731947184932e-21,6.561740319483368e-20,7.773404514151527,True,False,False
s__Aquaspirillum_sp_LM1,2.787392250642279e-05,3.543613018193211e-05,0.8166666666666667,2.786165072128472e-22,2.430393224456683e-21,7.70533359151424,True,False,False
s__Trichococcus_shcherbakoviae,3.014170127490251e-05,3.814809067604849e-05,0.8875,1.4720970711239014e-09,3.035196506644553e-09,3.8511208319875823,True,False,False
s__Lachnospira_eligens,3.0139570054457137e-05,3.814809067604849e-05,0.8541666666666666,4.2863957795590576e-11,1.0801717364488828e-10,6.704423250758079,True,False,False
s__Roseburia_sp_AF02_12,3.18106721714254e-05,3.972830643435788e-05,0.8984375,3.9035326721267525e-06,5.257251841082824e-06,4.130147939843305,True,False,False
s__GGB6612_SGB9346,3.1810670756906556e-05,3.972830643435788e-05,0.5651041666666667,0.0021417409273136,0.0023086827106214,1.8224784698708527,True,False,False
s__Bacteroides_luti,3.1810672171425584e-05,3.972830643435788e-05,0.8984375,6.378792905052141e-10,1.3910675296786786e-09,3.837565436531205,True,False,False
s__Bacteroides_intestinalis,3.181067217142588e-05,3.972830643435788e-05,0.8984375,2.0954984988833823e-05,2.634473722542966e-05,3.984241490469738,True,False,False
s__Leclercia_adecarboxylata,3.181067217142356e-05,3.972830643435788e-05,0.8984375,3.7894040390989927e-08,6.452228499006392e-08,4.020876781271358,True,False,False
s__Pseudomonas_fluorescens,3.18106721714257e-05,3.972830643435788e-05,0.8984375,1.0875084500601528e-06,1.614181390534311e-06,5.0451560985756325,True,False,False
s__Fusicatenibacter_saccharivorans,3.8045782404858084e-05,4.730692680604065e-05,0.4609375,5.177861803803801e-06,6.89166113323182e-06,3.304088373698161,True,False,False
s__Mediterraneibacter_faecis,3.804578240485704e-05,4.730692680604065e-05,0.4609375,6.036945015502661e-06,7.941874301136911e-06,3.1906821589413354,True,False,False
s__Polymorphobacter_arshaanensis,4.6529237150689224e-05,5.7477292950851395e-05,0.9,5.04301218947829e-18,3.404033227897846e-17,6.590500583145719,True,False,False
s__GGB54287_SGB75505,4.652923253971972e-05,5.7477292950851395e-05,0.821875,7.42955961367413e-11,1.823619177901832e-10,4.75639492258554,True,False,False
s__Zoogloea_oleivorans,4.652923715068861e-05,5.7477292950851395e-05,0.953125,7.222147509107009e-12,2.0577676571174243e-11,5.654229254051975,True,False,False
s__GGB54260_SGB75478,4.727402604634794e-05,5.8032857873078025e-05,0.85625,3.528571457665486e-17,2.151290340318635e-16,5.81678744486209,True,False,False
s__Ferribacterium_limneticum,4.728602216872287e-05,5.8032857873078025e-05,0.80625,1.2396685812211726e-08,2.21732519101705e-08,5.2814570304968935,True,False,False
s__Lachnospiraceae_bacterium_CLA_AA_H244,4.728603234102654e-05,5.8032857873078025e-05,0.90625,1.2117592832162525e-08,2.174264283492453e-08,5.524686563100142,True,False,False
s__Lactococcus_raffinolactis,5.451595604845873e-05,6.676144077640627e-05,0.9453125,4.786740755182421e-12,1.4360222265547264e-11,6.253485559105416,True,False,False
s__Phascolarctobacterium_faecium,6.95417710482292e-05,8.497884522488353e-05,0.4140625,1.0988964150461207e-06,1.6268257632667114e-06,3.309120318773041,True,False,False
s__GGB39817_SGB99175,7.297845979646303e-05,8.898663807439686e-05,0.9296875,7.810077655663125e-20,6.237062015156325e-19,6.035092089870743,True,False,False
s__Prevotella_herbatica,7.570649858195777e-05,9.172133482045006e-05,0.7984375,8.113735453371786e-12,2.277469307951388e-11,4.132699499608377,True,False,False
s__Simplicispira_metamorpha,7.5706498581958e-05,9.172133482045006e-05,0.8296875,8.307990462654047e-10,1.784329769820017e-09,4.6632837757155805,True,False,False
s__Tolumonas_auensis,7.570649858195878e-05,9.172133482045006e-05,0.7984375,2.738729168951352e-12,8.62699688219676e-12,4.226599789216613,True,False,False
s__Aeromonas_hydrophila,8.519171437633561e-05,0.0001012656227492299,0.8984375,5.486504311661541e-09,1.0233052449710837e-08,5.387044191512056,True,False,False
s__Flavobacterium_celericrescens,8.519171437633203e-05,0.0001012656227492299,0.8984375,7.917070589399921e-07,1.1844271831635238e-06,4.21922280551378,True,False,False
s__Odoribacter_splanchnicus,8.519171437633293e-05,0.0001012656227492299,0.8984375,3.634182212936707e-07,5.599405746562806e-07,4.26135137267429,True,False,False
s__GGB6613_SGB9347,8.519171101446225e-05,0.0001012656227492299,0.7317708333333334,2.277896733828667e-05,2.851142269494159e-05,3.364551350514221,True,False,False
s__Pseudomonas_veronii,8.519171437633577e-05,0.0001012656227492299,0.8984375,1.3845420192204506e-06,1.997545355974543e-06,4.149476957985504,True,False,False
s__Roseburia_inulinivorans,8.519171437633065e-05,0.0001012656227492299,0.8984375,2.1519766577121807e-07,3.370637472162449e-07,4.674391990599171,True,False,False
s__Sulfurospirillum_sp_UCH001,8.519171101446268e-05,0.0001012656227492299,0.6984375,3.818247362330955e-05,4.675909836807023e-05,2.8749369771876854,True,False,False
s__Candidatus_Bipolaricaulis_anaerobius,8.519171437633626e-05,0.0001012656227492299,0.8984375,1.5174477199250311e-09,3.117365424628596e-09,5.055460242608602,True,False,False
s__Brotolimicola_acetigignens,8.519171437633466e-05,0.0001012656227492299,0.8984375,1.1229101537891017e-07,1.8295691298805198e-07,4.995270472419687,True,False,False
s__Blautia_wexlerae,9.41835475835765e-05,0.00011102301762970859,0.4609375,1.2072005610112298e-07,1.961268533218817e-07,4.201397595948637,True,False,False
s__GGB42821_SGB60031,9.418354758357428e-05,0.00011102301762970859,0.9109375,2.507310542476255e-09,4.919187119667946e-09,5.147582847500495,True,False,False
s__GGB42821_SGB52415,9.418354758357995e-05,0.00011102301762970859,0.9109375,9.5332964148235e-09,1.7549932036379628e-08,4.777735783900175,True,False,False
s__Ornithinibacter_SGB87564,9.388933792887669e-05,0.00011102301762970859,0.8109375,5.642445130004836e-05,6.8069497632186e-05,4.842887227974605,True,False,False
s__Alistipes_finegoldii,0.0001255999422666628,0.00014774930967883365,0.90625,7.427090660637206e-08,1.2349444001704676e-07,4.571662894794718,True,False,False
s__Blautia_faecis,0.0001457392825969161,0.00017073176287696576,0.9296875,6.186339541930499e-13,2.087889595401544e-12,6.988840895658965,True,False,False
s__GGB24768_SGB36661,0.00014573712400934333,0.00017073176287696576,0.6296875,6.55135677235368e-05,7.869956122721475e-05,2.5146709549036084,True,False,False
s__Leuconostoc_citreum,0.00015766125257886466,0.00018393812800867546,0.8984375,1.452527120804453e-11,3.8128836921116886e-11,5.393839987202142,True,False,False
s__Prevotella_paludivivens,0.00015766125257866468,0.00018393812800867546,0.7484375,1.981713413264731e-09,3.998688631035952e-09,3.5760120490682894,True,False,False
s__Acinetobacter_bohemicus,0.00016068072324358583,0.00018707591392015023,0.6796875,0.0026302232628043,0.0028085434840113,4.959553336756625,True,False,False
s__Segatella_sinensis,0.00022263521811642027,0.0002555347632422858,0.5651041666666667,0.0004481354372438,0.000499199986085,1.7516116735277023,True,False,False
s__Flavobacterium_aquatile,0.00022263521811642415,0.0002555347632422858,0.8166666666666667,6.676004790454346e-12,1.9312728143814358e-11,5.831649914057964,True,False,False
s__Rivicola_pingtungensis,0.00022263521811642339,0.0002555347632422858,0.7484375,2.001395239593101e-07,3.152197502359134e-07,3.511095848099383,True,False,False
s__Desulfovibrio_sp_86,0.00022263521811642339,0.0002555347632422858,0.4484375,6.51370536851574e-06,8.495409884469665e-06,2.434659955097011,True,False,False
s__GGB4962_SGB6925,0.00022263522582308498,0.0002555347632422858,0.8484375,4.817125467327268e-09,9.134816521654051e-09,3.6837390103527854,True,False,False
s__GGB57993_SGB79614,0.00022263521811642027,0.0002555347632422858,0.4984375,7.72231420630688e-06,1.00195701486865e-05,2.8857960755062284,True,False,False
s__GGB25734_SGB37713,0.0002226352258230805,0.0002555347632422858,0.8984375,1.1038281693441204e-08,2.005995423134988e-08,5.0481298322220525,True,False,False
s__Ruminococcus_bromii,0.000233349248831821,0.00026729095775281314,0.7942708333333334,1.4388660152593822e-11,3.794590840242185e-11,7.731616547764409,True,False,False
s__Acinetobacter_sp_ANC_4805,0.0002585876967735249,0.00029560327433586416,0.75625,9.125056706003555e-06,1.1732215764861716e-05,4.361666320297807,True,False,False
s__Acidovorax_sp_KKS102,0.00026454201541559273,0.0003018014542065213,0.521875,7.739655532613805e-05,9.238704604193742e-05,2.070745510955056,True,False,False
s__Roseburia_faecis,0.0003779595341295512,0.00043032742138846496,0.9296875,5.799865549927579e-12,1.7038983247714703e-11,7.113652116682559,True,False,False
s__Fluviibacter_phosphoraccumulans,0.00040306110624350696,0.0004579872690181732,0.65,1.2018932362578577e-23,1.216916901711081e-22,11.147677800383567,True,False,False
s__Prevotella_oryzae,0.0004149713502377086,0.0004705775111695616,0.7666666666666666,1.1116326894804188e-10,2.6821095103633927e-10,4.663505641409125,True,False,False
s__GGB47501_SGB75672,0.0005665946402644244,0.000641235850359139,0.8984375,1.881713127120926e-09,3.8104690824198755e-09,6.653276269620317,True,False,False
s__Dialister_invisus,0.0007484381281336387,0.0008453474475134924,0.4453125,1.2155233070650249e-07,1.963537649874271e-07,3.4930849998864675,True,False,False
s__GGB65286_SGB88265,0.0007545605164652659,0.0008505682163733713,0.9609375,1.7834379579353755e-08,3.150184804203607e-08,6.590850581819925,True,False,False
s__Azospira_oryzae,0.0008235743931019191,0.000926521192239659,0.5729166666666667,1.3023185417659283e-06,1.8933708030289264e-06,2.916984060977075,True,False,False
s__Flavobacterium_sp_9R,0.0008291233523396465,0.0009309167144090684,0.621875,2.0160827340629005e-08,3.517288954503583e-08,3.2132608343679605,True,False,False
s__Flavobacterium_sasangense,0.0008762810106141899,0.0009819196304708413,0.6640625,1.2924695741333315e-06,1.8838823869758327e-06,2.745203208665821,True,False,False
s__Bacteroides_stercoris,0.0011722094198504038,0.0013109324281167238,0.7473958333333334,7.918868943819026e-11,1.935344263424736e-10,5.002277217631606,True,False,False
s__Bacteroides_cellulosilyticus,0.0014008867665570067,0.0015483485709629023,0.5651041666666667,4.5896714593655126e-07,6.940315840135401e-07,2.580141623731812,True,False,False
s__Aeromonas_caviae,0.0014008867665569731,0.0015483485709629023,0.3984375,1.7509061905353762e-16,9.107924862693197e-16,6.471274199629111,True,False,False
s__Bacteroides_thetaiotaomicron,0.0014008867665569918,0.0015483485709629023,0.4484375,2.240854302845259e-07,3.500177382130198e-07,2.683145823158785,True,False,False
s__Bacteroides_fragilis,0.001400886802299739,0.0015483485709629023,0.8984375,2.565048473198774e-11,6.521894548447105e-11,6.018489855132755,True,False,False
s__Lactococcus_lactis,0.0014008868022997688,0.0015483485709629023,0.8984375,1.3440083329038746e-09,2.781214323928821e-09,4.966000826515494,True,False,False
s__Acetoanaerobium_noterae,0.0014008867665569894,0.0015483485709629023,0.3984375,6.161732857992922e-17,3.677581611033671e-16,5.861321246268711,True,False,False
s__Bacteroides_xylanisolvens,0.0017446406984177162,0.0019245355564257687,0.7317708333333334,1.075742445681073e-09,2.2844418228508187e-09,4.121330602429659,True,False,False
s__Cloacibacterium_caeni,0.0018688746833758394,0.002057576593153594,0.421875,4.6223320240787e-23,4.296495504348563e-22,6.646258917214901,True,False,False
s__Akkermansia_muciniphila,0.0018813912006562551,0.002063343927992524,0.4453125,5.616815022268254e-09,1.041835117523982e-08,3.2921769007971764,True,False,False
s__Parabacteroides_distasonis,0.0018813912006563228,0.002063343927992524,0.4453125,3.8320094490560877e-11,9.699773917923224e-11,4.227474497025757,True,False,False
s__Escherichia_coli,0.0020234419882984283,0.002214848662867199,0.40625,8.172308466667419e-22,7.020755910000646e-21,7.970263553280772,True,False,False
s__Faecalibacterium_prausnitzii,0.002392929088329495,0.002614240449099853,0.9296875,6.184764628486813e-15,2.8280335035096958e-14,8.030832996456965,True,False,False
s__GGB67319_SGB91067,0.002637398658651977,0.002875778922030137,1.0,6.104760092558335e-16,3.0099121499831097e-15,10.996750388433288,True,False,False
s__Phocaeicola_massiliensis,0.002898477462523275,0.0031483462092925228,0.5140625,6.517642503958208e-06,8.495409884469665e-06,2.603220435655948,True,False,False
s__Parabacteroides_merdae,0.0028984774625232267,0.0031483462092925228,0.6640625,9.745059693963414e-10,2.0850750364065118e-09,3.848369747968317,True,False,False
s__Bacteroides_eggerthii,0.0033557035998836187,0.0036310762235381906,0.8984375,3.9370220577079336e-10,8.754084340079993e-10,5.325605878820722,True,False,False
s__Aliarcobacter_butzleri,0.0033557035283328703,0.0036310762235381906,0.3984375,5.622602221557998e-09,1.041835117523982e-08,3.348276679837693,True,False,False
s__Aeromonas_salmonicida,0.004118380334280903,0.004447850761023375,0.471875,1.6159496170742257e-07,2.566508215353182e-07,3.061480110096489,True,False,False
s__Alistipes_onderdonkii,0.005805419813594058,0.006257933525300059,0.9296875,1.1687632005811817e-14,4.733490962353785e-14,7.351470842622882,True,False,False
s__Alistipes_putredinis,0.006395029519223954,0.0068804207540796615,0.453125,1.2790320038822068e-11,3.42080729340194e-11,3.959070601993714,True,False,False
s__Trichococcus_flocculiformis,0.008705428148358209,0.009295626666891236,0.4609375,1.0527298739843076e-08,1.919285654498721e-08,3.804898272170204,True,False,False
s__Bacteroides_uniformis,0.008705428148358459,0.009295626666891236,0.4609375,9.133923598627997e-13,3.0464321649541617e-12,4.949654836000438,True,False,False
s__Phocaeicola_vulgatus,0.008705428148358459,0.009295626666891236,0.4609375,8.554198623228184e-14,3.2120732578611786e-13,5.034265071585408,True,False,False
s__Eubacterium_rectale,0.008705428148358368,0.009295626666891236,0.4609375,6.274466577886492e-16,3.066915991087622e-15,6.614367428855937,True,False,False
s__GGB43468_SGB60787,0.00936682771565074,0.009983066381154078,0.9,1.37382234060514e-07,2.1942458228820125e-07,5.44840643609281,True,False,False
s__GGB41796_SGB58890,0.010128291080069182,0.010774373437897234,1.0,2.3943085420757062e-09,4.746758543206033e-09,4.78866018735792,True,False,False
s__Phocaeicola_dorei,0.011267802345363228,0.01196412720940253,0.4453125,1.4015853394525526e-12,4.567234985457456e-12,4.555107911401063,True,False,False
s__GGB41936_SGB59041,0.013202061946063793,0.013991717987697515,0.4,7.395999284202394e-23,6.656399355782156e-22,7.881256520699461,True,False,False
s__Macellibacteroides_fermentans,0.01708098184757983,0.01806887445443613,0.5,1.6675459510873857e-18,1.153047017398229e-17,7.1684361061668325,True,False,False
s__Bacteroides_caccae,0.01727480802195692,0.018239881095809263,0.4484375,1.242816219856374e-09,2.5907235171270742e-09,3.266005250115372,True,False,False
s__GGB47467_SGB65430,0.017892960084520564,0.01885745049799844,0.95,6.767384547278779e-14,2.558071358871378e-13,9.724599108012573,True,False,False
s__Segatella_copri,0.018672728843337413,0.019642740731302993,0.4453125,1.0506688888417125e-13,3.8434145804725873e-13,4.64327799871842,True,False,False
s__Bacteroides_ovatus,0.024458543162306553,0.02568147032042188,0.40625,1.98959215304305e-11,5.174764911813805e-11,3.691839163190344,True,False,False
s__GGB44257_SGB103370,0.024567371124312277,0.025748058091469614,0.95,7.205802265157028e-12,2.0577676571174243e-11,5.873487632094749,True,False,False
s__Aeromonas_media,0.025273550912799255,0.026439305106194057,0.36197916666666663,1.1796348933820496e-22,1.0450827883556597e-21,7.980340892434578,True,False,False
s__GGB41799_SGB83534,0.030560901981567395,0.031165524143075045,1.0,8.778210429114254e-14,3.2745034955972245e-13,4.510591650936669,True,False,False
s__GGB46599_SGB64468,0.030560901981567395,0.031165524143075045,1.0,8.371988493031634e-15,3.5691108838713816e-14,7.269287958917468,True,False,False
s__GGB46263_SGB80728,0.030560901981568616,0.031165524143075045,0.95,1.6728653469238349e-13,6.003257289277306e-13,7.360249264937496,True,False,False
s__GGB67334_SGB91087,0.030560901981567395,0.031165524143075045,1.0,1.752488106190777e-13,6.24943871830296e-13,5.490541584468788,True,False,False
s__GGB24407_SGB36248,0.030560901981567395,0.031165524143075045,1.0,1.718987728989704e-23,1.709940425152916e-22,11.236019105350003,True,False,False
s__GGB26682_SGB64469,0.030560901981568425,0.031165524143075045,0.95,1.4524583937100371e-24,1.614791978889394e-23,10.962980427266768,True,False,False
s__GGB75380_SGB103363,0.030560901981568328,0.031165524143075045,0.95,1.7559818632409538e-11,4.5882106749199125e-11,4.648592508076112,True,False,False
s__GGB45918_SGB63647,0.030560901981568616,0.031165524143075045,0.95,8.790497253864695e-13,2.94923783605993e-12,5.2671223798910765,True,False,False
s__GGB45985_SGB63721,0.030560901981567395,0.031165524143075045,1.0,3.9956761604447833e-19,2.9809847144370945e-18,8.314420673798745,True,False,False
s__GGB45847_SGB63572,0.030560901981569178,0.031165524143075045,0.95,4.768093215448629e-13,1.6384902140359837e-12,5.0266303539251735,True,False,False
s__GGB75170_SGB103651,0.030560901981568425,0.031165524143075045,0.95,1.2106598282640456e-11,3.2687815363129237e-11,4.8539308032345225,True,False,False
s__GGB75160_SGB103632,0.030560901981567395,0.031165524143075045,1.0,1.2656046134680094e-19,9.830107066251526e-19,9.365318841273744,True,False,False
s__GGB24172_SGB35979,0.030560901981567395,0.031165524143075045,1.0,1.2762222288533481e-13,4.638576947178515e-13,5.462248347729904,True,False,False
s__GGB68788_SGB92796,0.030560901981568616,0.031165524143075045,0.95,7.393343122049796e-12,2.096012775101117e-11,5.779353906589737,True,False,False
s__Bacteroides_graminisolvens,0.038545932921999676,0.03923796044304096,0.25,1.0450497871488978e-33,1.519341613624167e-32,9.85639848431468,True,False,False
s__GGB46504_SGB64365,0.03924658882353547,0.03987959832068927,0.9,3.777590519205276e-10,8.432652851926737e-10,4.827232297785349,True,False,False
s__GGB75267_SGB103593,0.04834785372475686,0.04895220189631633,0.85,3.966158318297948e-09,7.649019613860329e-09,4.834036862617121,True,False,False
s__GGB46509_SGB64370,0.04834785372475681,0.04895220189631633,0.85,1.5789118332715476e-06,2.266437998645488e-06,4.2595928882216665,True,False,False
s__GGB67335_SGB103624,0.0514948915116946,0.05204563901449347,1.0,1.3054642300844778e-19,1.0002678627809445e-18,10.47804175386196,False,False,True
s__GGB56729_SGB91086,0.05170429218901214,0.05216429478855851,0.65,0.0280980533613454,0.0288093964844175,2.306040511609799,False,False,True
s__Acinetobacter_johnsonii,0.06936211014196669,0.06985491376642117,0.21875,0.5643673862912406,0.5653645018147234,1.943533146748972,False,False,False
s__GGB46510_SGB64371,0.07309063524227824,0.07347941521697121,0.75,2.9270363382175128e-08,5.0291806174828185e-08,5.58432238625018,False,False,True
s__Nitrospira_sp_ND1,0.1303690901881624,0.13083057369325324,0.75,4.3650955115349375e-11,1.0951367942656235e-10,7.34797736807268,False,False,True
s__Acidovorax_temperans,0.2495059050268723,0.24994672818063005,0.15000000000000002,1.7807950882252455e-28,2.1950235109211183e-27,7.996538349096496,False,False,True
s__Aliarcobacter_cryaerophilus,0.5287622753058245,0.5287622753058245,0.061224489795918324,6.015627580077583e-36,9.21854280514592e-35,11.092719459595054,False,False,True
