species,n_cohorts,pooled_effect,pooled_se,z_score,p_value,Q_statistic,Q_pvalue,I2_heterogeneity,min_effect,max_effect,effect_range,p_adjusted,significant
s__Aeromonas_caviae,4,-2.7274406336019608,0.29692760996714224,-9.185540657211963,0.0,22.473728430286812,5.198087259117301e-05,86.65108012982378,-3.222368730589889,3.1552576107783916,6.3776263413682805,0.0,True
s__Aliarcobacter_cryaerophilus,4,-3.1582326082101906,0.25032557110912307,-12.61650016103804,0.0,387.6345926817522,0.0,99.22607526349874,-6.778970660781081,3.8516605598650235,10.630631220646105,0.0,True
s__GGB45918_SGB63647,4,-2.2002116529677105,0.1934644800960824,-11.372690490135426,0.0,28.579406412703555,2.7447067142416515e-06,89.50293103825103,-2.5359472550050715,3.8560765323557216,6.3920237873607935,0.0,True
s__Limnohabitans_sp_G3_2,4,-2.49429882067421,0.1644899266552501,-15.163839338939836,0.0,293.7183433175949,0.0,98.97861333203963,-3.638348365209369,9.063021701528402,12.701370066737772,0.0,True
s__Limnohabitans_sp_Rim47,4,-2.993653497627519,0.16465339489199865,-18.18154736251354,0.0,399.97794634382825,0.0,99.24995864711472,-4.238433718614619,10.86327776174415,15.10171148035877,0.0,True
s__Limnohabitans_sp_Rim11,4,-2.458671034004839,0.1647450219454712,-14.924099101571837,0.0,263.1651667992264,0.0,98.86003150170374,-3.548753615129592,8.79423745128907,12.342991066418662,0.0,True
s__beta_proteobacterium_CB,4,-3.3942566928068714,0.17979935500765268,-18.878024855330565,0.0,284.4367780914025,0.0,98.9452840732727,-4.732343755962285,8.067085591856435,12.79942934781872,0.0,True
s__Aquirufa_antheringensis,4,-2.84681191404673,0.17958660475925717,-15.852028150223076,0.0,321.5775722161881,0.0,99.06709912033817,-4.191643876189185,9.539215602103457,13.730859478292643,0.0,True
s__Limnohabitans_sp_Hippo3,4,-2.174015509939498,0.16502161187122186,-13.174126014694593,0.0,189.28672761014283,0.0,98.41510282423032,-3.1510464177849364,7.601115859255104,10.75216227704004,0.0,True
s__GGB46555_SGB64420,4,-2.059318372232946,0.19485114976749973,-10.568674471206178,0.0,21.56715874418572,8.025655009058497e-05,86.08996189259854,-2.339494322386758,3.2910362793984036,5.6305306017851615,0.0,True
s__GGB46527_SGB64388,4,-2.288005496423042,0.16463025496319267,-13.897843363812955,0.0,237.17668544290714,0.0,98.73512019345505,-3.353246959284035,8.207717483752399,11.560964443036433,0.0,True
s__GGB46525_SGB64386,4,-2.3667650363552393,0.1641481945843672,-14.41846523105555,0.0,294.31696671264297,0.0,98.98069077243207,-3.5351004078844857,8.75327782955375,12.288378237438236,0.0,True
s__Escherichia_coli,4,-2.554138961764469,0.2922781764374404,-8.738726212462051,0.0,26.01253379600384,9.47994990296852e-06,88.46709811690519,-3.1106148522450603,3.962481514958716,7.073096367203776,0.0,True
s__GGB46797_SGB64687,4,-2.3674364872410663,0.1643668716802468,-14.403367680116157,0.0,275.4032327484525,0.0,98.9106881680143,-3.4979820686001033,8.641922811700603,12.139904880300707,0.0,True
s__Nitrospira_sp_SCGC_AG_212_E16,4,-1.4849264207618362,0.17051617487511989,-8.708419725280283,0.0,32.85432749695494,3.4567814821695464e-07,90.8687828101852,-2.735184386721501,4.833489894394289,7.56867428111579,0.0,True
s__Nitrosomonas_oligotropha,4,-1.5945315669414588,0.17644662239732747,-9.036906149163046,0.0,44.362694424593,1.2638354807137375e-09,93.23756133636257,-2.5410405192211787,2.290069122045427,4.831109641266606,0.0,True
s__GGB47467_SGB65430,4,-3.853978408249,0.1975417550223568,-19.509690028889466,0.0,38.60447954197616,2.1049646359294627e-08,92.22888111536905,-4.118432110878718,5.460593097999885,9.579025208878603,0.0,True
s__GGB38373_SGB52357,4,-2.1776979059582207,0.16558234578247172,-13.151751750268707,0.0,156.72612986668221,0.0,98.08583290957806,-3.075922877799894,7.375745239299977,10.45166811709987,0.0,True
s__GGB46437_SGB64294,4,-1.4390076807140944,0.1682349992887382,-8.553557148024566,0.0,25.886893959011296,1.0071866809235885e-05,88.41112415900444,-1.9858297945830405,4.1054659896494154,6.0912957842324555,0.0,True
s__GGB46263_SGB80728,4,-2.7003652429238483,0.19674989369897283,-13.72486252549343,0.0,24.056290198416455,2.431306243966258e-05,87.52924920984916,-2.952644737731682,2.946344244110597,5.898988981842279,0.0,True
s__Candidatus_Nanopelagicus_SGB64093,4,-2.202805614935606,0.16550348810132728,-13.309723198020865,0.0,164.71027243722725,0.0,98.17861997578608,-3.1169796713327345,7.498915619898495,10.61589529123123,0.0,True
s__Candidatus_Methylopumilus_universalis,4,-2.4073088119252306,0.1646567111818809,-14.620168195064343,0.0,259.7808359486571,0.0,98.84518040407225,-3.4992553260035466,8.645742583910936,12.144997909914483,0.0,True
s__Candidatus_Megaira_endosymbiont_of_Carteria_cerasiformis,4,4.2422538401489955,0.1307506797880773,32.44536737418807,0.0,730.2881798897017,0.0,99.58920326487373,-3.387229408326936,5.901024814622328,9.288254222949265,0.0,True
s__Candidatus_Fonsibacter_ubiquis,4,-2.3520028992027964,0.1648123191895315,-14.27079547675093,0.0,236.09057662939966,0.0,98.72930125258273,-3.404135383952358,8.360382757757368,11.764518141709726,0.0,True
s__Candidatus_Nitrospira_nitrificans,4,-2.5322436672877235,0.1801421818854286,-14.056916824168612,0.0,120.55763410837112,0.0,97.51156364158304,-3.5797657791536026,4.218412106158884,7.798177885312487,0.0,True
s__Erythrobacter_ramosus,4,-2.228949340743626,0.1843379188201508,-12.09164861472858,0.0,35.69728013223497,8.677276319701832e-08,91.59599838170591,-2.9034420563515115,2.9636190670391858,5.867061123390697,0.0,True
s__Cloacibacterium_caeni,4,-3.2837625104041663,0.2955758567499449,-11.109711552598853,0.0,46.075659676098695,5.465248253955224e-10,93.48897005254116,-4.045076282940464,3.183086632624113,7.228162915564576,0.0,True
s__Deefgea_tanakiae,4,-1.5514268020479556,0.16726371786299868,-9.275333717732428,0.0,45.24092746935176,8.223620673319942e-10,93.3688362113435,-2.1784400916431603,4.683296880829774,6.861736972472935,0.0,True
s__Limnohabitans_sp_63ED37_2,4,-2.5895161567963627,0.16456127492731282,-15.735878066939865,0.0,309.1702718039607,0.0,99.02966091063819,-3.746237710027806,9.38668973598371,13.132927446011516,0.0,True
s__Limnohabitans_sp_2KL_3,4,-2.4178582468748258,0.1644429106732059,-14.70332917957033,0.0,280.35709536796924,0.0,98.92993612447636,-3.5492902374417046,8.795847318225407,12.345137555667112,0.0,True
s__Limnohabitans_sp_2KL_27,4,-2.268232888853372,0.1646422208436875,-13.776738902270084,0.0,232.30928130440083,0.0,98.70861810464257,-3.326399992316742,8.127176582850518,11.453576575167261,0.0,True
s__Limnohabitans_parvus,4,-2.5041607677813698,0.17833016853207523,-14.04227219877808,0.0,262.1804968125552,0.0,98.85575012768977,-3.763065498338747,8.577014618338993,12.34008011667774,0.0,True
s__Candidatus_Syntrophosphaera_thermopropionivorans,4,-1.7251291237267796,0.19845889449348933,-8.692626894499679,0.0,21.837481763499063,7.051234118460314e-05,86.26215223673618,-2.6156404536842466,2.546889567417189,5.1625300211014356,0.0,True
s__GGB68788_SGB92796,4,-2.6582322881268423,0.1966436625264194,-13.518016568521269,0.0,23.275043933639683,3.538804236380422e-05,87.11065805695831,-2.9099495109838003,3.2623364575495626,6.172285968533362,0.0,True
s__Flavobacterium_aquatile,4,-1.9446240104617394,0.18017686012593778,-10.792862130589413,0.0,57.34285363116332,2.1712631692594186e-12,94.76831059141844,-2.789409418312611,3.263350416394267,6.052759834706878,0.0,True
s__Fluviibacter_phosphoraccumulans,4,3.707115519417013,0.23146582848945266,16.0158220485921,0.0,461.1144584453231,0.0,99.34940231323158,-3.8682600336801123,7.066506217901065,10.934766251581177,0.0,True
s__Candidatus_Planktophila_limnetica,4,-2.216723662417362,0.16544504689610315,-13.39854957283447,0.0,170.15596456250617,0.0,98.23691164296626,-3.1419895105653928,7.573945137596472,10.715934648161864,0.0,True
s__Flavobacterium_sp_GENT5,4,-2.9603925304876366,0.1794610373529262,-16.496018156106828,0.0,315.72835219359877,0.0,99.04981609058649,-4.307199802710862,9.323790974434138,13.630990777145,0.0,True
s__Flavobacterium_sp_GENT11,4,-2.8945152088297172,0.18012942616705405,-16.06908582579568,0.0,317.9734249912434,0.0,99.05652492811856,-4.2386271561601445,9.39020153992727,13.628828696087414,0.0,True
s__GGB25723_SGB106723,4,-2.3187091600895924,0.16538269934845123,-14.020264327674408,0.0,189.52278243162922,0.0,98.4170768487518,-3.2741468245850536,7.970417079655453,11.244563904240508,0.0,True
s__GGB75160_SGB103632,4,-2.4177850517244153,0.17973504694677006,-13.451939912645202,0.0,28.62451681757663,2.685474741026539e-06,89.51947374651272,-3.3181944546711994,7.766599885409113,11.084794340080313,0.0,True
s__GGB24856_SGB81948,4,-2.4083497567516066,0.16495110760875364,-14.600385481884452,0.0,236.23062556696811,0.0,98.73005458424376,-3.4515583252379782,8.50265158161423,11.95420990685221,0.0,True
s__GGB89133_SGB125080,4,-1.7615944730620925,0.17063758350458788,-10.323601851843671,0.0,33.130663801569696,3.0226209524197856e-07,90.9449444841553,-3.007582356315292,5.6506838031756645,8.658266159490957,0.0,True
s__GGB26682_SGB64469,4,-2.6723996318929495,0.19465107120034494,-13.729180196200296,0.0,24.35406520115381,2.106942632129627e-05,87.68172797756216,-2.941326305661499,5.8167227084450115,8.758049014106511,0.0,True
s__GGB75380_SGB103363,4,-1.584233211037688,0.19087764219259615,-8.2997316649542,0.0,14.302422541095329,0.0025211116820585966,79.02453244280775,-1.8327540863871346,3.885790565598371,5.718544651985505,0.0,True
s__GGB75611_SGB103138,4,2.8467896674735185,0.13740786254086132,20.717807662767196,0.0,1404.7989688703487,0.0,99.7864463124989,-3.627205346327163,7.092357860511852,10.719563206839014,0.0,True
s__GGB25723_SGB84803,4,-2.2059671113181105,0.1654925108356988,-13.32970960545881,0.0,165.8002784450771,0.0,98.19059411230495,-3.122322420613173,7.514943867739812,10.637266288352986,0.0,True
s__GGB24407_SGB36248,4,-2.2115206268976606,0.1798028198482195,-12.299699352682651,0.0,22.771435375170302,4.5064099474911856e-05,86.82559992124536,-3.0985626853728614,7.107704577514101,10.206267262886962,0.0,True
s__Candidatus_Saccharimonas_aalborgensis,4,-1.7428274150331906,0.16849692654471676,-10.343378070879341,0.0,25.941403770257907,9.810662898179778e-06,88.43547547939741,-2.2803142455492775,4.988919342548126,7.2692335880974035,0.0,True
s__Candidatus_Planktophila_sulfonica,4,-2.7329300574451802,0.16504414211089347,-16.558782532305322,0.0,293.22317602990364,0.0,98.97688851180916,-3.8361881393545376,9.656541023963905,13.492729163318444,0.0,True
s__Candidatus_Planktophila_vernalis,4,-2.388204252433733,0.16505366478984868,-14.469259167765024,0.0,224.58513591877315,0.0,98.66420367148206,-3.410050216164298,8.37812725439319,11.788177470557489,0.0,True
s__GGB67134_SGB90850,4,-2.3421269198643424,0.2100303382474352,-11.151374317671669,0.0,29.18369486192195,2.048961761258461e-06,89.72028725562672,-2.8285718681011724,3.472603490456313,6.301175358557485,0.0,True
s__GGB67319_SGB91067,4,-3.4363506535207056,0.36339712738640584,-9.456185518678524,0.0,37.0371514637135,4.518848195633751e-08,91.90002502503683,-4.281791825651494,8.490887062120715,12.772678887772209,0.0,True
s__GGB61782_SGB83906,4,-2.406547937709804,0.17996280237462692,-13.3724742333147,0.0,119.01863896395055,0.0,97.47938640021864,-3.4438981541684006,4.676413059827496,8.120311213995898,0.0,True
s__GGB63067_SGB85311,4,-1.4161718887189927,0.1705073926543092,-8.305633360954465,0.0,32.30084964513297,4.522481500401909e-07,90.71231861403362,-2.6654459059431392,4.624274452059205,7.289720358002344,0.0,True
s__GGB67138_SGB90854,4,-2.6963894879259214,0.22173459121085107,-12.160436823147185,0.0,25.627792955067104,1.1411461008026258e-05,88.2939588076903,-3.029145729713951,2.294982190679204,5.324127920393154,0.0,True
s__GGB32489_SGB48813,4,-2.220377112448184,0.16554134637364273,-13.41282501977832,0.0,164.98376326831522,0.0,98.18163924705665,-3.132709693749876,7.546105687149922,10.678815380899797,0.0,True
s__GGB67109_SGB90821,4,-2.2146819246983522,0.2137552250289577,-10.360831761648523,0.0,22.817220669479802,4.4084986813852645e-05,86.85203582216836,-2.5551188961063303,3.2622321819124864,5.817351078018817,0.0,True
s__GGB34754_SGB82226,4,-2.3944893590086695,0.16546637836191352,-14.471153491807039,0.0,195.7239532320693,0.0,98.46722899754486,-3.3527680944027156,8.206280889108442,11.559048983511158,0.0,True
s__GGB34383_SGB60872,4,-2.317776934954187,0.16582125289189845,-13.977562553246313,0.0,161.5561957849186,0.0,98.14306100399025,-3.2086010639549847,7.773779797765248,10.982380861720232,0.0,True
s__GGB33037_SGB24024,4,-1.746306068476586,0.17062980213134057,-10.234472798206637,0.0,33.169005579825864,2.966846656127231e-07,90.9554116936666,-2.992706210632297,5.606055366126678,8.598761576758974,0.0,True
s__GGB33037_SGB127733,4,-1.9884891367603394,0.17070106508627247,-11.648955650952471,0.0,33.47290272052757,2.559621679054658e-07,91.03752660757377,-3.2321959341237947,6.324524536601172,9.556720470724967,0.0,True
s__GGB75334_SGB102785,4,-1.8877601498669734,0.1895278001978096,-9.96033377634692,0.0,31.461759357860505,6.795105323975648e-07,90.46461462667544,-2.9569330727257284,4.658805780189615,7.615738852915344,0.0,True
s__GGB75170_SGB103651,4,-1.7038021381592001,0.19416394652690866,-8.775069566908885,0.0,16.911483735787243,0.0007369927222991013,82.26057484446767,-1.972213081561448,2.7701672476318633,4.7423803291933115,0.0,True
s__Burkholderiales_unclassified_SGB103074,4,-2.1948986665374393,0.19008902435092367,-11.546688053306188,0.0,60.596407673646745,4.383160501220118e-13,95.04921147115344,-2.6864816423253544,5.143797460097296,7.830279102422651,0.0,True
s__Polynucleobacter_sp_31A_FELB,4,-2.4655872876108114,0.1785870272737445,-13.806082811555354,0.0,257.03797335154576,0.0,98.83285727751326,-3.7254256571399225,8.391859282285122,12.117284939425044,0.0,True
s__Polynucleobacter_sp_AM_26B4,4,-2.3871585620654403,0.1646997095681049,-14.494005899132006,0.0,252.03939852606896,0.0,98.8097099034738,-3.4666867511491084,8.54803685934762,12.014723610496729,0.0,True
s__Phocaeicola_paurosaccharolyticus,4,1.713309806353746,0.1817869396191521,9.424823422096054,0.0,275.5827452115368,0.0,98.91139773729404,-2.4350554534022604,3.9636169497365312,6.398672403138791,0.0,True
s__Polynucleobacter_sp_es_MAR_4,4,-2.0760295535931403,0.1625770073997779,-12.769515116539022,0.0,354.220262050797,0.0,99.15306934091484,-3.422218024912593,8.414630680638073,11.836848705550665,0.0,True
s__Polynucleobacter_sp_MWH_Jannik1A5,4,-2.331928742297894,0.1652575333058914,-14.11087709981425,0.0,200.10863943009892,0.0,98.50081435337131,-3.3091799667486916,8.075516506146368,11.38469647289506,0.0,True
s__Polynucleobacter_sp_MWH_CaK5,4,-2.4124223919878345,0.16468369714034523,-14.648823374009767,0.0,258.6166448681856,0.0,98.83998185749836,-3.5011293130059618,8.651364544918179,12.15249385792414,0.0,True
s__GGB46603_SGB64473,4,-2.125860390580338,0.19912301261402357,-10.67611604843016,0.0,22.171214004512667,6.009310283572322e-05,86.46894121634752,-3.0040667011555318,3.115790613850089,6.119857315005621,0.0,True
s__GGB42821_SGB60031,4,-2.392994682009839,0.20382073976944257,-11.740682938923394,0.0,42.198599686098284,3.6410624515426093e-09,92.89075935619658,-3.049108148901671,3.130069991257988,6.179178140159658,0.0,True
s__GGB43230_SGB103465,4,-2.0951170731419966,0.19539413857864085,-10.72251751450962,0.0,22.31424260380757,5.611144504069632e-05,86.55567184929639,-2.3739627902493665,2.2700134401104832,4.64397623035985,0.0,True
s__GGB42821_SGB52415,4,-2.1816527837189996,0.20239480012937505,-10.779193844527828,0.0,38.3060721254152,2.434667056849804e-08,92.16834346738054,-2.836611901458471,2.4224649891102277,5.259076890568698,0.0,True
s__GGB44257_SGB103370,4,-2.1293950777803388,0.19389860885243163,-10.982002864192467,0.0,24.503681244042244,1.96063387173373e-05,87.75694161982534,-2.4418918012214155,3.4982672350027264,5.940159036224141,0.0,True
s__GGB44403_SGB61822,4,-1.795801333731773,0.19104746546846169,-9.399765285178441,0.0,22.951176803885318,4.134041981906922e-05,86.92877482651721,-2.136301244230482,3.53846648991506,5.674767734145542,0.0,True
s__GGB44499_SGB61930,4,-1.945379223129736,0.18264487929712084,-10.65115666322654,0.0,121.0449904280488,0.0,97.52158268641176,-2.756875058181392,5.558525599690841,8.315400657872233,0.0,True
s__GGB45985_SGB63721,4,-1.6599373781469142,0.1795122929248974,-9.246928726164635,0.0,20.73681709799288,0.0001193910758501282,85.53297747757841,-2.5560665893515617,5.480216289450201,8.036282878801764,0.0,True
s__GGB41936_SGB59041,4,-2.865054625856183,0.27410304048372086,-10.45247298534195,0.0,142.32708973503335,0.0,97.89217920103262,-4.736170415179835,3.2685648044581184,8.004735219637954,0.0,True
s__GGB40481_SGB57069,4,-1.7293981147998436,0.19344034526359033,-8.940214164957624,0.0,20.27314657789818,0.00014899328101181109,85.20209979012037,-2.025645984303002,2.9819918314188913,5.0076378157218935,0.0,True
s__GGB46599_SGB64468,4,-1.7025277662821128,0.17961371175977667,-9.478829592693618,0.0,19.496426096898194,0.00021582055812308099,84.61256445109554,-2.5918106966327534,5.587448611293777,8.17925930792653,0.0,True
s__GGB46599_SGB103509,4,-1.7501874311271703,0.1797183389186386,-9.738502156530107,0.0,18.122915313217923,0.00041490615658379415,83.44637191008692,-2.632170332303052,5.708527518304672,8.340697850607725,0.0,True
s__Simplicispira_metamorpha,4,-1.9911171513228774,0.2011046484455084,-9.900900683866555,0.0,36.2055262395829,6.775339222997445e-08,91.71397211533926,-2.649738994158916,1.7270335604201041,4.37677255457902,0.0,True
s__Polynucleobacter_sp_30F_ANTBAC,4,-2.129359744634598,0.1788087508627225,-11.9085879989698,0.0,210.350119170778,0.0,98.57380637014786,-3.358613911616644,7.009454970607452,10.368068882224096,0.0,True
s__Polynucleobacter_asymbioticus,4,-2.1555810844217835,0.16487280403451848,-13.074206489327869,0.0,195.46975969791828,0.0,98.46523574560267,-3.150035205899032,7.598082223597388,10.748117429496421,0.0,True
s__Polynucleobacter_cosmopolitanus,4,-2.3169386808701393,0.16455764540413104,-14.079799666433336,0.0,248.71959841604436,0.0,98.79382243333242,-3.4016228260910624,8.352845084173481,11.754467910264543,0.0,True
s__Polynucleobacter_sp_AP_Ainpum_60_G11,4,-2.4421589190263475,0.16483908586783264,-14.815411685699722,0.0,251.8763579217302,0.0,98.80893942378974,-3.512156211449323,8.684445240248262,12.196601451697585,0.0,True
s__Phycicoccus_elongatus,4,-1.6855614202682616,0.1786546570787028,-9.434746610191755,0.0,33.211506311493025,2.906222327236918e-07,90.96698604434621,-2.2396331007187893,4.164403191899432,6.404036292618222,0.0,True
s__Polynucleobacter_difficilis,4,-2.4352995001807862,0.17741347021646178,-13.726688831515908,0.0,206.14696957384513,0.0,98.54472757654322,-3.60049553865359,7.741731313747163,11.342226852400753,0.0,True
s__Sphingorhabdus_rigui,4,-2.706712566567576,0.17821465637986,-15.187934716201383,0.0,319.69807701668657,0.0,99.06161462464993,-4.052773336112842,9.443652884864807,13.49642622097765,0.0,True
s__Prevotella_herbatica,4,-1.4854546723916975,0.180400072194304,-8.234224378756094,2.220446049250313e-16,31.870172704372155,5.573769332745115e-07,90.58680971757508,-2.2147193141025387,2.0992225451880997,4.3139418592906384,1.3684705542662255e-15,True
s__GGB67335_SGB103624,4,-2.224356960949835,0.2746331299450582,-8.099375925238261,4.440892098500626e-16,19.29016436976408,0.00023811137875762167,84.44803298461116,-3.1099018408923293,6.087177329310316,9.197079170202645,2.707511634247156e-15,True
s__GGB47408_SGB102670,4,-1.3608712415983453,0.16813912762547195,-8.093721317679671,6.661338147750939e-16,25.869324993863586,1.0157523981368932e-05,88.40325365771382,-1.9107189151022528,3.8801333512070517,5.7908522663093045,4.018062478483812e-15,True
s__GGB24172_SGB35979,4,-1.4438634171044467,0.17919430788622573,-8.05752947253875,8.881784197001252e-16,21.89219748198024,6.868836989160076e-05,86.29648758435813,-2.3546430297799956,4.875945610735503,7.230588640515498,5.301022778631274e-15,True
s__GGB41707_SGB58791,4,-1.4345910198368654,0.18220494024225126,-7.873502320680766,3.552713678800501e-15,28.28534536293719,3.1640843767277715e-06,89.39380106020923,-2.1192531966170907,1.4242925147301662,3.5435457113472566,2.098321516541546e-14,True
s__GGB54260_SGB75478,4,-1.4180592973896513,0.18084491900167018,-7.841300188127237,4.440892098500626e-15,29.257437831036246,1.977127351615593e-06,89.74619713002483,-2.0248738970607807,4.127705729379256,6.152579626440037,2.595861669948304e-14,True
s__GGB65286_SGB88265,4,-2.7474131385228726,0.3528279313950045,-7.78683571807992,6.8833827526759706e-15,36.48792817502859,5.904857891536608e-08,91.77810264915747,-4.049083461388664,2.3356536266866508,6.3847370880753145,3.982528592619669e-14,True
s__GGB67334_SGB91087,4,-1.3918990938030293,0.17945197521689796,-7.756387702730408,8.659739592076221e-15,17.147829921103945,0.0006589485020374042,82.50507490567142,-2.2814626438212127,4.656404452859153,6.937867096680366,4.9596690390981995e-14,True
s__Candidatus_Microthrix_SGB36776,4,-1.6526685317960068,0.21400779972646047,-7.722468685292813,1.1324274851176597e-14,21.818337844169022,7.116183962052602e-05,86.25009832817419,-2.0254020636424115,2.1690718018977098,4.194473865540122,6.420863840617131e-14,True
s__GGB47501_SGB75672,4,-1.8945297630726161,0.24800132028638855,-7.639192246576909,2.1760371282653068e-14,34.45429979880744,1.5885564907947014e-07,91.2928139085159,-3.6372172047690112,2.65636032846269,6.293577533231701,1.2096206389474793e-13,True
s__GGB69498_SGB93685,4,-1.4592129645735072,0.1909959966938415,-7.6400185859003305,2.1760371282653068e-14,529.9893766883511,0.0,99.43395091827207,-4.14805500325317,6.437386087047528,10.585441090300698,1.2096206389474793e-13,True
s__Thermomonas_SGB62036,4,-1.4582403013268106,0.19226431166169813,-7.5845604871937,3.3306690738754696e-14,20.376207779704526,0.0001418382300818477,85.27694636590762,-1.7801825347467841,2.2472166251939463,4.02739915994073,1.8334848202790205e-13,True
s__Thiothrix_unzii,4,-1.486769287582872,0.19926357152116791,-7.461320080900645,8.570921750106208e-14,31.96142930988231,5.332343135933115e-07,90.61368635640954,-2.12325011097503,2.1707922680574394,4.2940423790324695,4.672800607990596e-13,True
s__GGB23780_SGB65296,4,-2.053157850368944,0.275325055368705,-7.457213974294609,8.837375276016246e-14,18.750669926890474,0.0003078462334435983,84.00057165052179,-3.069495281434622,3.7275427623356494,6.7970380437702715,4.772182649048773e-13,True
s__GGB73686_SGB62915,4,-1.3482063791442573,0.18119365245480046,-7.440693207950942,1.0014211682118912e-13,36.81186113071946,5.0430183473615386e-08,91.85045279469311,-2.5713635299045627,3.641208101186165,6.212571631090728,5.356658512982475e-13,True
s__Aquella_oligotrophica,4,-1.348453919968253,0.18251289221461844,-7.388266678622323,1.4876988529977098e-13,27.35322089008839,4.964252696804117e-06,89.03237022047715,-2.017149273368368,2.065483378525394,4.082632651893762,7.883413548128051e-13,True
s__GGB61412_SGB83485,4,-1.2572710357254187,0.1706169313312269,-7.368969925291983,1.7186252421197423e-13,29.46687553073918,1.786523240454585e-06,89.81907668877052,-2.495669357295403,4.114944806115997,6.6106141634114,9.022782521128647e-13,True
s__GGB63514_SGB85828,4,-1.2464921653052863,0.17049729750050938,-7.310920369876023,2.653433028854124e-13,30.82740933561687,9.24230846521823e-07,90.26840054141718,-2.4923421046250027,4.104963048104796,6.597305152729799,1.3802720434498058e-12,True
s__GGB44435_SGB61857,4,1.120362779124595,0.15399840076863722,7.275158531079786,3.459454944731988e-13,1063.4352334228788,0.0,99.71789537287157,-4.316899532977028,5.903622981879071,10.2205225148561,1.7831917760573063e-12,True
s__GGB25847_SGB37835,4,-1.3726121152644453,0.18881683829808557,-7.2695429477401765,3.6060043839825084e-13,30.289703815572864,1.1993589863479315e-06,90.09564432103292,-2.455117715582656,3.159675036365179,5.614792751947835,1.8419860231694433e-12,True
s__GGB46504_SGB91066,4,-1.2945342024408084,0.1794797345109632,-7.212704019025247,5.484501741648273e-13,15.289636232792585,0.001585140328839607,80.3788660873061,-2.1780748144180437,4.346240964649646,6.52431577906769,2.7765290067094384e-12,True
s__GGB75193_SGB103433,4,-1.3026061200369987,0.18414271807514324,-7.073894279682802,1.5063505998114124e-12,28.054238412159904,3.538062714247836e-06,89.3064286546461,-1.7746314122377411,2.6589987287682586,4.433630141006,7.558414071620095e-12,True
s__GGB75172_SGB103645,4,-1.7166757606558252,0.24811627260519392,-6.918835845109698,4.553690757802542e-12,31.90027904153747,5.492938370821321e-07,90.59569354834267,-3.437408450255978,2.652837918188114,6.090246368444092,2.264861982170212e-11,True
s__GGB41806_SGB58900,4,-1.3585821395228286,0.19640100603034988,-6.917388902340382,4.600542169441724e-12,21.636486503444488,7.763652211545402e-05,86.13453251976745,-2.285685151591219,1.86324135415249,4.1489265057437095,2.2682673131073545e-11,True
s__GGB77687_SGB108590,4,-1.1785823941625766,0.17045344450390962,-6.914394705209633,4.6986858848185875e-12,30.710698830733303,9.780230624256703e-07,90.23141734242208,-2.425448446293407,3.904282073110008,6.329730519403415,2.2966852557690857e-11,True
s__Sphaerotilus_montanus,4,-1.2695014563793776,0.1838674234291125,-6.904439256847563,5.040190487193286e-12,20.089545343033308,0.00016264144195610175,85.06685965872121,-1.8738691862747496,1.8030329986814815,3.676902184956231,2.4425538514859766e-11,True
s__Acinetobacter_bohemicus,4,-2.013290020833313,0.2950673298149274,-6.823154640996995,8.906209103543006e-12,22.673755890518702,4.722598516460064e-05,86.76884405704268,-2.5055720966148933,3.010036078910937,5.515608175525831,4.279508950600749e-11,True
s__Caedimonas_varicaedens,4,-1.9533938250115814,0.2875188352587786,-6.7939682047384755,1.0909051439966788e-11,56.59353410441713,3.1381564014054675e-12,94.69904106984221,-2.893359579739951,3.6761527574877486,6.5695123372277,5.197842156690058e-11,True
s__GGB32963_SGB54433,4,-1.6090058324145107,0.23887694125245876,-6.735710127475308,1.63131730346322e-11,29.17553990379519,2.0570638775696537e-06,89.7174139368377,-3.226118494327436,5.667988637665039,8.894107131992476,7.707974258863714e-11,True
s__Alistipes_onderdonkii,4,-2.0988560396628104,0.3119933165366457,-6.727246797981603,1.7290391340907263e-11,40.67582174007725,7.660802103792719e-09,92.6246112022756,-3.7818087103050337,2.997350817451844,6.779159527756878,8.10219164487142e-11,True
s__GGB40645_SGB64801,4,-1.5930720488267367,0.23942212208427285,-6.653821438714005,2.8557822773223052e-11,35.01011270775369,1.2122712012008208e-07,91.43104729469897,-3.273116717581716,5.634028768926876,8.907145486508592,1.327236517411268e-10,True
s__Acidovorax_sp_1608163,4,1.7426050438330054,0.2627222833556896,6.632878724922467,3.292033312618514e-11,106.6462020549078,0.0,97.18696030220052,-2.273364439823739,3.905353395672411,6.17871783549615,1.5175470636217052e-10,True
s__GGB75354_SGB102763,4,-1.2013113236821371,0.18155583839532824,-6.616759528637934,3.67157415581687e-11,21.331037457152597,8.985863148125439e-05,85.93598644216877,-1.8398039199663438,1.8279199444112075,3.6677238643775514,1.665748339263473e-10,True
s__GGB96171_SGB133887,4,-1.1283987812433698,0.1705371944822684,-6.616731233729162,3.67228469855263e-11,29.410945929507022,1.8355516255841309e-06,89.79971604044805,-2.3690245928958307,3.7350105129172793,6.10403510581311,1.665748339263473e-10,True
s__Bacteroides_graminisolvens,4,1.195836954591365,0.18088166601259767,6.611156237957692,3.8133052271405177e-11,677.0314497723966,0.0,99.55688912221012,-5.53298541973156,4.575979326778556,10.108964746510114,1.715987352213233e-10,True
s__GGB45018_SGB103278,4,-1.281129264285311,0.1944123120677055,-6.589753759212268,4.405564801857054e-11,20.696114374389253,0.00012173624809963535,85.50452541124145,-2.2298631886262155,2.2950192613180156,4.524882449944231,1.966893891852716e-10,True
s__GGB75661_SGB103104,4,-1.1136312578922183,0.17053063800709914,-6.5303881513998565,6.55995258114217e-11,29.36405522076042,1.8776895149841266e-06,89.78342746788258,-2.354301860742947,3.6908423164586286,6.045144177201576,2.9058539949278206e-10,True
s__GGB32963_SGB71265,4,-1.5681576559365407,0.24255301785801348,-6.465216016625751,1.0115419613043741e-10,29.07593073043265,2.1586458254230223e-06,89.68218755295074,-3.1993780006742965,5.439078287188179,8.638456287862475,4.446079783407598e-10,True
s__Arcobacter_acticola,4,-1.8268745526849173,0.2868621859421179,-6.368474627232807,1.909172819836158e-10,18.75390680144256,0.00030737247666956513,84.00333310940184,-2.706564747426806,3.3484653535569295,6.0550301009837355,8.326930683439242e-10,True
s__Acetoanaerobium_noterae,4,-1.8294845399566646,0.2876822162575682,-6.359393930414827,2.025513090586628e-10,16.056462225776507,0.0011041553882238375,81.31593399706755,-2.2769970462273434,2.825295902005527,5.10229294823287,8.766915437882581e-10,True
s__GGB4962_SGB6925,4,-1.1449027303752548,0.18111209683165186,-6.321514412366779,2.59012145065185e-10,27.069911383113293,5.6919777911002e-06,88.91758470302398,-1.8339685671699253,1.6143517756327403,3.4483203428026656,1.112574895848181e-09,True
s__Methanocorpusculum_bavaricum,4,-1.3187835402142882,0.21194281098198647,-6.222355616140124,4.897453553809328e-10,30.99802439971269,8.508626450076662e-07,90.32196387319507,-2.854483466534217,4.857415330365451,7.711898796899668,2.075538129424327e-09,True
s__GGB73596_SGB126134,4,-1.0608392395171329,0.17049511537672118,-6.222109279630285,4.905151840262079e-10,29.290673177752335,1.945579049533741e-06,89.75783184703778,-2.3022615347436215,3.5347213384606526,5.836982873204274,2.075538129424327e-09,True
s__GGB41799_SGB83534,4,-1.1057190698140889,0.178658382790672,-6.189013090472349,6.054206025396525e-10,20.543747159154133,0.0001309297021646616,85.39701653861515,-2.0294249687763983,3.90029142772471,5.929716396501108,2.5427665306665404e-09,True
s__Aliarcobacter_butzleri,4,-1.8179656669331796,0.29528053753090155,-6.156740576723337,7.425733361543507e-10,13.011485094147522,0.004611833978697577,76.94344666813338,-2.2276885476687465,1.2440668311074397,3.4717553787761863,3.0958755999964474e-09,True
s__Faecalibacterium_prausnitzii,4,-1.956715760124761,0.3212555907428871,-6.090838000982195,1.1232117458348512e-09,34.35280443470802,1.6689211934650672e-07,91.26708852634756,-3.4814815669563086,2.73063228130306,6.212113848259369,4.648620875097522e-09,True
s__GGB26653_SGB38834,4,-1.506905584898436,0.2476516309989897,-6.084779570478918,1.166516883088775e-09,30.393113375815357,1.1407477883418338e-06,90.12934291099252,-3.2178943653956744,2.8617237021063646,6.0796180675020395,4.792862845734315e-09,True
s__Nitrospira_lenta,4,-1.0338424526621584,0.1704649750929543,-6.064837965091689,1.3208674154441269e-09,29.340634716311236,1.8990961939691076e-06,89.7752723177041,-2.276227643005686,3.4566196632468458,5.732847306252532,5.387998737818849e-09,True
s__GGB35331_SGB62019,4,-2.0756379532686307,0.34496038320322414,-6.017032837205032,1.7764305582090856e-09,19.162454211538797,0.0002530465209634736,84.34438529176744,-2.8503961061012992,2.4742255472135675,5.324621653314867,7.194543760746796e-09,True
s__GGB75522_SGB103289,4,-2.095681503397123,0.3491572235550083,-6.002114125148429,1.947647154665333e-09,26.485076127625405,7.548064750340089e-06,88.67286623778728,-3.2790077539522082,2.0854434885726025,5.364451242524811,7.832027919824423e-09,True
s__Polynucleobacter_yangtzensis,4,-1.643507193581915,0.2745919648399701,-5.985270525085237,2.1603050459617634e-09,209.9215933376047,0.0,98.57089499355348,-3.776545141980321,8.169855094358974,11.946400236339295,8.626006768030422e-09,True
s__GGB41796_SGB58890,4,-1.1692827942569688,0.19549034631053194,-5.981281512487526,2.213888627977667e-09,18.970240519966445,0.0002772999164167844,84.18575664951396,-2.084791463410873,2.4116235194983418,4.496414982909215,8.778145818624735e-09,True
s__Pseudanabaena_sp_lw0831,4,-1.0030914269192024,0.1704398405340089,-5.885310757017808,3.973067652651707e-09,29.3001226062207,1.9367013415205747e-06,89.7611349948308,-2.2459968393970513,3.365927252420942,5.611924091817993,1.5643953882316097e-08,True
s__Pseudanabaena_sp_UWO311,4,-1.0010372452871583,0.17043649915842932,-5.87337366250784,4.27014490433919e-09,29.310334694618327,1.9271525572017723e-06,89.76470234387726,-2.2440622137593644,3.3601233755078814,5.604185589267246,1.6697739039726353e-08,True
s__GGB39817_SGB99175,4,-1.0541266448020767,0.18244630124496572,-5.777736449623768,7.571227866876029e-09,38.64930869291379,2.059444803581556e-08,92.23789479952576,-2.2761489831764505,2.7219676644283095,4.9981166476047605,2.9403330140539102e-08,True
s__GGB62437_SGB95276,4,-1.0329075006251511,0.1789350525942677,-5.772527437467783,7.809122237745214e-09,16.281161358881846,0.0009929727668105404,81.57379603412988,-1.935041805215943,3.6171419370433444,5.552183742259287,3.005318326631189e-08,True
s__GGB45847_SGB63572,4,-1.0950664915229626,0.18972820010555685,-5.771764507931416,7.844569882564656e-09,10.540068177617867,0.01449154051446544,71.53718600824058,-1.2742428383266975,3.266598539968053,4.5408413782947505,3.005318326631189e-08,True
s__Sphaerochaeta_globosa,4,-1.2176037349452316,0.21182490587136402,-5.748161340785167,9.02191299445576e-09,30.714845601234636,9.760593137064788e-07,90.23273618578955,-2.7555626382269818,4.560652845443744,7.316215483670725,3.4331709180244405e-08,True
s__Sulfurisoma_sediminicola,4,-0.9649038491951294,0.16798029196088182,-5.744149137565674,9.238433795744072e-09,21.15293348772571,9.785094195002841e-05,85.81756992834684,-1.5037734462783883,2.659296944735458,4.1630703910138465,3.492127974791259e-08,True
s__GGB15004_SGB62020,4,-1.161983196153779,0.2036305693469473,-5.706329849591411,1.1543819233850172e-08,14.842007609714297,0.001956764964156421,79.78710105204057,-1.7569095623869941,1.6074537056799256,3.3643632680669198,4.33466589774374e-08,True
s__Roseburia_faecis,4,-1.3982268471707533,0.24592479273502948,-5.685587173300035,1.3036396406818085e-08,31.67628407525197,6.123542295455309e-07,90.52919214617147,-3.1426153050339174,2.7752435472847967,5.917858852318714,4.862918922806483e-08,True
s__GGB93539_SGB132226,4,-0.964846692230056,0.17042263955841505,-5.661493653249864,1.5006105691384164e-08,29.12173524568083,2.1113270308736887e-06,89.69841606384034,-2.207581574435371,3.2506814575359013,5.458263031971272,5.561086226807073e-08,True
s__GGB44498_SGB103071,4,-1.163886702950844,0.2057536777626286,-5.656699387379032,1.5431169009261225e-08,14.861952495018315,0.0019385021018103465,79.81422695971077,-1.712156168755727,1.9002958554094511,3.612452024165178,5.6814758625007234e-08,True
s__GGB46504_SGB64365,4,-1.881282145647278,0.3378874462147947,-5.567777574226148,2.5800887204496803e-08,19.067889710739607,0.0002647027095078469,84.2667434859857,-2.514675903601849,2.883102777083861,5.397778680685709,9.438130996741735e-08,True
s__GGB46505_SGB103527,4,-0.9919277827643511,0.17883516758194015,-5.546603591320268,2.912720864500784e-08,16.28234157755819,0.0009924191800366744,81.57513164976913,-1.8966183456939165,3.5018715584772657,5.398489904171182,1.0586620065204772e-07,True
s__GGB67324_SGB91072,4,-1.0188341282533744,0.18437368311485228,-5.525919486127041,3.27764426710786e-08,25.33931866551025,1.3112873600951147e-05,88.1606919286139,-1.4823680459593664,1.7228441428989292,3.2052121888582956,1.1837097448727111e-07,True
s__GGB92736_SGB128655,4,-0.9409804817310612,0.170377395857946,-5.522918559663946,3.334143028332903e-08,29.257705938660706,1.9768708221512554e-06,89.7462910923722,-2.1852958482229456,3.183824278898624,5.36912012712157,1.1964930994080735e-07,True
s__GGB45084_SGB103306,4,-1.0178529056303436,0.18445633595824262,-5.5181238440124165,3.426379446835881e-08,25.656647701314775,1.1253891851525921e-05,88.30712400573569,-1.4829692778679155,1.7126298348575988,3.1955991127255143,1.2218598404754367e-07,True
s__GGB46516_SGB64377,4,-1.9098157504580908,0.34870386335817943,-5.476898741716488,4.328447378298961e-08,21.18050031102448,9.656910593502932e-05,85.83602863036009,-2.8126425019095964,3.726923407983968,6.539565909893565,1.5338935396846942e-07,True
s__GGB23787_SGB63754,4,-1.0099938004728706,0.18458248365037905,-5.471774897047749,4.455505453471176e-08,32.676645792787376,3.768282900162845e-07,90.81913113413195,-2.169396720640496,2.3797166246066226,4.549113345247118,1.5691127901355012e-07,True
s__Aquaspirillum_sp_LM1,4,-1.3934487599763734,0.25983779714299843,-5.36276390616684,8.19580991961999e-08,75.74106395358783,2.220446049250313e-16,96.03913670682218,-3.017724911563253,4.275704801652252,7.293429713215506,2.8685334718669964e-07,True
s__GGB24669_SGB36543,4,-1.8269983512322605,0.3434689423639292,-5.319253434263727,1.0419391283100765e-07,23.632490259676192,2.9805475545319204e-05,87.30561203226704,-2.8312662664131003,2.1206781703113915,4.951944436724492,3.62441402301726e-07,True
s__Arcobacter_suis,4,-1.5299795211649874,0.2882849404067514,-5.307178096109652,1.1133538513341534e-07,11.40064804668972,0.009745445771048855,73.68570639393542,-1.8898815998613334,2.2425522300188057,4.132433829880139,3.8492172786979574e-07,True
s__Pseudomonas_fluorescens,4,-1.2995431198944931,0.24589381621626535,-5.284976824108239,1.2572067276117593e-07,29.25755992165765,1.977010529286005e-06,89.74623991873199,-3.00610283307674,3.256291798096989,6.262394631173729,4.320219482156773e-07,True
s__Sarcina_sp_DSM_11001,4,-1.1198365559314316,0.21204051176390515,-5.281238696397342,1.2831338858099173e-07,28.111927807369376,3.4407704312400256e-06,89.32837327785977,-2.641633660531822,4.218865912358265,6.860499572890086,4.3827524894832713e-07,True
s__GGB29038_SGB41759,4,-1.1129015808972906,0.21203639458392845,-5.24863471236199,1.532305697882208e-07,28.072369834661018,3.5071922143137257e-06,89.31333543384751,-2.6346350687702706,4.197870137073609,6.83250520584388,5.202498986222826e-07,True
s__Pseudoxanthomonas_mexicana,4,-1.4775530958901408,0.28719586240303524,-5.144757600360628,2.678664579036649e-07,37.664251896725915,3.329042819188999e-08,92.03488759520327,-3.2615989166014385,3.4581278916423575,6.719726808243796,9.040492954248691e-07,True
s__GGB54287_SGB75505,4,-1.438353301732054,0.2796672377045847,-5.143088312873463,2.702584998015567e-07,12.962774740060212,0.004717802660681225,76.85680681676287,-2.3606522303755195,1.9974489800116344,4.358101210387154,9.067252626478263e-07,True
s__GGB67335_SGB91088,4,-1.732093803907666,0.34013585346001496,-5.092358792194438,3.5363607753247095e-07,18.52034724160868,0.00034348984077026135,83.80159960899621,-2.592056271384557,3.8785848609113414,6.470641132295898,1.1780369567860805e-06,True
s__Dorea_longicatena,4,-1.5585641381605018,0.30617031406661027,-5.090513568932817,3.570950162234965e-07,36.125128877099954,7.045812633332815e-08,91.69553135656292,-3.231434303301795,2.4941013201388933,5.725535623440688,1.1780369567860805e-06,True
s__Pseudomonas_fluvialis,4,-1.2165075934227707,0.2389819845088259,-5.090373636000347,3.5735865355768226e-07,9.6752344924777,0.021538407897154332,68.99299957709097,-1.5200432188129511,2.190884709003482,3.7109279278164333,1.1780369567860805e-06,True
s__Phocaeicola_vulgatus,4,-2.000498695199835,0.39466293372044076,-5.068879097262493,4.00165304892397e-07,12.725790565020702,0.005268733068629627,76.42582608387349,-2.6811041696564506,1.8210771317495387,4.502181301405989,1.3115244385779716e-06,True
s__GGB25207_SGB41980,4,-1.0711485599679649,0.21198682906483485,-5.052901468894375,4.351484115261428e-07,27.97935723641669,3.6684529719499537e-06,89.27780944125718,-2.5937042919751474,4.07507780668824,6.668782098663387,1.4179836168696723e-06,True
s__GGB46513_SGB64374,4,-1.7392540569326418,0.345562033668816,-5.033116741636986,4.825690484988598e-07,19.15123037534642,0.0002544028292246203,84.33521010816133,-2.5399703123045128,1.5427716168387398,4.0827419291432525,1.563523717136306e-06,True
s__GGB75173_SGB103644,4,-0.896757523565271,0.17826674595501713,-5.030425157317642,4.893933984728704e-07,18.42019339389408,0.0003602426028979089,83.71352604259606,-1.82309515313832,3.2813019808104755,5.104397133948796,1.5766253234893042e-06,True
s__GGB46168_SGB63936,4,-0.8513261493555251,0.16976711931282043,-5.014670407329194,5.312445174876501e-07,32.43066792037483,4.246280638220412e-07,90.74949671907551,-2.121441033229487,2.992259833918249,5.113700867147736,1.7017832848333198e-06,True
s__Thermomonas_beijingensis,4,-0.9702703960537987,0.19412183954609313,-4.998254695723783,5.785154062465381e-07,18.915790116958064,0.0002845814719651951,84.14023426221836,-1.910853181768594,1.6800261760644046,3.590879357832999,1.84279907495386e-06,True
s__GGB45669_SGB63385,4,-0.9135535639746576,0.18350516366680467,-4.978353446409943,6.412747239892269e-07,33.42305877227474,2.622366990223668e-07,91.02416083327306,-2.092805242209458,2.163567817678373,4.2563730598878315,2.0313003826921325e-06,True
s__Bacteroides_caccae,4,-1.4468340094360947,0.2909563840255801,-4.972683497843075,6.603241893277101e-07,9.848140707974299,0.019902097434917776,69.53739706855711,-1.8460637775534572,0.7335852958309856,2.579649073384443,2.0800211963822865e-06,True
s__GGB25206_SGB37138,4,-1.0492532446109228,0.211956320664916,-4.950327696382778,7.408862563451635e-07,27.947164459724604,3.7259733611794132e-06,89.26545838192858,-2.572401711082759,4.011170064011076,6.583571775093835,2.320897830650319e-06,True
s__Phascolarctobacterium_faecium,4,-1.4274553691435259,0.28962100842579414,-4.928701052807999,8.277812200141454e-07,9.553090300425797,0.022773224602381847,68.59654932952654,-1.8192862667027137,1.3730299142487519,3.1923161809514653,2.5788568777363763e-06,True
s__Pseudomonas_aeruginosa,4,-1.0401853677695623,0.21144552818866436,-4.919401118010151,8.680940917216162e-07,30.915462689826146,8.856101593179844e-07,90.29611806202318,-2.5886839240918027,4.060016703038207,6.64870062713001,2.6896685792686144e-06,True
s__Parabacteroides_distasonis,4,-1.4550049569948988,0.29588093305956753,-4.917535381375769,8.764062024990693e-07,8.35612034914868,0.03919752685210065,64.09817146415755,-1.819883760157492,1.7461054943967398,3.565989254554232,2.700664765309632e-06,True
s__GGB57281_SGB78792,4,-1.0976789799569788,0.2232901856920054,-4.91593025710077,8.836185325655777e-07,220.40782646845625,0.0,98.63888680902656,-3.074636850840826,7.383663873314916,10.458300724155741,2.708171394403689e-06,True
s__Phocaeicola_dorei,4,-1.5813670493063887,0.32216608496377136,-4.908546005034077,9.175410715656085e-07,9.382216726527371,0.024617959710118376,68.02461414563393,-2.013397548260824,1.6429552776189524,3.6563528258797766,2.797020363320968e-06,True
s__Diaphorobacter_SGB61891,4,-1.702058106734086,0.34968784271967224,-4.8673642569225475,1.1309646152923847e-06,24.262708753014444,2.201580024285832e-05,87.63534595193427,-2.849010088847248,1.0823858257128878,3.931395914560136,3.4291814805924177e-06,True
s__GGB24643_SGB36506,4,-1.0295375927739825,0.211933569170103,-4.857831615847751,1.1867826719136332e-06,27.88441689199125,3.84068606507082e-06,89.24130272610564,-2.552944387013327,3.9527980918027787,6.505742478816106,3.5792860371012237e-06,True
s__GGB46503_SGB91068,4,-1.0121614190558594,0.208621448015953,-4.851665198769307,1.2242917084570593e-06,14.421524642423762,0.002384077618822422,79.19776116337306,-1.4404761131740407,2.7574572304808713,4.1979333436549116,3.6728751253711778e-06,True
s__Sphaerochaeta_associata,4,-1.169723641179205,0.2413817964077955,-4.84594803165293,1.2600850001209807e-06,30.23832848200912,1.2295857416688705e-06,90.07881668530419,-2.859107217126204,4.0555620992635735,6.914669316389777,3.7603589214136638e-06,True
s__Acidovorax_SGB22469,4,-0.9770472525893944,0.2018596964218981,-4.840229475760782,1.296892873536848e-06,13.729642931620097,0.00329723613691546,78.14946816212648,-1.5854012785016596,1.5856332132190727,3.1710344917207323,3.849938530342371e-06,True
s__Flavobacterium_franklandianum,4,-0.9248766392380224,0.192253308839489,-4.810718966663901,1.503883476416945e-06,23.329591672409016,3.447316129689959e-05,87.14079508066152,-1.9208263059175463,1.8331559067241696,3.753982212641716,4.441155891293791e-06,True
s__GGB25206_SGB41973,4,-1.0192746318083892,0.211924626995946,-4.80960918160723,1.5122567715852853e-06,27.833607182269816,3.936150775873948e-06,89.22166293303508,-2.5426608162932305,3.9219473796424897,6.46460819593572,4.442743986988895e-06,True
s__Bacteroides_ovatus,4,-1.3841101139301064,0.2892794961871478,-4.784681016710095,1.7125909392845529e-06,9.657459246431507,0.02171393227407692,68.93592897004956,-1.7880416953784661,1.018450462268335,2.806492157646801,5.005355992651245e-06,True
s__GGB70913_SGB95372,4,-0.9326054405732895,0.19566397508003538,-4.766362536546709,1.8758160575949034e-06,14.12628425794801,0.002738201602352386,78.76299283506148,-1.8155473260668824,1.6714476636121374,3.4869949896790198,5.454295921314411e-06,True
s__GGB44536_SGB61974,4,-1.0077271573445856,0.21180531431597335,-4.757799211030408,1.957150284503939e-06,28.380277308414122,3.022141594977157e-06,89.42927876497329,-2.536378111051233,3.903099263916498,6.439477374967732,5.661756180172109e-06,True
s__GGB28570_SGB41183,4,-1.0065618044120357,0.2118920888001266,-4.750351040059379,2.030638310390742e-06,27.88740235347897,3.8351491782329106e-06,89.24245448904011,-2.530948645953016,3.8868108686218465,6.417759514574863,5.84452752279975e-06,True
s__GGB25022_SGB36939,4,-0.9986481187829729,0.21187655060484964,-4.713348956890725,2.436783665515918e-06,27.89247321584441,3.825762915021791e-06,89.2444102149542,-2.5234160201898965,3.864212991332488,6.387629011522384,6.978062314886493e-06,True
s__GGB41158_SGB46801,4,-1.1317479754006354,0.2406958087443417,-4.701984555961823,2.5764499198555058e-06,29.478452848616392,1.7765388725665687e-06,89.82307512742885,-2.8144998242029353,3.9614573737166485,6.775957197919584,7.340940223909908e-06,True
s__Sphingorhabdus_lacus,4,-1.2292874197249652,0.26242329395362773,-4.684368529960568,2.8082434639919995e-06,153.80767181278972,0.0,98.04951211819166,-3.1844188648962684,6.074892789638323,9.259311654534592,7.961370220417318e-06,True
s__Aeromonas_media,4,-2.222263010713627,0.47604699304475007,-4.668158906960529,3.0391080991787334e-06,34.13701910295099,1.853524744799273e-07,91.21188645396204,-3.9159030474261556,3.8855158881028524,7.801418935529008,8.573006429026576e-06,True
s__GGB28528_SGB41128,4,-0.9883729969339156,0.21185392429755298,-4.665351374590193,3.0809011550836374e-06,27.90989820132659,3.7936832667506692e-06,89.25112525183842,-2.5137388715356233,3.835181545369667,6.34892041690529,8.647876014516942e-06,True
s__GGB32215_SGB37143,4,-0.9848997806580028,0.21185416206923813,-4.648951764922693,3.3362621467691866e-06,27.873074303146296,3.86179501954409e-06,89.23692461272074,-2.5100886739622643,3.8242309526495903,6.334319626611855,9.318525306493245e-06,True
s__GGB47559_SGB65524,4,-0.7880499183464854,0.1701055485118879,-4.6327114267610865,3.609074468835516e-06,29.500797362251987,1.7574259556507599e-06,89.83078334066089,-2.0393646350500916,2.7460306393800624,4.7853952744301544,1.0031104038381066e-05,True
s__GGB4599_SGB6362,4,-1.2188367104906703,0.26424273568927575,-4.612564683420119,3.977307146518783e-06,12.056216676979913,0.007193046031000017,75.11657196964462,-1.5527332288338171,3.169169789573265,4.721903018407082,1.100064952232268e-05,True
s__GGB25251_SGB37187,4,-0.9727385812768923,0.21183412171877508,-4.591982506804414,4.390551781252583e-06,27.85415589024693,3.897260663965341e-06,89.22961438206626,-2.4982914455189884,3.788839267319764,6.287130712838753,1.2084674077525312e-05,True
s__GGB30069_SGB42979,4,-0.9686643509693147,0.21182913459626915,-4.572857047334486,4.811184005859559e-06,27.838208051358343,3.927409754411748e-06,89.22344428755852,-2.4942538521337423,3.776726487164025,6.270980339297767,1.3178460537789228e-05,True
s__Acinetobacter_sp_ANC_4805,4,-1.324954051530787,0.2899347169095171,-4.569835808742694,4.881064710415828e-06,10.6591183972561,0.013719457715852923,71.85508324241647,-2.025121978271723,2.241655296019261,4.266777274290984,1.3305594667335453e-05,True
s__GGB25250_SGB37186,4,-0.9671721986222701,0.2118248884190072,-4.565904440412702,4.9734530522815845e-06,27.84487200637672,3.914783476832717e-06,89.22602337941086,-2.4928882919735367,3.7726298066834087,6.265518098656946,1.3492573591596452e-05,True
s__Citrobacter_freundii,4,-1.3142421497549992,0.28857495858709653,-4.554248768464572,5.257311262774067e-06,8.444759556493661,0.037660854900636864,64.47500985752606,-1.6351172894973192,1.6902280294978913,3.3253453189952102,1.4194740409489982e-05,True
s__Bacteroides_thetaiotaomicron,4,-1.3072029742591036,0.2871042370684166,-4.553060545559273,5.28710486946693e-06,9.1105549298588,0.027856543767267317,67.07116061429097,-1.7147467266523932,0.8093078471107817,2.524054573763175,1.4207528251126774e-05,True
s__Desulfovibrio_desulfuricans,4,-1.233336292336931,0.27255452253606055,-4.525099348420291,6.036714101931295e-06,11.79511579663698,0.008118998498614638,74.56574355246805,-1.878104913462832,1.9550089186785518,3.833113832141384,1.614536271601436e-05,True
s__Blautia_faecis,4,-1.2684910867721622,0.28065368387815015,-4.5197735131917804,6.190582258591704e-06,40.55344572044767,8.13249179110187e-09,92.60235487588332,-3.1720337927799607,2.7042830199773453,5.876316812757306,1.647915558977228e-05,True
s__Polynucleobacter_sp_78F_HAINBA,4,-1.2230969446940279,0.2713888757327744,-4.506805746519845,6.581083079160166e-06,170.1113093123971,0.0,98.23644882158263,-2.8322588321910334,6.929047227966377,9.76130606015741,1.7436794887307544e-05,True
s__GGB3433_SGB4573,4,-1.0861820895576768,0.24138747390245974,-4.499745044751506,6.8035012039668885e-06,31.936974368393667,5.395997502155581e-07,90.60649902086861,-2.8500973387049404,3.1867372335365283,6.036834572241469,1.7942256663484772e-05,True
s__Thauera_terpenica,4,-1.448608403323349,0.3223440047674767,-4.493982769644823,6.99032869411198e-06,31.854574875518637,5.616112930262318e-07,90.58220047913555,-2.954228548649072,1.3139890971025043,4.268217645751577,1.8349612822043948e-05,True
s__GGB46575_SGB64440,4,-1.5215456697267604,0.34016196112700503,-4.473003579488027,7.712848584695564e-06,17.085339254302422,0.0006787469070265173,82.4410861537646,-2.278674214743417,2.227819683782267,4.506493898525684,2.0152926947107765e-05,True
s__Candidatus_Bipolaricaulis_anaerobius,4,-0.7590148664362556,0.17009180894118137,-4.462383410236567,8.10530311246005e-06,29.264789275481217,1.970105392157251e-06,89.74877293063759,-2.0096276497639503,2.6568196835216376,4.666447333285587,2.1081224150297468e-05,True
s__Jeotgalibaca_porci,4,-0.9440981236144033,0.21168712912752277,-4.459874946131787,8.20074886465072e-06,28.302357767149072,3.138166990157565e-06,89.40017639278753,-2.475054273516923,3.719127751313567,6.19418202483049,2.1232075827657344e-05,True
s__GGB26945_SGB39146,4,-0.9376856011066919,0.21176987153733134,-4.427851772773986,9.517626959221204e-06,27.81631497762556,3.969177495566356e-06,89.21496250523087,-2.4644810477374897,3.6874080739752677,6.151889121712758,2.4529520390356466e-05,True
s__GGB28569_SGB41182,4,-0.9343687998101541,0.21176530838320384,-4.412284556634506,1.0228555738622802e-05,27.80390254647162,3.993054537354546e-06,89.21014776617857,-2.461203503843027,3.67757544229188,6.138778946134908,2.6242493682349003e-05,True
s__Phocaeicola_massiliensis,4,-1.2622173936965584,0.28763413879784716,-4.388273933587767,1.1425381203356011e-05,9.216359262727044,0.026548378078278256,67.44918557881472,-1.6688021227030632,0.7557527662221764,2.4245548889252397,2.9181041181544405e-05,True
s__Candidatus_Velamenicoccus_archaeovorus,4,-0.7438904859930289,0.17000843237682114,-4.375609348271659,1.210937175866178e-05,29.524881571999522,1.7370546556705335e-06,89.83907863378153,-1.9972745826284914,2.6197604821152622,4.617035064743754,3.0789299493996544e-05,True
s__Akkermansia_muciniphila,4,-1.5125152928272518,0.3474966382578201,-4.352604101180003,1.3452995688112424e-05,7.879046669226089,0.04857871820582349,61.92432757484006,-1.9558100606332096,1.1247879833307763,3.080598043963986,3.405289533553457e-05,True
s__GGB61048_SGB83097,4,-0.8214773981245758,0.189521021591489,-4.334492243795855,1.4609693901102005e-05,24.698460498317736,1.7852327000689172e-05,87.85349394467588,-1.8645327413422212,1.480269641234764,3.3448023825769853,3.681642863077705e-05,True
s__Streptococcus_salivarius,4,-1.051794536485914,0.24350515286438043,-4.319393343892432,1.5645870074854074e-05,30.11475009143355,1.305443411925289e-06,90.03810428148503,-2.7917763302227545,2.78560793381957,5.577384264042324,3.925313421434628e-05,True
s__Ruminococcus_torques,4,-1.2336861630440432,0.2867841280091653,-4.301793727596444,1.6942099493100216e-05,37.360430389362925,3.860305419767229e-08,91.97011391802879,-3.057581891567453,1.873179520954119,4.930761412521572,4.2317931332986e-05,True
s__Ralstonia_pickettii,4,-1.055110285641555,0.2464139929509231,-4.281860266968263,1.8533735744341584e-05,26.99870532779885,5.891036124361371e-06,88.88835607642604,-2.7476057452890372,1.9603751495043527,4.70798089479339,4.609047441684947e-05,True
s__GGB27302_SGB39542,4,-0.9050730417403959,0.21170771338731012,-4.275106595122511,1.910458672349513e-05,27.76943978700615,4.060102313241387e-06,89.19675721580901,-2.432976960394171,3.592895811945311,6.025872772339482,4.730262302280236e-05,True
s__GGB75341_SGB102802,4,-0.8705963710158406,0.20483870820749217,-4.2501555425450475,2.1362211898967587e-05,12.456048140011823,0.005973554998175201,75.91531466257521,-1.390869290846026,2.3538588122624757,3.7447281031085016,5.2662496290063575e-05,True
s__Bacteroides_fragilis,4,-1.038262174596661,0.244520894787507,-4.246108192508166,2.1751562806704428e-05,29.69849168262502,1.597016113463745e-06,89.89847689216103,-2.7837535033302707,1.761961317279145,4.545714820609415,5.339019961645632e-05,True
s__Bacteroides_uniformis,4,-1.702360033932295,0.4038068192093871,-4.215778320102032,2.4891818743322247e-05,11.426695190284054,0.00962878144849244,73.74568980757573,-2.4340820347145042,2.059652067120751,4.493734101835255,6.083474667010222e-05,True
s__Lactococcus_raffinolactis,4,-1.23469067717841,0.29337990190774305,-4.208504635626587,2.570662565393178e-05,36.099885949855576,7.132939072729272e-08,91.689724438002,-2.892022110264438,3.5371303684607494,6.429152478725188,6.255646672008293e-05,True
s__GGB41346_SGB58388,4,-1.0238945039351681,0.24387219923713194,-4.198488007809257,2.6870308033721813e-05,27.471739543412287,4.688077090420073e-06,89.07968679864905,-2.6933834887431285,3.407027240847894,6.100410729591022,6.510882331247977e-05,True
s__Brachymonas_denitrificans,4,-0.9771292496435438,0.23375495167742755,-4.180143533352581,2.9132515455554397e-05,14.093151859567918,0.002781060401504054,78.71306553783224,-1.778784076186648,3.633478669455377,5.412262745642025,7.019588000317656e-05,True
s__Flavobacterium_sp_9R,4,-1.187876807193198,0.2842162481275072,-4.179482401232332,2.92173327702816e-05,8.687744023084047,0.033743913041482054,65.46859585148049,-1.5915931202650535,1.2876415669688095,2.879234687233863,7.019588000317656e-05,True
s__Lachnospira_pectinoschiza,4,-1.0172910923256488,0.24363819707424614,-4.175417091990877,2.97440570142804e-05,29.82816952225283,1.4998169897140201e-06,89.94239322073754,-2.771226590478342,1.990522820893803,4.761749411372145,7.115983260378475e-05,True
s__GGB45839_SGB63564,4,-0.8776164145703242,0.21164582283445912,-4.146627619751138,3.3740814853411294e-05,27.756039078710224,4.086475794640165e-06,89.19154137413973,-2.4067522203925167,3.514221591940349,5.920973812332866,8.038252950371514e-05,True
s__Lachnospira_eligens,4,-1.0939660820556294,0.2640778716729466,-4.142588983792164,3.4340705998170407e-05,28.052677757274907,3.54073251662701e-06,89.30583373909106,-3.196012822860752,3.4515980377675297,6.647610860628282,8.146937364419507e-05,True
s__Denitrificimonas_caeni,4,-1.2267270934387178,0.29622274418427735,-4.141231953058886,3.454454048168465e-05,31.894384059969898,5.508672846765705e-07,90.5939553673173,-2.8781485689620463,2.3981910346613398,5.276339603623386,8.161147688797998e-05,True
s__Flavobacterium_dankookense,4,-0.7785594401252045,0.18866694508284546,-4.126634052315479,3.6811146300719244e-05,28.090167980141533,3.4771505184050255e-06,89.3201065863299,-1.8514215457537015,1.897421268062537,3.7488428138162386,8.660547698136021e-05,True
s__Aeromonas_hydrophila,4,-1.0043578475633572,0.24413113157202296,-4.114009717220576,3.888450553635181e-05,29.805485133901293,1.5163833931852722e-06,89.93473856733925,-2.7554624232610445,1.6601007264903966,4.415563149751441,9.110543239302262e-05,True
s__Sulfuricaulis_limicola,4,-0.6968155843434916,0.17026961057637674,-4.092424843075127,4.268856243738739e-05,27.8600039022187,3.886263056473993e-06,89.23187516222463,-1.937803588772542,2.4413475005474137,4.379151089319956,9.960664568723725e-05,True
s__GGB7903_SGB11757,4,-0.6943700906308955,0.17026841161435263,-4.078091080121195,4.540697944022121e-05,27.84619630347373,3.9122791420931335e-06,89.22653576342935,-1.935316276988272,2.4338855651946028,4.369201842182875,0.00010517968609058088,True
s__Anaerostipes_hadrus,4,-1.1735698097095886,0.28778912486545616,-4.077881018812794,4.544801250827568e-05,34.98109444535692,1.2295054774291714e-07,91.42393899457257,-2.9145921309912635,2.740471421076647,5.655063552067911,0.00010517968609058088,True
s__GGB16996_SGB25597,4,-1.012262646416687,0.2487393475413476,-4.069571848693621,4.7099613308621e-05,24.688210624636966,1.7940600269050755e-05,87.8484510456735,-2.6459979499077697,2.483922249664876,5.129920199572646,0.00010855886482108986,True
s__GGB29233_SGB41982,4,-0.8584253850885112,0.21160291122423763,-4.0567749286720804,4.975498668180478e-05,27.733981813393438,4.130258616563687e-06,89.1829452395789,-2.3883306993941646,3.4589570289452913,5.847287728339456,0.00011421488845580287,True
s__Desulfovibrio_sp_86,4,-1.1465585377936371,0.28356151259797713,-4.043420869387112,5.2676939847895454e-05,9.129420355899667,0.027618753052884637,67.13920618124104,-1.5723634611612372,0.985775192874267,2.558138654035504,0.00012043477779740613,True
s__GGB26683_SGB103556,4,-1.1375184547230583,0.28219354866488355,-4.030986746879562,5.554317591371927e-05,7.668647710967619,0.05337989384829622,60.879673795558084,-1.444509583037736,1.7097675885748331,3.154277171612569,0.0001264778343095535,True
s__GGB75638_SGB102999,4,-1.1776208570257867,0.2923868350778798,-4.027612449487053,5.634612068194933e-05,7.114306301181809,0.0683423203118173,57.83144732604993,-1.434776741236462,2.251721555102124,3.686498296338586,0.00012779300170666106,True
s__GGB24768_SGB36661,4,-1.1027138233489824,0.27620044212841677,-3.992440471316429,6.539675320560434e-05,6.412898536388261,0.09316159397101265,53.21928168709812,-1.3442641758483407,1.663110243626414,3.007374419474755,0.00014772892058795883,True
s__Rhodocyclaceae_bacterium,4,-0.7712919660868931,0.19332604658286287,-3.9895915719577086,6.618716379258593e-05,14.661788846772822,0.0021297172683154564,79.53864953756768,-1.6691296692365414,2.0598188464283185,3.72894851566486,0.00014892111853331835,True
s__Streptococcus_thermophilus,4,-1.1379345878456975,0.28653160114670556,-3.9714104248594535,7.144836544581423e-05,8.013485895479553,0.045733813549683755,62.56310875030909,-1.4793317900878948,1.4002720086455063,2.879603798733401,0.00016012341188844533,True
s__GGB46582_SGB64449,4,-0.8360368005777271,0.2115337163686881,-3.9522626223829724,7.741571014863169e-05,27.77830298570226,4.042752310473574e-06,89.2002041969802,-2.3675721957614075,3.3966815180470213,5.764253713808429,0.00017281380966249673,True
s__Eubacterium_siraeum,4,-0.939943166047158,0.24123553052500604,-3.8963711688802207,9.764470976381112e-05,31.12445180622563,8.002724797284699e-07,90.36127601964726,-2.730320527009129,2.0741252599137736,4.804445786922903,0.00021711588406306238,True
s__Ruminococcus_bromii,4,-1.6373489510866992,0.42055720775399646,-3.893284720599679,9.889596620205054e-05,25.99117307377578,9.578079342986712e-06,88.4576198562315,-3.650138301789835,4.00212053214574,7.652258833935575,0.00021903911264282289,True
s__Candidatus_Methylomirabilis_limnetica,4,-0.6565824334664087,0.1704897972815619,-3.8511538164484436,0.00011756262739259782,26.72875193336412,6.710825119715658e-06,88.77613138286769,-1.8882465008016072,2.29267623663461,4.180922737436217,0.0002593696876716069,True
s__Prevotella_oryzae,4,-1.0606237562031084,0.27750142176089726,-3.8220480078007335,0.0001323479150889817,18.613575227598453,0.00032859289119679946,83.88273094600395,-1.548347827724533,2.363189012986584,3.911536840711117,0.0002908576273467156,True
s__Streptococcus_suis,4,-1.0930195907281408,0.28684038444299076,-3.8105498737587187,0.0001386580345399402,7.500563253720334,0.057543981341954376,60.003003794255335,-1.454203197054024,1.0578031517080853,2.5120063487621094,0.00030354867020905823,True
s__Arenimonas_maotaiensis,4,-0.6444396681245764,0.1698670419304381,-3.7937887232326064,0.00014836592970524087,29.018494945439834,2.2194784583540184e-06,89.66176569239529,-1.8981368497401778,2.3223472834503207,4.2204841331904985,0.0003235518543956599,True
s__Trichococcus_shcherbakoviae,4,-0.7263174175977312,0.1916315796496694,-3.790176018616273,0.00015054056885888123,27.43442978154648,4.773322766160604e-06,89.0648355956794,-1.4746759756231302,1.7921307821318275,3.2668067577549578,0.00032703640821067306,True
s__Segatella_copri,4,-1.5944853774595205,0.4219087979207202,-3.7792181279877837,0.0001573215677508344,8.728850812860477,0.03312188024315854,65.63121464305462,-2.262902286278316,1.1242281513103718,3.387130437588688,0.00034046308746077516,True
s__GGB46018_SGB63757,4,-0.6388755716996195,0.1697880523685366,-3.7627828506619316,0.00016803309474577866,29.267365632280356,1.967650398393417e-06,89.74967532885447,-1.8951619291530932,2.313422521689067,4.20858445084216,0.0003622614628169449,True
s__GGB44434_SGB61856,4,-0.7162960899767559,0.19240416973607177,-3.722871967688262,0.00019696941701408122,16.586356237182976,0.0008595656970393772,81.91284476770939,-1.6440282764942433,1.9380281254523593,3.582056401946603,0.00042303658881433356,True
s__GGB24645_SGB36508,4,-0.6315076302914714,0.16977979265923612,-3.7195688627030314,0.00019956313408231452,29.209059848486447,2.0239641157493438e-06,89.72921410150948,-1.887650780088323,2.290889074494757,4.1785398545830805,0.00042698980009310317,True
s__GGB24445_SGB36288,4,-0.62217672368403,0.16972117081485125,-3.6658757460656592,0.00024649359441974994,29.31942319293784,1.918693898206314e-06,89.76787510361865,-1.879870584701328,2.267548488333772,4.1474190730351,0.0005254205565263092,True
s__GGB57993_SGB79614,4,-1.0211787072287375,0.2814599667793901,-3.6281490363037774,0.00028546046783817225,10.662265033462626,0.013699610045552202,71.86338934002531,-1.4443913344432584,1.5648834400014633,3.0092747744447217,0.0006062025665327478,True
s__Acinetobacter_pseudolwoffii,4,-0.7657833617434552,0.21178501016394582,-3.6158525154856394,0.0002993607873671422,26.088819246969415,9.13761354837117e-06,88.50082109274267,-2.2831977352596255,3.143558136541675,5.4267558718013005,0.0006333491284969016,True
s__GGB31540_SGB44875,4,-0.7637587944326891,0.21178061731234368,-3.606367778720103,0.0003105129636282733,26.0865068858094,9.147806953491155e-06,88.49980178207781,-2.2812408962236685,3.137687619433804,5.4189285156574725,0.0006545013025175872,True
s__Candidatus_Cloacimonas_acidaminovorans,4,-1.0289448484234733,0.2859102535115222,-3.5988385718457865,0.00031964151585284206,32.414722285447645,4.279277963092909e-07,90.74494615878037,-2.6522351168321103,3.0594080605137575,5.711643177345868,0.0006712471832909684,True
s__GGB46571_SGB64436,4,-1.0375688435452646,0.28927782186770845,-3.586755586191333,0.00033481788047828864,6.611732787697347,0.08535867129369668,54.62611547789421,-1.340742632179112,1.1838897746464343,2.524632406825546,0.0007005230193032828,True
s__Pseudomonas_chengduensis,4,-1.015226418422283,0.2832590778622724,-3.5840913769969673,0.0003382536603520059,4.762103025525227,0.1900692734074929,37.0026229184926,-1.2488125358298823,2.15393183826117,3.402744374091052,0.0007051096522778946,True
s__Romboutsia_timonensis,4,-1.1326994044157739,0.3162531700974829,-3.5816222935144872,0.00034146723014449876,9.17243619299379,0.027083968770451383,67.29331295548832,-1.8937536171347151,2.082581558140179,3.9763351752748943,0.0007092011703001129,True
s__Brucella_anthropi,4,-0.7529710646548028,0.2117171547672992,-3.5564952943109507,0.0003758352091769446,26.211823064246467,8.611402224967257e-06,88.55478311200693,-2.2723403914914733,3.110986105237218,5.383326496728691,0.0007777319839537502,True
s__Acinetobacter_sp_WCHAc010034,4,-0.9994908452135121,0.28178329748339487,-3.5470194796496437,0.00038961578208684955,12.494332369569936,0.0058681148646818615,75.98911321339163,-1.4050744620385196,2.1180909861034496,3.5231654481419694,0.0008033169034299771,True
s__Stenotrophomonas_maltophilia,4,-0.749732980760476,0.21171401509711082,-3.5412534234759185,0.0003982308839121096,26.19296048211719,8.690089785656774e-06,88.54654096069744,-2.2690499186397197,3.1011146866819588,5.370164605321678,0.0008181047506455295,True
s__GGB29195_SGB41932,4,-0.746001930678057,0.2117283716873731,-3.5233914318273976,0.00042606161133096343,26.109540928104362,9.04677183266589e-06,88.50994734736682,-2.2645717220642507,3.0876800969555505,5.352251819019801,0.0008721188939518276,True
s__GGB25349_SGB37288,4,-0.7454599639623417,0.2117349452338158,-3.5207223972365127,0.0004303729208363638,26.082169055504615,9.166959679229869e-06,88.49788913791718,-2.263750675961337,3.085216958646809,5.348967634608146,0.000877774986022368,True
s__GGB42856_SGB80180,4,-0.5927650240433198,0.16959497705208879,-3.4951803074996737,0.00047374160196045345,29.401437363907675,1.8440194425872747e-06,89.7964172197829,-1.8529829943331186,2.186885717229143,4.039868711562262,0.0009627651910809216,True
s__GGB25836_SGB37823,4,-0.589081347192017,0.16963924732475255,-3.472553412503042,0.0005155324173471421,29.19376373719128,2.0390020439853274e-06,89.72383270959283,-1.8474978246021407,2.1704302080362115,4.017928032638352,0.0010439531451279626,True
s__Agrobacterium_tomkonis,4,-0.7315461460011282,0.21164876112529668,-3.456415913382317,0.000547409968011392,26.24555113222371,8.472468552511714e-06,88.56949132107702,-2.2523482630159006,3.0510097198105,5.303357982826401,0.0011045603269126663,True
s__GGB27187_SGB39409,4,-0.7297720897083353,0.21169721885933107,-3.4472445771394638,0.0005663356371101713,26.067269096214936,9.233052241208739e-06,88.49131457182213,-2.2486520527111735,3.0399210888963184,5.2885731416074915,0.0011386961214236422,True
s__Citrobacter_braakii,4,-0.9929600865625409,0.2882453167184877,-3.4448437805229175,0.0005713895203325325,6.464260857219574,0.09108267354879551,53.59098176476794,-1.2962107295722909,1.1974086968439879,2.493619426416279,0.0011447980849065228,True
s__Candidatus_Gastranaerophilales_bacterium,4,-0.9898424483425775,0.287587912312092,-3.441877790984466,0.0005776911726520506,6.784423166063919,0.07909576710177679,55.78106013483689,-1.3006701212963372,1.3817149749213593,2.6823850962176965,0.0011533482214567347,True
s__GGB28494_SGB41084,4,-0.7226121392490806,0.2116744208455745,-3.4137905579827095,0.0006406580488913516,26.076919411443367,9.190191805674708e-06,88.49557360412939,-2.2419541811486585,3.0198274742087734,5.2617816553574315,0.0012745723288470046,True
s__GGB25232_SGB37168,4,-0.7214021489844279,0.21167733812119272,-3.4080273088628874,0.0006543434570409623,26.05625081342936,9.282232078522412e-06,88.4864479487824,-2.2405688332733535,3.015671430582859,5.2562402638562125,0.0012928114121900944,True
s__Faecalibacillus_intestinalis,4,-0.917703264402498,0.2692783716137268,-3.408009558669349,0.0006543860234542453,16.67545567824858,0.0008240909652361683,82.00948712955896,-2.5849679829380476,3.769557141947614,6.354525124885662,0.0012928114121900944,True
s__GGB25377_SGB37325,4,-0.7176660488785921,0.21167239555484282,-3.3904564976336267,0.0006977632766920205,26.038083876609143,9.36389085615108e-06,88.47841487024705,-2.23681069061887,3.004397002619408,5.241207693238278,0.0013737214509874154,True
s__GGB25411_SGB37363,4,-0.7157886334717319,0.2116542717099171,-3.381876622139507,0.0007199247078983895,26.07951269065671,9.178708004875524e-06,88.49671757450136,-2.235501258936992,3.0004687075737735,5.2359699665107655,0.0014080091402096826,True
s__Arcobacter_caeni,4,-0.9232095737110356,0.27299416909960444,-3.381792280604331,0.0007201457683612134,8.500209856032907,0.036729633145055396,64.70675370595949,-1.291962462739171,2.5071473903776806,3.7991098531168515,0.0014080091402096826,True
s__GGB27469_SGB39758,4,-0.7154841579439833,0.21166741547820658,-3.3802281580636113,0.0007242568037983954,26.034184328977815,9.381512155237637e-06,88.47668910194818,-2.234692772977205,2.998043249694412,5.232736022671617,0.0014111807826587292,True
s__GGB27181_SGB39400,4,-0.7081185451056459,0.2116547871077413,-3.34562971517003,0.0008209594919692531,26.006988397147843,9.505328248393674e-06,88.46463898784603,-2.2273831465375697,2.9761143703755075,5.203497516913077,0.0015941233970772828,True
s__GGB93439_SGB131938,4,-0.8161020796412854,0.2443467606115489,-3.3399341067536663,0.0008379827010136509,25.13871888871792,1.4442901562494725e-05,88.06621764108124,-2.44444940994598,3.0252821624019925,5.469731572347973,0.0016183145481925211,True
s__GGB31685_SGB116318,4,-0.7066172389972086,0.2116404727671954,-3.338762334813379,0.0008415252917972627,26.03865233565504,9.361324857959374e-06,88.47866640205467,-2.226323472618006,2.972935348616815,5.199258821234821,0.0016183145481925211,True
s__Bacteroides_cellulosilyticus,4,-0.9494121644890908,0.28437329982046483,-3.3386121871796304,0.0008419802323047509,5.6144432309419265,0.13195164237840595,46.56638465116879,-1.2002472089661835,1.1036889412164217,2.3039361501826052,0.0016183145481925211,True
s__GGB6301_SGB60981,4,-0.5675838599806565,0.17036013173318687,-3.331670703739476,0.0008632633789771305,26.679219158962695,6.873157153863829e-06,88.75529309113168,-1.8010908646108426,2.031209328062315,3.8323001926731575,0.001653615999594706,True
s__Undibacterium_amnicola,4,-0.9262358979414627,0.27908225430754957,-3.3188634663985037,0.0009038461044812429,23.84933619717826,2.6856095965421822e-05,87.42103354492967,-2.0111667131730786,3.8524125862895042,5.863579299462582,0.0017255243812823728,True
s__Azonexus_hydrophilus,4,-1.0314395106866538,0.31091572391284245,-3.3174247275309643,0.0009085139219406901,8.180045296370063,0.04243363626335461,63.32538645805219,-1.3621232320748864,2.6823882965038193,4.044511528578706,0.0017286154152361454,True
s__GGB25454_SGB37409,4,-0.7013916117314727,0.21162828230472994,-3.3142621774981746,0.0009188530740567025,26.028608572096054,9.40676537974916e-06,88.4742206188611,-2.221247903641035,2.9577086416859024,5.178956545326937,0.0017424404447831114,True
s__GGB75623_SGB102995,4,-0.8784437745270939,0.2659456553778247,-3.303095037514724,0.0009562397388420685,17.669482127503642,0.0005145651580429345,83.0215737034516,-1.9370992232926338,1.6550772140050487,3.5921764372976828,0.0018072931064115093,True
s__Nitrospira_sp_ND1,4,-2.1281123571283755,0.6461337071849561,-3.293609872792478,0.000989096760468211,21.840091436932234,7.04242609922412e-05,86.26379377273618,-4.238268939434643,5.669730542585741,9.907999482020383,0.0018631822697191883,True
s__Candidatus_Nitrotoga_SGB102975,4,-0.8094720687071271,0.24589227851340223,-3.2919783963977025,0.0009948525359368965,25.74846516403872,1.0766790413674343e-05,88.34882009126542,-2.4901179979146617,1.5494251654765347,4.039543163391197,0.0018678191651530472,True
s__Nitrospira_defluvii,4,-0.9884444410893756,0.3006527831364679,-3.287661038017783,0.0010102339268811544,15.580289634171214,0.001382274148212792,80.74490224225165,-1.6806116528821562,2.418429010120553,4.099040663002709,0.0018904377443617643,True
s__Rhodoferax_sp_TS_BS_61_7,4,-0.9085976682628837,0.27651905222761847,-3.2858411054980965,0.0010167834903316297,6.729228381760909,0.08104769060212491,55.41836552714893,-1.4668091406219144,2.9822474504127143,4.449056591034629,0.0018964349967698487,True
s__Flavobacterium_succinicans,4,-0.5393725656835364,0.16450413433317665,-3.278778177034287,0.0010425755250504931,24.646909713536466,1.8300720270203463e-05,87.82808865343328,-1.1516792139129617,1.6030142476391789,2.7546934615521406,0.0019381649924709167,True
s__Tessaracoccus_sp_MC1627,4,-1.0112371486633691,0.30976948980605584,-3.264482726483155,0.0010966414960904558,29.134854537422306,2.09796569616838e-06,89.70305481996951,-2.5432522553029773,1.0006431701672438,3.543895425470221,0.0020320121839323153,True
s__GGB25583_SGB37553,4,-0.6858450356722787,0.21158412603896457,-3.241476799379439,0.001189121128934989,26.019573111617813,9.447831999409573e-06,88.47021821945076,-2.206402817491962,2.913173383238684,5.119576200730646,0.0021961943977398656,True
s__GGB28559_SGB41169,4,-0.6836413781035179,0.21157738383470312,-3.2311647195600988,0.0012328686906495356,26.019257963289,9.449267586503218e-06,88.47007856937063,-2.2043117482519206,2.906900175518561,5.111211923770481,0.002269599180513918,True
s__Zoogloea_oleivorans,4,-0.89339839032978,0.2779556089876896,-3.2141765139531606,0.001308192264159791,38.18591970910744,2.581554592318014e-08,92.14370107397338,-2.6986129562345558,2.979336968876546,5.677949925111102,0.002396821101938358,True
s__Salmonella_enterica,4,-0.6805764526876172,0.2117744429026005,-3.213685482344197,0.0013104312903013948,25.40322896421076,1.2715346324299048e-05,88.19047765846405,-2.194058141179066,2.8761393542999962,5.0701974954790625,0.002396821101938358,True
s__Parabacteroides_merdae,4,-0.9122564309281334,0.28410164082774136,-3.211021338244433,0.0013226411318243425,6.458692155840894,0.09130589615673812,53.55096778707805,-1.5284950181097263,1.4339954077095791,2.9624904258193054,0.0024113746679884315,True
s__Bacteroides_intestinalis,4,-0.7781453954149921,0.2428909174360237,-3.2036825568825638,0.0013568198888405103,27.9616121349799,3.7000485489935286e-06,89.27100488513318,-2.517275092971955,1.299213372685084,3.8164884656570393,0.0024657592210659274,True
s__GGB25229_SGB37165,4,-0.6724917978818302,0.21154865795075384,-3.178898908630178,0.0014783564074001276,25.99953339575734,9.539552627169101e-06,88.46133138493344,-2.1935230267261536,2.8745340109412583,5.068057037667412,0.0026780449935970363,True
s__GGB45969_SGB63701,4,-0.5627681133977298,0.17749483685252085,-3.170616809915038,0.0015211565975941088,13.568307123397329,0.003555731910875992,77.88965143023061,-1.4817749117049457,2.257341256510353,3.7391161682152987,0.002746801881642865,True
s__Enterococcus_aquimarinus,4,-1.0609817898685727,0.3356382154070793,-3.1610875674027747,0.0015718123731882638,6.004264384228756,0.11140293775417975,50.035511296271004,-1.440596657914164,1.518695794464264,2.959292452378428,0.002829262271738875,True
s__Acidovorax_temperans,4,0.8852766861231705,0.2804131882791924,3.157043688122642,0.001593774658400271,82.22598896773488,0.0,96.351518494746,-4.473440859102251,2.438157078857432,6.911597937959683,0.0028597159218764355,True
s__Tolumonas_auensis,4,-0.871828119439047,0.27673120156588593,-3.15045110383578,0.001630185414658758,9.686131945491805,0.021431488907927343,69.02788422785957,-1.7615280521326868,1.5844709431837327,3.3459989953164193,0.00291582059972087,True
s__Roseburia_inulinivorans,4,-0.7636676632997905,0.24301011584289353,-3.142534460555144,0.001674919960562793,27.917445382212122,3.7798722156701103e-06,89.25403109443717,-2.50061971007674,1.4466767600209554,3.9472964700976956,0.0029864138919468665,True
s__Dysgonomonadaceae_bacterium_zrk40,4,-0.6638914326855724,0.21153655745500397,-3.138424112942223,0.0016985891148186827,25.953021886650312,9.755869777916537e-06,88.44065244847985,-2.1848297164478616,2.848454080106384,5.033283796554246,0.003019122345147941,True
s__Eubacterium_rectale,4,-1.5189111958264934,0.48527096063970476,-3.1300269726096945,0.0017479025313165142,12.81527442162795,0.005053601722554202,76.59043496612924,-2.620043632099493,3.0600762795750587,5.680119911674552,0.003097064797676449,True
s__Megamonas_funiformis,4,-0.8806198647274388,0.28154028566172784,-3.1278644995960128,0.0017608133731408238,6.949737201249297,0.07351719135574686,56.83290010648583,-1.3515394102501883,2.390510338867316,3.742049749117504,0.003110221752557156,True
s__Bacteroides_eggerthii,4,-0.7493854033346931,0.24248760094770716,-3.090407098779039,0.0019988232329162248,27.855487984961595,3.894752836575144e-06,89.23012943941382,-2.4854331122837046,1.7487765807136473,4.234209692997352,0.003519666997091613,True
s__Haliscomenobacter_hydrossis,4,-0.8203401023256991,0.2655664336155333,-3.0890202920498777,0.0020081772233675466,33.271475297803185,2.822778487621136e-07,90.983267278809,-2.5805406396008994,2.8749587701915456,5.455499409792445,0.003525190358047675,True
s__GGB38799_SGB54900,4,-0.576982531069725,0.1871687137569444,-3.0826868416640893,0.0020514090618044545,25.289942272132606,1.3428463580322791e-05,88.13757671837097,-1.648124602529226,1.6234682777472664,3.2715928802764926,0.0035899658581577953,True
s__Rivicola_pingtungensis,4,-0.8473095867353508,0.27506672637519775,-3.0803783427429163,0.0020673779405555592,8.735401451504979,0.03302379656157617,65.65698764212897,-1.3729570159860671,1.4851947591676642,2.8581517751537313,0.0036067793609076988,True
s__GGB43787_SGB61137,4,-0.7410569094461149,0.24097168344656275,-3.0752862695190895,0.002103005956350046,25.415479409568007,1.2640531402707822e-05,88.19616993386083,-2.39728255259679,2.693331082266599,5.090613634863389,0.0036576821388051408,True
s__GGB43987_SGB61359,4,-0.6477386577671038,0.2114739686892702,-3.0629711154608357,0.0021915121210058786,25.97703628640606,9.643578975593314e-06,88.4513384555346,-2.1698614755174552,2.803549357315164,4.973410832832619,0.0037999613841294593,True
s__GGB43779_SGB93081,4,-0.9115730129702452,0.29928858975476585,-3.0457994196076075,0.002320625898833306,15.631201884748872,0.0013494917919638638,80.80761785229673,-1.5796967277218177,2.275323273107232,3.85502000082905,0.0040115697702392825,True
s__GGB47282_SGB65238,4,-0.6375216505545122,0.21147734849340555,-3.014609626498092,0.0025731020287604878,25.868179960299372,1.0163131720530849e-05,88.40274033734036,-2.1588799363806315,2.770604739904693,4.929484676285325,0.00443449498573616,True
s__Proteus_mirabilis,4,-0.6346729428146645,0.2110121235051506,-3.007755821191822,0.0026318450897384604,27.164785961969187,5.437140045527755e-06,88.95629067646617,-2.1720200460032517,2.8100250687725534,4.982045114775805,0.004521988381459718,True
s__GGB24999_SGB36914,4,-0.6314139396280145,0.21143141371714563,-2.98637713538975,0.0028230425332735898,25.935081620272385,9.84060811526355e-06,88.43265641525869,-2.153950513684622,2.7558164718166647,4.909766985501287,0.004835846273009443,True
s__Pseudomonas_sp_DG56_2,4,-0.6270187539513306,0.21129696477187124,-2.9674763886376563,0.0030025534290571976,26.26043734596125,8.411862025714534e-06,88.57597091595511,-2.153855532010346,2.755531526793837,4.9093870588041835,0.0051278548020344305,True
s__Uruburuella_suis,4,-1.0489520785870252,0.3562778069205548,-2.9441970793901504,0.003237937416524117,13.40051409534242,0.0038458702847121717,77.61279919072133,-2.315417737768912,2.31510095369971,4.630518691468621,0.005513244790297821,True
s__Klebsiella_huaxiensis,4,-0.8411792614456959,0.28759666173061077,-2.924857529235235,0.003446139574022178,5.204026951512263,0.157452575335848,42.35233545190968,-1.1342293665080898,0.8888191726002382,2.023048539108328,0.005850183049313098,True
s__Macellibacteroides_fermentans,4,-0.4437123945050003,0.15181819710936692,-2.9226561963804536,0.003470594981935804,474.09666724156307,0.0,99.3672176568009,-2.9151083700155938,4.070528847438988,6.985637217454581,0.005874111506739107,True
s__Comamonas_denitrificans,4,-1.31559699463022,0.4511008842606648,-2.916414133806072,0.0035408017009708193,32.944907189718414,3.3080133110541254e-07,90.89388844617461,-2.6323120432795895,4.849072751232785,7.481384794512374,0.005962639953904606,True
s__GGB4567_SGB6308,4,-0.7047438636321783,0.2416702375147671,-2.916138416047675,0.0035439323888286633,28.003047320494243,3.6266913409077617e-06,89.28688022533738,-2.4545590019271812,1.2759191426390846,3.730478144566266,0.005962639953904606,True
s__Aquaspirillum_serpens,4,-0.7637408042225868,0.26222506683676855,-2.9125392680250695,0.0035850312200969014,8.466011058064375,0.03730126761340358,64.56418519389574,-1.4501107168902347,3.352334273819496,4.802444990709731,0.0060139429047187665,True
s__Lactococcus_lactis,4,-0.6927837550412627,0.23962062047827107,-2.891169189273027,0.003838114320775299,29.649466064339144,1.6353787568590405e-06,89.88177394665381,-2.4424364814731017,2.4396500131713696,4.882086494644471,0.0064195009435976235,True
s__GGB25734_SGB37713,4,-0.6647290556292444,0.2369073125074458,-2.8058612821769806,0.0050182290575104815,25.30168078915931,1.3352757196938292e-05,88.14308019692758,-2.2946900519535336,2.7687748785924056,5.063464930545939,0.008368634928260127,True
s__GGB56727_SGB78161,4,-0.8581166579934385,0.3066688609230099,-2.7981864719185534,0.0051390434484492875,15.441855716118553,0.0014754625817413602,80.57228318181646,-1.8013688841300826,1.2809363010984738,3.0823051852285563,0.008544978402553508,True
s__Pseudomonas_alcaligenes,4,-0.7958266166247653,0.28570072409888403,-2.785525374970073,0.005344105704060631,3.44945018067034,0.32737768489113195,13.029617971841454,-1.0295550108777856,1.1823345129314087,2.2118895238091945,0.008859964719889995,True
s__GGB44582_SGB62026,4,-0.48748963302859094,0.1762224113413929,-2.7663316448677175,0.005669084838365812,15.816652527672208,0.0012364740387265094,81.0326490086868,-1.4389695870521313,2.12892528255191,3.567894869604041,0.009367749896984792,True
s__Prevotella_paludivivens,4,-0.734959084251256,0.2658374902654876,-2.7646931345810715,0.005697636717368004,9.260532686761213,0.02602020732310162,67.60445536476776,-1.7066486742118971,1.9439913338292132,3.65064000804111,0.009367749896984792,True
s__Bacteroides_luti,4,-0.4688716368375054,0.1696007872369607,-2.7645604980737097,0.005699953641022493,27.85708859735097,3.891741621853129e-06,89.23074825455636,-1.7201854154931513,1.7884929807092413,3.5086783962023924,0.009367749896984792,True
s__Oscillospiraceae_bacterium_CLA_AA_H250,4,-0.7645013337858044,0.27930621281984047,-2.737144032950413,0.006197515180111246,30.801336314662578,9.359859083346578e-07,90.26016284049373,-2.4181837341476067,2.0133190636160765,4.431502797763683,0.010156043662205422,True
s__GGB45217_SGB62738,4,-0.47859136990225465,0.17604421582505164,-2.7185861668858626,0.006556157689729503,16.119761312171537,0.001071640163118781,81.38930259634309,-1.4345117429510188,2.115551750248572,3.550063493199591,0.010712799452670398,True
s__Bifidobacterium_merycicum,4,-0.5734665401694915,0.21122406315339193,-2.7149678479247763,0.006628220513848593,25.8803897327868,1.0103493748081505e-05,88.40821165764972,-2.098840586195731,2.590486689349992,4.689327275545724,0.010799428251011932,True
s__Dialister_invisus,4,-0.9830720600087194,0.3640070975334626,-2.70069475752007,0.006919481134262329,4.902538877736458,0.179074424812535,38.80721652971114,-1.4561673738842313,1.3238934435978804,2.780060817482112,0.011241678518987795,True
s__Kaistella_chaponensis,4,-0.4539142596477564,0.16952966221034588,-2.6774916774420103,0.007417569531972257,27.85572346036389,3.894309693497355e-06,89.23022048137173,-1.7061539830224581,1.7463986832971623,3.4525526663196207,0.012008453748336444,True
s__Bacteroides_xylanisolvens,4,-0.7586080593316877,0.283405420772138,-2.676759171595449,0.007433804701351132,7.366409456727567,0.06109216664585437,59.27459615674538,-1.8688119154461103,1.6971226756737343,3.5659345911198446,0.012008453748336444,True
s__GGB25719_SGB61051,4,-0.8104582593016247,0.3029445206321546,-2.675269576127143,0.007466918253090649,27.22777385272473,5.27426995389213e-06,88.98183885239011,-2.2535633921465203,1.676835788792331,3.9303991809388514,0.012027677981540903,True
s__GGB75360_SGB102770,4,-0.454612691317097,0.17004802646454997,-2.6734370328718304,0.00750783693575352,26.73325878642349,6.696246139914486e-06,88.77802356993772,-1.6927763789143548,1.7062658709728522,3.399042249887207,0.012059330148929875,True
s__GGB75267_SGB103593,4,-1.2155858476265593,0.45548762930177666,-2.6687571065101103,0.0076132484761988195,12.11468206038511,0.007000457206657096,75.23665924498366,-2.3088979707630877,2.8648785266760477,5.173776497439135,0.01219410137289472,True
s__Azospira_oryzae,4,-0.7185099940083152,0.26994407655713937,-2.661699427422803,0.007774726973868384,5.592159833666438,0.13322917903687204,46.353464685699386,-1.2367725309995126,1.1044349303738064,2.341207461373319,0.012417662518826407,True
s__GGB41952_SGB59058,4,-0.5620072924444369,0.211329518503768,-2.6593885057965356,0.007828263523810719,25.51335666839339,1.2058333697662071e-05,88.24145313769522,-2.0832036216830048,2.543575795811813,4.626779417494818,0.012468048926968196,True
s__Flavobacterium_celericrescens,4,-0.6395190703587939,0.24196944037992488,-2.642974539903312,0.008218121465091821,26.695748173495506,6.818556412935273e-06,88.76225539549213,-2.3135767044458264,2.5253508851791446,4.838927589624971,0.013052310562204657,True
s__GGB75286_SGB102868,4,-0.46401014923628386,0.17573930868208656,-2.640332164249496,0.00828248053242997,16.632898868075365,0.0008408496240768226,81.96345673839153,-1.4274774343801824,2.0944488245360624,3.5219262589162446,0.013117783413094395,True
s__Ferribacterium_limneticum,4,-0.7267418889205977,0.2759293667162951,-2.6337968211546645,0.008443599786577272,10.14848512589332,0.017345223929773557,70.43893780416882,-2.027370517961046,2.74186997339296,4.769240491354006,0.013335713311947946,True
s__Aerococcus_urinaeequi,4,-0.5545905740842902,0.21120387110932376,-2.6258542098275366,0.00864318284036214,25.731327127542322,1.0856085655430725e-05,88.34105996503827,-2.079199364834297,2.5315630252656898,4.610762390099987,0.013613012973570371,True
s__GGB44369_SGB61784,4,-0.4611288531778498,0.17567716540031447,-2.6248650593096623,0.008668331353981928,16.73667204988199,0.0008005646502825536,82.07528957334648,-1.4261267437876348,2.09039675275842,3.5165234965460552,0.013614802985340037,True
s__Odoribacter_splanchnicus,4,-0.6324585807634959,0.24108957987204227,-2.623334368491462,0.008707377102413538,27.515786305736874,4.589391325304781e-06,89.09716783425333,-2.377972842548366,1.383575282861378,3.7615481254097443,0.013638350323393581,True
s__Flavobacterium_sasangense,4,-0.6926988242718216,0.2681879548740045,-2.5828856653806604,0.009797778681115199,6.269725726244083,0.09920000849749933,52.15101695051072,-1.084425114122667,2.334053172596673,3.41847828671934,0.015303968353146881,True
s__Collinsella_aerofaciens,4,-0.9975265729657957,0.3890109755886774,-2.5642633127671317,0.010339507187542507,16.692204466541785,0.0008175867518415147,82.02753862730795,-1.6741295399351128,3.959418475333412,5.633548015268525,0.01610577081136429,True
s__Leuconostoc_citreum,4,-0.5951231089077473,0.23817706333713165,-2.4986583534509808,0.01246644317143386,27.499095543616438,4.626540365038068e-06,89.09055028649328,-2.2671743174577075,2.659865474870961,4.927039792328669,0.01936568021425479,True
s__Coprococcus_comes,4,-0.7085564478379817,0.2845475333275904,-2.4901162893661195,0.012770130431656534,30.97568837737927,8.601265991670104e-07,90.3149852121097,-2.422880406244765,1.2140808164889119,3.636961222733677,0.01978323484904168,True
s__Sphingobium_xenophagum,4,-0.5654942864023673,0.22800029801467012,-2.480234856385942,0.013129587126509357,23.964593294173966,2.5408779538493853e-05,87.48153176157038,-2.2163362810174423,2.3357340728359004,4.552070353853343,0.020284675478830533,True
s__GGB55003_SGB76235,4,-0.41881050791787594,0.16954495887885596,-2.4702032468988144,0.013503630514844378,27.44097134906506,4.75826554069414e-06,89.06744239539387,-1.6680545165721068,1.6321002839461078,3.3001548005182144,0.020805865494339028,True
s__GGB42932_SGB60155,4,-0.5172057748519319,0.2110403571761487,-2.450743458608898,0.014256151816704143,25.69984603973692,1.1022041849328978e-05,88.32677831858828,-2.0439153038330913,2.4257108422620726,4.469626146095164,0.021905794254935634,True
s__Sulfurospirillum_sp_UCH001,4,-0.6719785894229523,0.27482709553368845,-2.4450958451459557,0.01448136519706611,6.4378536636952015,0.09214588728267736,53.400618331575146,-1.093004661702534,1.6356871379659523,2.7286917996684865,0.022191713693882387,True
s__Simplicispira_SGB61893,4,-1.1345854326155296,0.4647481251596589,-2.441291037431847,0.01463485517628027,10.85297367895994,0.012548057699591442,72.35780636033482,-2.5191899299644307,2.6260648316225117,5.145254761586942,0.022360822736383817,True
s__GGB35206_SGB49924,4,-0.4136273436997971,0.16949090893104768,-2.4404102043494795,0.014670592694770335,27.49233766247099,4.64166672142774e-06,89.08786863877634,-1.6638838617775826,1.6195883195625356,3.283472181340118,0.022360822736383817,True
s__Brotolimicola_acetigignens,4,-0.5847965372043017,0.2420480687948696,-2.416034716227808,0.015690565270501278,26.83560141980919,6.373555372696238e-06,88.82082069610149,-2.307780375317624,1.5715860338114336,3.8793664091290574,0.0238513418455073,True
s__Stenotrophomonas_rhizophila,4,-0.582680480438745,0.24262111884073945,-2.4016066005417533,0.016323252302478997,26.67507869650371,6.886902617964097e-06,88.75354770595969,-2.3029424571208077,1.3795045093153615,3.682446966436169,0.024746748811512276,True
s__GGB46510_SGB64371,4,-1.5057043142669295,0.6293504801004568,-2.39247344981224,0.016735238855689172,14.164626138022173,0.002689420563734557,78.8204787703709,-3.4531672661920343,4.111133042212272,7.564300308404306,0.025303681149802026,True
s__Trichococcus_flocculiformis,4,-1.3102563615819454,0.5496524943352398,-2.383790440479297,0.017135356963562165,10.92104809585444,0.012160549511119889,72.5301090731504,-2.6784797913937246,2.5246627547611964,5.203142546154921,0.02583975371898869,True
s__GGB42087_SGB59228,4,-0.40321221350401815,0.16949595126496797,-2.378889940997402,0.01736485975280644,27.371929630099764,4.919602144770607e-06,89.03986660589312,-1.6525488743506538,1.5855833572817497,3.2381322316324033,0.02611638058313329,True
s__GGB73886_SGB39359,4,-0.4015803591982254,0.1697446592467303,-2.365790835365919,0.017991605850133707,26.903306399602016,6.16865087976759e-06,88.84895426814758,-1.6446082540300202,1.5617614963198487,3.206369750349869,0.02698740877520056,True
s__Acinetobacter_sp_ANC_4862,4,-0.49943484838325963,0.21155877293166422,-2.360738065656027,0.018238607723863653,24.493748385445528,1.9700252222532022e-05,87.75197673793924,-2.0097357272899368,2.3231721126326086,4.332907839922545,0.027285727122508423,True
s__Alistipes_putredinis,4,-1.050091450610105,0.4461578238809412,-2.3536322673349006,0.018590992493173975,6.600812393370351,0.08577038291809791,54.55104885251539,-1.8494269778926196,1.2475681003196986,3.096995078212318,0.0277397177463938,True
s__Psychrobacter_fulvigenes,4,-0.49549920116717705,0.21100681461318962,-2.3482616050837457,0.01886126881333694,25.535812651200704,1.1928576804542956e-05,88.25179350672069,-2.0214091651291954,2.358192426150384,4.379601591279579,0.028069132328509303,True
s__Enorma_massiliensis,4,-0.48852031800501877,0.21078332400853872,-2.3176421583769553,0.02046877698789551,25.911848831289714,9.95143656046249e-06,88.42228503441495,-2.0203846405783508,2.355118852497851,4.375503493076202,0.03038166636685014,True
s__GGB45764_SGB63487,4,-0.40118365018236357,0.17424539310176876,-2.3024060667592545,0.021312283167991275,19.062090708242426,0.0002654346432487964,84.26195716977254,-1.4008281538826781,2.01450098304355,3.4153291369262284,0.0315510823923004,True
s__Moraxellaceae_bacterium_AER2_44_116,4,-0.7472180459479739,0.3253996024718011,-2.296309031332413,0.021658218084514624,4.30791636649549,0.23007705958155789,30.36076504798736,-0.9691139305268263,1.7320007916590208,2.701114722185847,0.03197971264041612,True
s__Aliarcobacter_skirrowii,4,-0.4846260212772678,0.21151533031298028,-2.2912099116416966,0.021951275984861907,24.461612657942936,2.000717337835578e-05,87.73588625594614,-1.9952431343786365,2.279694333898708,4.274937468277344,0.032328242814069354,True
s__Methanoculleus_SGB45879,4,-0.386234621990625,0.16951229333756734,-2.2785050829409528,0.022696502004104113,27.168552368587267,5.427261607682254e-06,88.95782167816697,-1.6338866039867745,1.5295965461901122,3.1634831501768867,0.033339162270277285,True
s__Candidatus_Saccharibacteria_bacterium_CAG1,4,-0.5818090850044734,0.25562037907413043,-2.276066904805534,0.022842005528483478,9.783725952784124,0.020496900417648845,69.33683532758499,-1.3224353073065642,3.0345019122486088,4.3569372195551725,0.03346619414638277,True
s__GGB69468_SGB93649,4,-0.3946213428286584,0.17407301066531283,-2.266987520468581,0.02339098808157769,19.334588881834655,0.00023312449468515517,84.4837662784825,-1.3983656751221065,2.0071135467618353,3.405479221883942,0.03418219134601688,True
s__GGB40024_SGB62250,4,-0.3828546615443548,0.16979238130543808,-2.2548400499527763,0.02414337039818859,26.66899588135805,6.907146025914024e-06,88.75098255162641,-1.6235860194577334,1.4986947926029879,3.1222808120607213,0.03519097947499468,True
s__Oliverpabstia_intestinalis,4,-0.696477019193366,0.3117140584996151,-2.2343458698839087,0.025460324384600774,21.475563265324094,8.38536222536046e-05,86.03063415410386,-2.4541597969688835,2.316283717726876,4.77044351469576,0.037015394682227275,True
s__Zoogloea_ramigera,4,-0.9711007608542405,0.43498994397301904,-2.2324671508141223,0.025584103963139038,7.400199189832539,0.060178979645864716,59.46055068190823,-1.6766577000987728,2.2249830976314833,3.901640797730256,0.03710022237109932,True
s__Leclercia_adecarboxylata,4,-0.3747256956529704,0.16898199907194614,-2.217548009320368,0.026585666154723464,27.972882206753624,3.6799506073492694e-06,89.27532751960862,-1.6343935075196023,1.5311172567885947,3.165510764308197,0.03845426711665358,True
s__Flavobacterium_sp_HXWNR29,4,0.7233771288185745,0.32729207321538845,2.210188354737591,0.027092092840775406,87.03429411852505,0.0,96.55308286189518,-2.731995322860442,3.829231793269278,6.56122711612972,0.03908706524356147,True
s__GGB42928_SGB123144,4,-0.4672199201361266,0.21157019811891806,-2.208344673731007,0.027220255384450942,24.236547063776566,2.2294535193978504e-05,87.62199915645684,-1.9752826556150886,2.2198128976080644,4.195095553223153,0.03917229645427331,True
s__GGB35775_SGB48092,4,-0.46183470926150944,0.21080511798945611,-2.1908135517118192,0.028465287546714846,25.5582350343963,1.1800403274975224e-05,88.26210027428499,-1.9905908494481228,2.2657374791071665,4.2563283285552895,0.04086029883287929,True
s__GGB28558_SGB41168,4,-0.45964946389268285,0.21141256961304528,-2.17418228601068,0.029691448160205747,24.44857951776902,2.013300444569932e-05,87.72934845634028,-1.9714788172455315,2.2084013824993924,4.1798801997449235,0.042512755320294596,True
s__GGB91291_SGB134920,4,-0.5250161542785172,0.24220694979994548,-2.167634556779491,0.03018650232432285,23.79212472909148,2.7604745115650253e-05,87.39078567316103,-2.1417527331794766,2.2338578291780715,4.375610562357548,0.04311271238763491,True
s__Pseudomonas_veronii,4,-0.5251485147504162,0.24488364499454698,-2.144481779345085,0.03199430383728252,24.365278163672794,2.0956099899493985e-05,87.68739687744332,-2.189386435566528,1.2252255543499628,3.414611989916491,0.04557841397682048,True
s__Ruthenibacterium_lactatiformans,4,-0.45282231057443084,0.21125459619834547,-2.1434909285915804,0.03207369872442922,24.661864340004502,1.8169499812592527e-05,87.83546953855537,-1.9684305733971406,2.1992566509542204,4.167687224351361,0.04557841397682048,True
s__Lactobacillus_gasseri,4,-0.4507585220763713,0.21150106801867927,-2.131235205093912,0.033069770053567815,24.233120690680185,2.2331300440159296e-05,87.62024900427386,-1.9596600449268364,2.172945065543308,4.132605110470145,0.046876399050932376,True
